:020000040000fa
:020000040040ba
:10c00000f8ff4520ed674300452f44004b2f4400c7
:10c01000572f44005d2f4400632f440000000000b0
:10c02000000000000000000000000000910e44002d
:10c03000512f44000000000091994300d1d14300ea
:10c040000763410007634100076341000763410044
:10c050000763410007634100076341000763410034
:10c0600007634100000000000763410007634100cf
:10c0700007634100c1ae420007634100f1a54200e1
:10c080000763410007634100076341000763410004
:10c0900007634100076341000763410007634100f4
:10c0a00007634100076341000763410007634100e4
:10c0b00007634100076341000763410007634100d4
:10c0c00007634100076341001f2e440007634100de
:10c0d000076341004d8b4200076341000763410045
:10c0e00007634100076341000763410007634100a4
:10c0f0009d624300076341000763410007634100fd
:10c10000076341000763410035e3430007634100d3
:10c1100007634100076341000000000000000000c9
:10c120000763410007634100076341000763410063
:10c1300007634100076341000000000007634100fe
:10c140000763410007634100076341000763410043
:10c150000763410007634100076341000763410033
:08c16000076341000763410081
:020000040000fa
:020000040040ba
:10c16800f8b500bff8bc08bc9e467047d9e143004b
:10c17800f8b500bff8bc08bc9e467047b5e143005f
:020000040000fa
:020000040040ba
:08c1880068f70000010000004f
:020000040000fa
:020000040040ba
:10c19000556c746973000000646576005072696eb6
:10c1a00074206c697374206f6620646576656c6fab
:10c1b00070657220636f6d6d616e647300000000c6
:10c1c00068656c70000000005072696e74206c69c4
:10c1d0007374206f6620636f6d6d616e6473205b96
:10c1e0004669726d776172653a20315d000000002a
:10c1f000636c7300436c65617273207468652063bf
:10c200006f6e736f6c65000054696d65000000000f
:10c210007274635f736574005365742052544320d5
:10c2200074696d653a207274635f736574203c684d
:10c230003e203c6d3e203c733e203c44443e203c2e
:10c240004d4d3e203c59593e000000007274635f22
:10c2500067657400476574205254432e20557361fe
:10c2600067653a207274635f676574203c68617229
:10c27000647c736f66747c776f726b7c65706f63c0
:10c28000687c616c6c3e000065706f63685f73650d
:10c2900074000000536574205254432074696d6526
:10c2a0002062792065706f63683a207274635f73ef
:10c2b000657465706f6368203c65706f63683e00ed
:10c2c00053797374656d00006f735f7374617400ec
:10c2d000436865636b204672656552544f53207402
:10c2e00061736b733a206f735f7374617400000045
:10c2f000646d6573670000005072696e7420646d30
:10c30000657367206c6f67733a20646d657367208f
:10c310005b4e5d004652414d000000006672616d4b
:10c320005f69640052656164204652414d20494472
:10c330003a206672616d5f69640000006672616d2b
:10c340005f7772697465000057726974652062795d
:10c3500074653a206672616d5f7772697465203c1e
:10c36000616464723e203c76616c313e205b766194
:10c370006c325d202e2e2e006672616d5f726561db
:10c3800064000000526561642062797465733a202c
:10c390006672616d5f72656164203c616464723ec7
:10c3a000203c6c656e3e00006672616d5f77737451
:10c3b00072000000577269746520737472696e6749
:10c3c0003a206672616d5f77737472203c616464b9
:10c3d000723e203c737472696e673e006672616dd6
:10c3e0005f7273747200000052656164207374722e
:10c3f000696e673a206672616d5f72737472203c79
:10c40000616464723e203c6d61786c656e3e000034
:10c410006672616d5f7465737400000052756e2002
:10c420004652414d20746573743a206672616d5fa7
:10c43000746573740000000043414e0063616e5fd9
:10c4400073656e64000000005261772043414e3aec
:10c450002063616e5f73656e64203c69643e205b9f
:10c460006578745d205b62302062312e2e2e5d0077
:10c47000435350006373705f70696e670000000083
:10c480004353502070696e673a206373705f706920
:10c490006e67203c646573745f616464723e205b08
:10c4a00074696d656f75745f6d735d006373705f44
:10c4b00073656e64000000004353502073656e6422
:10c4c0003a206373705f73656e64203c61646472cc
:10c4d0003e203c706f72743e203c646174612e2e6d
:10c4e0002e3e00006373705f696e666f000000008f
:10c4f000435350207374617475733a206373705f93
:10c50000696e666f00000000506172616d0000008e
:10c51000706172616d5f73686f77000053686f7749
:10c5200020616c6c206669656c6473206f662061a5
:10c53000207461626c653a20706172616d5f73682e
:10c540006f77203c7461626c655f696420302d34c4
:10c550003e000000706172616d5f736574000000e1
:10c560005365742061206669656c6420696e206182
:10c57000207461626c653a20706172616d5f7365f1
:10c5800074203c7461626c655f69643e203c616448
:10c5900064723e203c747970653e203c76616c7517
:10c5a000653e00004c4544006c65645f7365740033
:10c5b000436f6d6d656e7420666f6c6c6f77696e1e
:10c5c000673a206c65645f73657400006c65645f36
:10c5d0007265736574000000436f6d6d656e742045
:10c5e000666f6c6c6f77696e673a206c65645f721a
:10c5f0006573657400000000534f4c00736f6c5fef
:10c6000073696e676c655f6f6e0000005475726ec3
:10c61000206f6e2073696e676c6520736f6c656e3a
:10c620006f69643a20736f6c5f73696e676c655fe6
:10c630006f6e203c696e6465783e0000736f6c5fbe
:10c6400073696e676c655f6f666600005475726e25
:10c65000206f66662073696e676c6520736f6c650a
:10c660006e6f69643a20736f6c5f73696e676c6597
:10c670005f6f6666203c696e6465783e000000006e
:10c68000736f6c5f73696e676c655f6765740000dc
:10c69000476574207374617475732073696e676c79
:10c6a0006520736f6c656e6f69643a20736f6c5fa1
:10c6b00073696e676c655f676574203c696e64655d
:10c6c000783e000072657365740000005265736502
:10c6d00074204d43553a2072657365740000000064
:10c6e000485452006865617465725f736574000038
:10c6f000436f6d6d656e7420666f6c6c6f77696edd
:10c70000673a206865617465725f736574203c6385
:10c7100068616e6e656c3e203c647574793e2000e5
:10c72000504f574552000000706f7765725f736f0e
:10c730006d5f6f6e00000000706f7765725f736fe2
:10c740006d5f6f6e3a20656e61626c65206566751f
:10c75000736520666f72207475726e206f6e207321
:10c760006f6d0000706f7765725f736f6d5f6f66de
:10c7700066000000706f7765725f736f6d5f6f6644
:10c78000663a2064697361626c65206566757365dd
:10c7900020666f72207475726e206f666620736fec
:10c7a0006d000000706f7765725f736f6d5f676516
:10c7b00074000000706f7765725f736f6d5f6765ff
:10c7c000743a2067657420706f77657220737461a6
:10c7d000747573206f6620736f6d0000706f7765de
:10c7e000725f6275636b5f706572695f6f6e000088
:10c7f000706f7765725f6275636b5f706572695f9a
:10c800006f6e3a20656e61626c6520656675736552
:10c8100020666f72207475726e206f6e2062756371
:10c820006b20706572690000706f7765725f62756a
:10c83000636b5f706572695f6f666600706f7765c6
:10c84000725f6275636b5f706572695f6f66663a8f
:10c850002064697361626c65206566757365206626
:10c860006f72207475726e206f6666206275636bde
:10c870002070657269000000706f7765725f627585
:10c88000636b5f706572695f67657400706f776571
:10c89000725f6275636b5f706572695f6765743a3a
:10c8a0002067657420706f7765722073746174758a
:10c8b00073206f66206275636b207065726900007b
:10c8c000706f7765725f7465635f6f6e0000000064
:10c8d000706f7765725f7465635f6f6e3a20656e27
:10c8e00061626c6520656675736520666f72207481
:10c8f00075726e206f6e207465630000706f7765cf
:10c90000725f7465635f6f6666000000706f7765c5
:10c91000725f7465635f6f66663a20646973616213
:10c920006c6520656675736520666f72207475721c
:10c930006e206f666620746563000000706f776517
:10c94000725f7465635f676574000000706f776580
:10c95000725f7465635f6765743a20676574207001
:10c960006f77657220737461747573206f662074bd
:10c9700065630000706f7765725f6864345f6f6e27
:10c9800000000000706f7765725f6864345f6f6edf
:10c990003a20656e61626c65206566757365206618
:10c9a0006f72207475726e206f6e206864340000a0
:10c9b000706f7765725f6864345f6f666600000051
:10c9c000706f7765725f6864345f6f66663a206483
:10c9d000697361626c6520656675736520666f7248
:10c9e000207475726e206f666620686434000000e3
:10c9f000706f7765725f6864345f6765740000000c
:10ca0000706f7765725f6864345f6765743a20673a
:10ca1000657420706f77657220737461747573200c
:10ca20006f66206864340000706f7765725f736fa3
:10ca30006c656e6f69645f6f6e000000706f776584
:10ca4000725f736f6c656e6f69645f6f6e3a2065bd
:10ca50006e61626c6520656675736520666f722015
:10ca60007475726e206f6e20736f6c656e6f696483
:10ca700000000000706f7765725f736f6c656e6f9a
:10ca800069645f6f66660000706f7765725f736fd1
:10ca90006c656e6f69645f6f66663a206469736186
:10caa000626c6520656675736520666f72207475ab
:10cab000726e206f666620736f6c656e6f696400be
:10cac000706f7765725f736f6c656e6f69645f67b7
:10cad00065740000706f7765725f736f6c656e6f61
:10cae00069645f6765743a2067657420706f776565
:10caf0007220737461747573206f6620736f6c6538
:10cb00006e6f696400000000706f7765725f6c7013
:10cb10005f6f6e00706f7765725f6c705f6f6e3afb
:10cb200020656e61626c6520656675736520666f51
:10cb300072207475726e206f6e206c7000000000a1
:10cb4000706f7765725f6c705f6f666600000000e3
:10cb5000706f7765725f6c705f6f66663a206469ac
:10cb60007361626c6520656675736520666f7220ff
:10cb70007475726e206f6666206c7000706f7765da
:10cb8000725f6c705f67657400000000706f77659e
:10cb9000725f6c705f6765743a2067657420706fb0
:10cba00077657220737461747573206f66206c7082
:10cbb00000000000706f7765725f68656174657270
:10cbc0005f6f6e00706f7765725f68656174657224
:10cbd0005f6f6e3a20656e61626c65206566757385
:10cbe0006520666f72207475726e206f6e206865a6
:10cbf0006174657200000000706f7765725f686530
:10cc0000617465725f6f666600000000706f776523
:10cc1000725f6865617465725f6f66663a20646909
:10cc20007361626c6520656675736520666f72203e
:10cc30007475726e206f6666206865617465720037
:10cc4000706f7765725f6865617465725f67657440
:10cc500000000000706f7765725f686561746572cf
:10cc60005f6765743a2067657420706f776572201e
:10cc7000737461747573206f662068656174657282
:10cc800000000000706f7765725f616c6c5f6f6ea3
:10cc900000000000706f7765725f616c6c5f6f6e93
:10cca0003a20656e61626c65206566757365206605
:10ccb0006f72207475726e206f6e20616c6c2072c2
:10ccc00061696c7300000000706f7765725f616c62
:10ccd0006c5f6f6666000000706f7765725f616cf5
:10cce0006c5f6f66663a2064697361626c6520658b
:10ccf0006675736520666f72207475726e206f663c
:10cd00006620616c6c207261696c7300706f77656e
:10cd1000725f616c6c5f676574000000706f7765af
:10cd2000725f616c6c5f6765743a20676574207030
:10cd30006f77657220737461747573206f662061fc
:10cd40006c6c207261696c7300000000424d5033be
:10cd500039300000626d703339305f696e745f7214
:10cd600065616400626d703339305f636f6e6e654c
:10cd700063746f725f726561643a207265616420ea
:10cd800076616c756520424d5033393020636f6e8b
:10cd90006e6563746f720000626d703339305f6569
:10cda00078745f7265616400626d703339305f65fd
:10cdb00078745f656e610000626d703339305f6357
:10cdc0006f6e6e6563746f725f656e61626c653afb
:10cdd00020656e61626c6520737769746368206991
:10cde000326320666f7220626d7033393020636f5a
:10cdf0006e6e6563746f7200626d703339305f659b
:10ce000078745f6469730000626d703339305f63fa
:10ce10006f6e6e6563746f725f64697361626c6577
:10ce20003a2064697361626c652073776974636822
:10ce30002069326320666f7220626d703339302052
:10ce4000636f6e6e6563746f7200000054455354d7
:10ce5000000000006563686f000000006563686f94
:10ce6000203c746578743e00657870616e6465720c
:10ce70005f77726974650000657870616e646572d1
:10ce80005f7772697465203c76616c3e000000003b
:10ce9000657870616e6465725f7265616400000040
:10cea000544543007465635f696e69740000000057
:10ceb0007465635f766f6c007465635f656e000018
:10cec0007465635f7377656e000000007465635f6f
:10ced000726561645f726567000000004c415345f4
:10cee000520000006c617365725f696e745f7365f8
:10cef000745f6461630000006c617365725f696eea
:10cf0000745f73775f6f6e006c617365725f696edb
:10cf1000745f73775f6f6666000000001b5b324ac8
:10cf20000000000055736167653a207274635f7397
:10cf30006574203c686f75723e203c6d696e757437
:10cf4000653e203c7365636f6e643e203c6461798e
:10cf50003e203c6d6f6e74683e203c796561723e88
:10cf600000000000496e76616c696420686f75721c
:10cf700020286d75737420626520302d3233292e80
:10cf800020506c6561736520656e74657220616701
:10cf900061696e2e00000000496e76616c69642044
:10cfa0006d696e75746520286d75737420626520d7
:10cfb000302d3539292e20506c6561736520656ee2
:10cfc00074657220616761696e2e0000496e76613a
:10cfd0006c6964207365636f6e6420286d7573746b
:10cfe00020626520302d3539292e20506c65617303
:10cff0006520656e74657220616761696e2e000040
:10d00000496e76616c69642064617920286d75735e
:10d010007420626520312d3331292e20506c6561da
:10d02000736520656e74657220616761696e2e009c
:10d03000496e76616c6964206d6f6e746820286d2e
:10d0400075737420626520312d3132292e20506c89
:10d050006561736520656e74657220616761696ed4
:10d060002e000000496e76616c69642079656172fa
:10d0700020286d75737420626520322064696769a9
:10d0800074732c20652e672e2c20323520666f722b
:10d090002032303235292e20506c65617365206551
:10d0a0006e74657220616761696e2e002d2d3e20c1
:10d0b0005254432073657420746f20253032643ad3
:10d0c000253032643a253032642c20253032642fea
:10d0d000253032642f3230253032640000000000e9
:10d0e00055736167653a207274635f676574203cad
:10d0f000686172647c736f66747c776f726b7c6539
:10d10000706f63687c616c6c3e00000068617264e3
:10d11000000000004661696c656420746f206765db
:10d12000742068617264205254430d0a00000000ac
:10d13000736f6674000000002d2d3e20536f6674df
:10d14000205254433a2054696d653a2025303264a8
:10d150003a253032643a253032642c2044617465bb
:10d160003a20253032642f253032642f323025307a
:10d1700032640000776f726b000000002d2d3e209e
:10d18000576f726b696e6720557074696d653a20d0
:10d1900054696d653a20253032643a253032643a5c
:10d1a000253032642c20446179733a2025640000d4
:10d1b00065706f63680000002d2d3e2045706f6321
:10d1c000683a20256c750000616c6c00556e6b6ec2
:10d1d0006f776e206d6f64652e205573653a2072ef
:10d1e00074635f676574203c686172647c736f660a
:10d1f000747c776f726b7c65706f63687c616c6c3c
:10d200003e00000055736167653a207274635f7376
:10d21000657465706f6368203c65706f63683e007d
:10d22000496e76616c69642065706f63682e204d6d
:10d23000757374206265203e3d20256c75000000ea
:10d240004e756d626572206f66207461736b73201a
:10d2500072756e6e696e673a20256c75000000006d
:10d260004e6f207461736b7320666f756e64206ff0
:10d2700072206572726f72206f636375727265647b
:10d280002e000000546f74616c205461736b733a0c
:10d2900020256c75000000005461736b204e616d99
:10d2a00065202020202020202020205374617465d8
:10d2b00020202020205072696f2020537461636bfe
:10d2c000204c6566740000002d2d2d2d2d2d2d2d4b
:10d2d0002d2d2d2d2d2d2d2d2d2d2d2d2d2d2d2d7e
:10d2e0002d2d2d2d2d2d2d2d2d2d2d2d2d2d2d2d6e
:10d2f0000000000052756e6e696e670052656164d1
:10d3000079000000426c6f636b6564005375737045
:10d31000656e640044656c6574656400556e6b6e83
:10d320006f776e00252d31387320252d3130732015
:10d33000252d346c75202531306c7500446d657376
:10d3400067202d204c6f67676572204d6573736190
:10d3500067653a002d2d3e204f6c64657374203e46
:10d360003e0000002d2d3e204c6174657374203cfe
:10d370003c0000004c617465737420256c75204c72
:10d380006f67733a000000002d2d3e204652414d3c
:10d39000204465766963652049443a0020202020b6
:10d3a0004d616e7566616374757265723a2030788e
:10d3b000253032582025303258202530325820254b
:10d3c000303258002020202050726f647563742022
:10d3d00049443a20202030782530325820253032f8
:10d3e000580000002020202044656e736974793a4b
:10d3f000202020202020307825303258202530323f
:10d4000058202530325800002d2d3e204661696c91
:10d41000656420746f20726561642049443a202558
:10d420006400000055736167653a206672616d5f44
:10d430007772697465203c616464723e203c766159
:10d440006c313e205b76616c325d202e2e2e00000a
:10d450004578616d706c653a206672616d5f7772b8
:10d460006974652030783130302030784141203087
:10d470007842422030784343000000004572726fca
:10d48000723a204e6f206461746120746f2077724d
:10d49000697465002d2d3e205772697474656e2085
:10d4a000257520627974657320746f2061646472dd
:10d4b0006573732030782530366c58002d2d3e2052
:10d4c0005772697465206661696c65643a202564e9
:10d4d0000000000055736167653a206672616d5ff8
:10d4e00072656164203c616464723e203c6c656ed0
:10d4f0003e0000004578616d706c653a206672618f
:10d500006d5f7265616420307831303020313600d3
:10d510004572726f723a204c656e677468206d7543
:10d52000737420626520312d323536002d2d3e205a
:10d530005265616420257520627974657320667276
:10d540006f6d2061646472657373203078253036a6
:10d550006c583a0020202020253034583a20000012
:10d5600025303258200000002d2d3e205265616488
:10d57000206661696c65643a2025640055736167b3
:10d58000653a206672616d5f77737472203c6164e6
:10d5900064723e203c737472696e673e0000000046
:10d5a0004578616d706c653a206672616d5f777366
:10d5b0007472203078323030202248656c6c6f20d5
:10d5c0004652414d212200004572726f723a20533b
:10d5d0007472696e6720746f6f206c6f6e6720289d
:10d5e0006d617820323535206368617273290000df
:10d5f0002d2d3e205772697474656e2073747269a4
:10d600006e67202825752062797465732920746ff0
:10d610002030782530366c58000000002020202073
:10d62000222573220000000055736167653a206669
:10d6300072616d5f72737472203c616464723e202b
:10d640003c6d61786c656e3e000000004578616d50
:10d65000706c653a206672616d5f7273747220300f
:10d6600078323030203634004572726f723a204d75
:10d670006178206c656e677468206d7573742062c4
:10d680006520312d323536002d2d3e2052656164e6
:10d6900020737472696e672066726f6d20616464b6
:10d6a000726573732030782530366c583a0000006c
:10d6b0003d3d3d204652414d20436f6d707265687f
:10d6c000656e736976652054657374203d3d3d0039
:10d6d0005b315d2052656164696e672044657669df
:10d6e00063652049442e2e2e0000000020202020bb
:10d6f00049443a20253032582025303258202530f0
:10d7000032582025303258202530325820253032ea
:10d7100058202530325820253032582025303258b4
:10d720000000000020202020504153530000000042
:10d73000202020204641494c000000005b325d2043
:10d7400057726974696e67207465737420706174b0
:10d750007465726e20746f2030782530366c582ec8
:10d760002e2e00005b335d2052656164696e672078
:10d770006261636b20616e642076657269667969a7
:10d780006e672e2e2e000000202020204461746140
:10d790002076657269666965643a2050415353008a
:10d7a0002020202044617461206d69736d61746371
:10d7b000683a204641494c00202020204578706579
:10d7c000637465643a000000202020202530325820
:10d7d000202530325820253032582025303258202c
:10d7e0002530325820253032582025303258202517
:10d7f00030325820253032582025303258202530fc
:10d8000032582025303258202530325820253032e9
:10d810005820253032582025303258002020202032
:10d8200052656365697665643a0000002020202017
:10d8300052656164206661696c65643a20464149bd
:10d840004c0000005b345d2054657374696e672082
:10d85000737472696e67206f7065726174696f6e40
:10d86000732e2e2e000000004652414d2054657349
:10d8700074204f4b21000000202020205374726937
:10d880006e672076657269666965643a2022257341
:10d890002200000020202020537472696e67206de2
:10d8a00069736d617463683a204641494c00000019
:10d8b00020202020537472696e6720777269746526
:10d8c000206661696c65643a204641494c0000005d
:10d8d0003d3d3d205465737420436f6d706c6574dd
:10d8e00065203d3d3d000000001122334455667720
:10d8f0008899aabbccddeeff55736167653a20635a
:10d90000616e5f73656e64203c69643e205b657880
:10d91000745d205b6230206231202e2e2e20623713
:10d920005d000000202063616e5f73656e642030cf
:10d930007831303020307841412030784242202008
:10d940002020202020287374616e64617264290095
:10d95000202063616e5f73656e64203078313233ee
:10d960003435206578742030784141203078424247
:10d970002028657874656e64656429006578740094
:10d9800048696e743a204944203e20307837464634
:10d990002c2061646420276578742720666f7220cc
:10d9a000657874656e646564206672616d650000fb
:10d9b000202063616e5f73656e642030783132338e
:10d9c0003435206578742030784141004558540042
:10d9d000535444002d2d3e205458204f4b205b259e
:10d9e000735d3a2049443d3078256c5820444c43bf
:10d9f0003d2575002d2d3e205458204641494c456b
:10da00004400000055736167653a206373705f706e
:10da1000696e67203c646573745f616464723e2064
:10da20005b74696d656f75745f6d735d00000000f8
:10da30002d2d3e2050696e67696e6720435350203c
:10da40006e6f6465202575202874696d656f757427
:10da500020256c756d73292e2e2e00002d2d3e2055
:10da60005265706c792066726f6d2025753a20744e
:10da7000696d653d2564206d730000002d2d3e20ed
:10da80004e6f207265706c792066726f6d202575ff
:10da9000202874696d656f7574290000557361677e
:10daa000653a206373705f73656e64203c616464e3
:10dab000723e203c706f72743e203c646174613e23
:10dac000000000004578616d706c653a20637370ea
:10dad0005f73656e6420322031302048656c6c6f56
:10dae000000000002d2d3e20436f6e6e656374694b
:10daf0006f6e206661696c65640000002d2d3e200c
:10db000042756666657220616c6c6f632066616940
:10db10006c6564002d2d3e2053656e64206661693e
:10db20006c6564002d2d3e2053656e742025752094
:10db3000627974657320746f2025753a257500002d
:10db40003d3d3d2043535020496e666f203d3d3d95
:10db50000000000020204d792041646472657373d9
:10db60003a2025750000000020204672656520627d
:10db70007566666572733a20257500002020496e2f
:10db800074657266616365733a0000002020526f0d
:10db9000757465207461626c653a00003d3d3d3de1
:10dba0003d3d3d3d3d3d3d3d3d3d3d3d0000000099
:10dbb0005b25755d000000002020252d3133732585
:10dbc0002d3673203d202575000000002020252dd6
:10dbd000313373252d3673203d20256c75000000f0
:10dbe0002020252d313373252d3673203d202564cb
:10dbf000000000002020252d313373252d367320a1
:10dc00003d20256c640000002020252d3133732534
:10dc10002d3673203d20252e346600007472756504
:10dc20000000000066616c73650000002020252d57
:10dc3000313373252d3673203d20257300000000fd
:10dc40002020252d313373252d3673203d202225ac
:10dc5000732200002020252d313373252d367320ab
:10dc60003d20287479706520257520402030782566
:10dc7000303458290000000055736167653a207000
:10dc80006172616d5f73686f77203c7461626c656f
:10dc90005f69643e000000002020303d426f6172e9
:10dca000642020313d5379734366672020323d4d17
:10dcb000616e4374726c2020333d457870202034af
:10dcc0003d54656c656d6574727900004572726fc4
:10dcd000723a207461626c655f6964206d7573745b
:10dce00020626520302d34003d3d3d205461626c42
:10dcf000652025753a202573203d3d3d000000003c
:10dd000020202020526f77733a202575207c204deb
:10dd1000656d3a202575206279746573207c2043f7
:10dd200052433a2030782530345800002d2d2d00f4
:10dd30003d3d3d3d3d3d3d3d3d3d3d3d3d3d3d3d13
:10dd40003d3d3d0055736167653a20706172616dbc
:10dd50005f736574203c7461626c655f69643e202a
:10dd60003c616464723e203c747970653e203c7670
:10dd7000616c75653e0000002020747970653a2062
:10dd80007538207531362075333220693820693175
:10dd900036206933322066333220626f6f6c207315
:10dda0007472000020204578616d706c653a2070b7
:10ddb0006172616d5f73657420342038206931367b
:10ddc0002032353000000000753800007531360013
:10ddd000753332006938000069313600693332002a
:10dde00066333200626f6f6c000000007374720063
:10ddf000556e6b6e6f776e20747970652027257372
:10de0000272e205573653a207538207531362075d8
:10de10003332206938206931362069333220663345
:10de20003220626f6f6c2073747200002d2d3e20c3
:10de30004f4b3a205425755b3078253034585d209f
:10de40003d20257320282573290000002d2d3e201c
:10de50004641494c3a206572723d25642028616430
:10de60006472206f7574206f662072616e67653f03
:10de700029000000434d445f506f776572534f4d4a
:10de80005f4f4e00434d445f506f776572534f4d67
:10de90005f4f464600000000506f77657220534f79
:10dea0004d206973204f4e00506f77657220534f9d
:10deb0004d206973204f464600000000434d445feb
:10dec000506f7765724275636b506572695f4f4e34
:10ded00000000000434d445f506f776572427563e8
:10dee0006b506572695f4f4646000000506f776562
:10def00072204275636b205065726970686572614b
:10df00006c73206973204f4e00000000506f7765de
:10df100072204275636b205065726970686572612a
:10df20006c73206973204f4646000000434d445fe8
:10df3000506f7765725465635f4f4e00434d445f89
:10df4000506f7765725465635f4f4646000000006e
:10df5000506f77657220546563206973204f4e00bf
:10df6000506f77657220546563206973204f464671
:10df700000000000434d445f506f776572484434a1
:10df80005f4f4e00434d445f506f77657248443495
:10df90005f4f464600000000506f7765722048448e
:10dfa00034206973204f4e00506f776572204844cb
:10dfb00034206973204f464600000000434d445f03
:10dfc000506f776572536f6c656e6f69645f4f4e0b
:10dfd00000000000434d445f506f776572536f6cd3
:10dfe000656e6f69645f4f4646000000506f77654d
:10dff0007220536f6c656e6f6964206973204f4e99
:10e0000000000000506f77657220536f6c656e6f73
:10e010006964206973204f4646000000434d445f09
:10e02000506f7765724c505f4f4e0000434d445f18
:10e03000506f7765724c505f4f464600506f776562
:10e0400072204c50206973204f4e0000506f77654e
:10e0500072204c50206973204f464600434d445f68
:10e06000506f7765724865617465725f4f4e00004e
:10e07000434d445f506f7765724865617465725fa8
:10e080004f464600506f776572204865617465722f
:10e09000206973204f4e0000506f776572204865ed
:10e0a00061746572206973204f464600434d445f9a
:10e0b000506f776572416c6c5f4f4e00434d445f0b
:10e0c000506f776572416c6c5f4f464600000000f0
:10e0d0004c45445f4f4e00004c45445f4f46460060
:10e0e000557361676520203a206865617465725fc9
:10e0f000736574203c6368616e6e656c20312d38e9
:10e100003e203c6475747920302d3130303e000063
:10e110004578616d706c653a206865617465725f01
:10e120007365742031203830000000004572726f32
:10e13000723a204368616e6e656c206d7573742051
:10e1400062652061206e756d6265722028312d3800
:10e15000290000004572726f723a2044757479206c
:10e160006d7573742062652061206e756d626572d5
:10e170002028302d31303029000000004572726fa8
:10e18000723a204368616e6e656c206f7574206f03
:10e19000662072616e67652028312d3829000000e5
:10e1a0004572726f723a2044757479206f757420cd
:10e1b0006f662072616e67652028302d3130302502
:10e1c000290000002d2d3e204f4b3a2048656174f8
:10e1d00065725b256c755d2044757479203d202542
:10e1e0006c75252500000000424d50333930206900
:10e1f0006e6974206661696c00000000424d503306
:10e2000039302072656164206661696c000000002d
:10e21000496e7465726e616c20424d503339303aec
:10e220000000000054656d703a20252e32662043b0
:10e23000202050726573737572653a20252e326600
:10e2400020506100424d5033393020737769746338
:10e250006820697320646973626c6500456e616251
:10e260006c6520424d503339302073776974636890
:10e27000207573696e67203c626d703339305f655d
:10e2800078745f656e613e0045787465726e616c8e
:10e2900020424d503339303a000000005357206976
:10e2a0007320656e61626c6564000000446973618f
:10e2b000626c6520737769746368206932632062d9
:10e2c0006d7033393020636f6e6e6563746f7200ea
:10e2d00055736167653a20736f6c5f73696e676c25
:10e2e000655f6f6e203c696e6465783e00000000db
:10e2f000496e646578203120746f2031360000004b
:10e3000053696e676c6520736f6c656e6f6964200e
:10e310006f6e20696e6465783a20257500000000f4
:10e3200055736167653a20736f6c5f73696e676cd4
:10e33000655f6f6666203c696e6465783e0000002c
:10e3400053696e676c6520736f6c656e6f696420ce
:10e350006f666620696e6465783a20257500000056
:10e3600055736167653a20736f6c5f73696e676c94
:10e37000655f676574203c696e6465783e000000e7
:10e38000537461747573206f662073696e676c6572
:10e3900020736f6c656e6f69642025753a204f4e4f
:10e3a00000000000537461747573206f66207369f8
:10e3b0006e676c6520736f6c656e6f696420257580
:10e3c0003a204f464600000055736167653a207455
:10e3d00065635f696e6974203c696e6465783e00b0
:10e3e000496e76616c696420696e6465780000002e
:10e3f000496e646578206f7574206f662072616e57
:10e4000067652028312d256429000000696e697434
:10e41000207375636365737300000000696e69742f
:10e42000206661696c0000005445435b256c755d96
:10e430002025730055736167653a207465635f76c4
:10e440006f6c203c696e6465783e203c6d566f6c45
:10e450003e000000496e76616c696420766f6c74d2
:10e46000616765005445435b256c755d206f75746d
:10e4700070757420766f6c74616765203d20256c23
:10e4800075206d560000000055736167653a207471
:10e4900065635f656e203c696e6465783e000000d0
:10e4a0005445435b256c755d20656e61626c65202b
:10e4b000726571756573742073656e740000000079
:10e4c00055736167653a207465635f7377656e2085
:10e4d0003c696e6465783e005445435b256c755d10
:10e4e00020535720656e61626c6520726571756599
:10e4f00073742073656e740055736167653a207498
:10e5000065635f72656164203c696e6465783e2076
:10e510003c616464723e0000496e76616c696420ff
:10e5200061646472657373005445435b256c755d6b
:10e5300020524547204144443a2030782530326cff
:10e5400058202056414c3a2030782530386c5800fd
:020000040000fa
:020000040040ba
:10e55000dc6845201c00000000000000cc6645205f
:10e560003800000000000000a3df4420010000008c
:10e5700000000000ec6a45200800000000000000d8
:10e58000c47045206000000004000000000414a2d4
:10e590000800011600030100070b0003020003ff3f
:10e5a000010002090003030007090003040006ff3d
:10e5b0002000030500030f00030400030600070406
:10e5c0000003070007070003a46a452010000000ad
:10e5d00000000000e8694520100000000000000075
:10e5e000b46a45200800000000000000f8684520db
:10e5f0001c00000000000000086a45200c0000001c
:10e6000000000000bc6a4520080000000000000077
:10e61000706745203000000000000000d0674520f2
:10e620005800000000000000f46a452008000000c7
:10e6300000000000046245205c00000000000000b3
:10e64000e4514520a4010000000000002868452096
:10e650002800000000000000a067452030000000f6
:10e6600000000000b874452006000000040000000f
:10e670000202846a96000100fc6a45200400000042
:10e6800000000000606245205c0000000000000007
:10e690009f354520010000000000000078684520fb
:10e6a0002400000000000000006b45200c0000006a
:10e6b000000000006c724520040000000100000012
:10e6c000640000004c1f452000080000000000000e
:10e6d000bc6245205c000000000000003c59452061
:10e6e0000001000000000000f3544520010000007c
:10e6f00000000000e4394520000400000000000094
:10e70000186345205c000000000000000c6b4520f1
:10e7100004000000000000003c5a452000010000f9
:10e7200000000000106b45200c00000000000000fd
:10e730002f56452001000000000000001c6b452002
:10e740000c00000000000000c87445200400000018
:10e7500001000000efbeadde0a66452002000000a9
:10e76000000000004c0745200018000000000000d9
:10e770004c2745200008000000000000286b4520c1
:10e780000c00000000000000375845200100000088
:10e7900000000000346b4520040000000000000071
:10e7a0003b5945200100000000000000386b452067
:10e7b0000c00000000000000146945201c0000004f
:10e7c00000000000cc7445201c0000000100000087
:10e7d000fc5e4200005f4200045f4200085f4200ae
:10e7e0000c5f4200105f4200145f4200446b452002
:10e7f0000800000000000000e44d45200002000079
:10e8000000000000a0354520410400000000000089
:10e81000b06f45209200000004000000434d2d45dc
:10e820005850000a4300070100020b372c382c31e6
:10e8300032006ae803000400e07145204a0000004d
:10e84000040000000004736f6d000170657269744c
:10e85000656300016864340001736c6e00016c73c1
:10e860007064687465720101000573656e317365cb
:10e870006e3273656e3373656e3473656e356864be
:10e88000340007010001010002000000f46d452082
:10e89000ec000000040000000001736f6c31736f26
:10e8a0006c32736f6c33736f6c340005736c3100b2
:10e8b00001736c320001736c330001736c3400011e
:10e8c000736c350001736c360001736c3700017393
:10e8d0006c380001736c390001736c3130736c312a
:10e8e00031736c3132736c3133736c3134736c311e
:10e8f00035736c31360011636831316368313263ce
:10e90000683231636832326368333163683332634b
:10e9100068343163683432000b7465633174656345
:10e9200032746563337465633400096874310001bf
:10e93000687432000168743300016874340001683f
:10e94000743500016874360001687437000168741a
:10e950003800124f4b000e00e06e4520cf00000043
:10e9600004000000000e6c643100016c6432000190
:10e970006c643300016c643400016c643500016c1c
:10e98000643600016c643700016c643800016c640b
:10e990003900016c6431306c6431316c6431326c3b
:10e9a0006431336c6431346c6431356c6431366c91
:10e9b0006431376c6431386c6431396c6432306c7a
:10e9c0006432316c6432326c6432336c64323400e1
:10e9d00061000000cc6c452027010000040000000d
:10e9e000000f4f4b00066e7463316e7463326e74a9
:10e9f00063336e7463346e7463356e7463366e7431
:10ea000063376e746338fffffffffffffffffffff9
:10ea1000ffffffffffff73656e3173656e32736535
:10ea20006e3373656e3473656e35ffffffffffff56
:10ea3000ffffffff707273000174656d70ffffffd1
:10ea4000ff6178000261790002617a000267780054
:10ea50000267790002677a000274656d70ffffff3c
:10ea6000ffffffffffffffffffffff696600026878
:10ea70007465726c737064736f6d00016864340048
:10ea800001736c6e00017465633174656332746583
:10ea90006333746563340c00010c00010c00010544
:10eaa0000001050001050001350001ffffffffff28
:10eab000ffffff69660002687465726c73706473af
:10eac0006f6d00016864340001736c6e0001746541
:10ead0006331746563327465633374656334ffff57
:10eae000ffffffffffffffffffffffffffffffff36
:10eaf000ffff49444c45000e4cf744200010000035
:10eb000000000000506845202800000000000000c0
:10eb10004c6b452008000000000000007874452080
:10eb200010000000010000009874452076000000ed
:10eb3000c46a452077000000887445200800000062
:10eb40000400000001000700907445200800000048
:10eb50000400000001000700707345200c00000055
:10eb6000040000000100031f000700007c73452023
:10eb70000c00000004000000030003100007000068
:10eb8000887345200c000000040000000300030708
:10eb900000070000947345200c00000004000000f2
:10eba0000100031000070000a07345200c000000c6
:10ebb000040000000400030500070000ac734520ba
:10ebc0000c00000004000000050003040007000022
:10ebd000b87345200c00000004000000040003048a
:10ebe00000070000c47345200c0000000400000072
:10ebf0000400030300070000d07345200c00000050
:10ec0000040000000400030200070000dc7345203c
:10ec10000c000000040000000400030600070000d0
:10ec2000e87345200c000000040000000500030309
:10ec300000070000f47345200c00000004000000f1
:10ec40000200030c00070000c46a45200800000011
:10ec500000000000007445200c00000004000000cb
:10ec60000300030b00070000987445200800000013
:10ec70000400000001000700a07445200800000007
:10ec80000400000002000700a874452008000000ee
:10ec900004000000020007000c7445200c00000076
:10eca000010000000300000012000000010000004d
:10ecb000187445200c000000040000000100031e31
:10ecc00000070000247445200c0000000100000033
:10ecd0000300000014000000010000003074452013
:10ece0000c000000040000000400030d00070000f9
:10ecf0003c7445200c0000000100000003000000ef
:10ed00001600000001000000487445200c000000bf
:10ed100004000000030003010007000054744520b4
:10ed20000c00000001000000040000000b000000c7
:10ed300001000000607445200c0000000400000089
:10ed4000030003020007000028734520380000007c
:10ed500001000000907445208873452003000000e6
:10ed600000000000000000009074452094734520ce
:10ed70000100000000000000000000009074452029
:10ed8000707345207c734520000000006c744520a2
:10ed90000c00000001000000a074452020000000cd
:10eda000000000007072452080000000010000009b
:10edb000a87445200c7445200000000018744520fc
:10edc0000000000000000000000000000000000043
:10edd000a8744520247445200000000030744520ac
:10ede0000000000000000000000000000000000023
:10edf000a87445203c74452000000000487445205c
:10ee00000000000000000000000000000000000002
:10ee1000a87445205474452000000000607445200b
:10ee200000000000000000000000000000000000e2
:10ee30006073452010000000010000007072452042
:10ee400090724520b0724520d0724520e43d4520a7
:10ee50000008000000000000447045208000000011
:10ee600001000000001a0e40000000000000000039
:10ee70000000000000000000000000000000000092
:10ee80000000000000000000000000000000000082
:10ee90000000000000000000000000000000000072
:10eea0000000000000000000000000000000000062
:10eeb0000000000000000000000000000000000052
:10eec0000000000000000000e43d4520e441452032
:10eed000000400000004000000000000000000002a
:10eee00000000000c86c4520030000000000000086
:10eef000546b4520040000000000000030564520ff
:10ef00000401000000000000586b452004000000d0
:10ef100000000000976a4520010000000100000089
:10ef20009f00000010734520180000000100000041
:10ef3000a82f4400f09f430000a043000000000001
:10ef400014a0430000000000c865452042000000f6
:10ef500000000000e87445200400000001000000eb
:10ef6000aaaaaaaa875e45200100000000000000ae
:10ef70005c6b4520040000000000000020004020e1
:10ef80000020030000000000cc6a452008000000bb
:10ef900000000000606b452014000000000000002d
:10efa0000c6645204000000000000000746b452006
:10efb0000400000000000000a06145206400000083
:10efc0000000000048694520280000000000000003
:10efd000786b4520080000000000000070694520a3
:10efe0002800000000000000806b452004000000a5
:10eff0000000000098694520140000000000000097
:10f00000846b45202c000000000000007463452044
:10f010005c00000000000000e44f452000020000fa
:10f0200000000000d06345205c00000000000000ec
:10f03000e44545200004000000000000ac694520c4
:10f040002800000000000000b06b45201400000004
:10f050000000000088644520a000000000000000bf
:10f06000c46b45200c00000000000000e44945206e
:10f0700000040000000000002c6445205c0000003b
:10f0800000000000d06b45200c00000000000000d4
:10f09000b460452078000000000000002c7245207c
:10f0a0004000000001000000902f4400000000001c
:10f0b00000000000fddc4300000000000000000034
:10f0c0000000000000000000000000000000000040
:10f0d0000000000000000000000000000000000030
:10f0e0000000000000000000dc6b45200400000070
:10f0f00000000000ec7445201c000000010000002e
:10f100000400000010270000e803000001000000d8
:10f11000fa0000000200000001000000e06b452042
:10f120001000000000000000ab5f4520010000005f
:10f1300000000000f06b452004000000000000000b
:10f140002f6045200100000000000000f46b452006
:10f150000400000000000000b0744520070000001b
:10f16000010000000101000000000000f86b4520d4
:10f1700004000000000000009c6845202000000002
:10f1800000000000fc6b45200800000000000000ab
:10f190000875452004000000010000000d26440011
:10f1a000202043200000010000000000d46a452018
:10f1b0000800000000000000046c45200c00000066
:10f1c00000000000106c452004000000000000005a
:10f1d000345c4520f000000000000000b3604520d2
:10f1e00001000000000000001e6a4520020000002f
:10f1f00000000000146c4520040000000000000026
:10f200002a6a452002000000000000003069452005
:10f2100018000000000000004c2f4520530600009d
:10f2200000000000186c45201000000000000000e5
:10f230002c6145207300000000000000146a452086
:10f240000a00000000000000286c452004000000b7
:10f2500000000000285f452083000000000000003f
:10f26000206a45200a000000000000002c6c4520a8
:10f270000400000000000000f45445203b010000a1
:10f28000000000002c6a45200a0000000000000079
:10f29000306c45200400000000000000bc684520e0
:10f2a0001f00000000000000386a45200a0000002e
:10f2b00000000000346c4520040000000000000045
:10f2c000345745200301000000000000446a452037
:10f2d0000a00000000000000386c45200400000017
:10f2e00000000000e45d4520a300000000000000d5
:10f2f000506a45200a000000000000003c6c4520d8
:10f300000400000000000000885345206b0100004d
:10f31000000000005c6a45200a00000000000000b8
:10f32000406c45200400000000000000ac5f452058
:10f330008300000000000000686a45200a00000009
:10f3400000000000446c45200400000000000000a4
:10f35000306045208300000000000000746a4520f2
:10f360000a00000000000000486c45200400000076
:10f37000000000003c674520330000000000000052
:10f38000806a45200a000000000000004c6c452007
:10f390000400000000000000385845200301000070
:10f3a000000000008c6a45200a00000000000000f8
:10f3b000506c452004000000000000002020442084
:10f3c00083bf000000000000986a45200a0000008a
:10f3d00000000000546c4520080000000000000000
:10f3e0009f6145200100000000000000cb66452021
:10f3f00001000000000000005c6c452004000000db
:10f40000000000003c5b4520f80000000000000008
:10f41000a26a452002000000040000000001c000b4
:10f42000606c452014000000000000006f6745205c
:10f430000100000000000000db6845200100000022
:10f4400000000000726a452001000000000000007a
:10f450000c75452004000000010000006e1900003a
:10f46000f86945201000000000000000746c452081
:10f470000400000000000000366a45200200000081
:10f4800000000000426a4520020000000000000069
:10f49000786c452004000000000000004e6a452002
:10f4a00002000000000000007c6c45200800000005
:10f4b000000000005a6a4520020000000000000021
:10f4c000666a45200200000000000000736a4520c3
:10f4d00001000000000000007e6a452001000000dd
:10f4e00000000000846c45201400000000000000b3
:10f4f000986c4520040000000000000004674520cf
:10f500003800000000000000a4df4420a81700001d
:10f51000000000008c6645203f0000000000000055
:10f520007f6a452001000000000000009c6c45201f
:10f5300004000000000000008a6a4520010000006d
:10f5400000000000cb6c452001000000010000001d
:10f55000ff000000a06c4520040000000000000037
:10f56000245d4520c000000000000000847145209b
:10f570005c0000000100000010000c00245d45202c
:10f58000cc2e44000000000000000000000000003d
:10f59000000000000000000000000000000000006b
:10f5a000000000000000000000000000000000005b
:10f5b000000000000000000000000000000000004b
:10f5c000000000000000000000000000000000003b
:10f5d00000000000a46c45200400000000000000b2
:10f5e000286545205000000000000000a86c452060
:10f5f0000400000000000000d46945201400000051
:10f60000000000004c6645204000000000000000a3
:10f61000885e4520a0000000000000008b6a4520a5
:10f620000100000000000000c46c45200200000042
:10f6300000000000c074452006000000010000002a
:10f640000101000000000000dc6a45200800000005
:10f6500000000000ac6c4520080000000000000025
:10f66000966a45200100000000000000b46c4520af
:10f6700004000000000000007865452050000000f4
:10f6800000000000b86c45200c00000000000000e5
:10f69000f072452020000000010000000100000081
:10f6a0000300000000000000000000000000000057
:10f6b0000000000000000000e46a4520e46a4520e4
:10f6c00008000000000000002471452060000000d8
:10f6d0000100000001000000030000000000000025
:10f6e000000000000000000000000000000000001a
:10f6f00031ae4300000000000000000000000000e8
:10f70000832f4400f5e943000000000000000000e2
:10f7100000000000000000000000000000000000e9
:10f7200000000000000000000000000000000000d9
:10f730000000000000000000000000006666666631
:10f740006666666666666666666666666666666659
:020000040000fa
:020000040040ba
:10f7500090b595b000af78600023bb649d4b1b78db
:10f7600003f01003002b00f05c827b68b3f860307c
:10f770001a467b689b6d13443b637b685a6d964bbe
:10f780001b68d31a002b1bdb7b685a6d924b1b68de
:10f790009a4206d17b689a6d904b1b68d31a002b56
:10f7a0000edb7b689a6d8d4b1b689a4225d18c4b82
:10f7b0001b68db899ab27b68b3f860309a421cd927
:10f7c000874b1b68db899ab27b68a3f860207b6853
:10f7d000b3f862207b68b3f860309a4205d27b6848
:10f7e000b3f860207b68a3f862207b4b1a687b68c3
:10f7f0005a657a4b1a687b689a65784b1a687b68f9
:10f800005b6cd31a002b58dc764b1b88002b4bd13a
:10f810007b689b6d7a68b2f8602013443a6b9a4219
:10f8200042d17b68b3f93030002b3ddb7b685a6cea
:10f830006a4b1b689a4237d10123bb647b6893f8fb
:10f840004330ff2b07d07b6893f843300133dab2a3
:10f850007b6883f843207b6893f84330032b1bd9e4
:10f860007b68b3f848207b685b8e13449ab27b6850
:10f87000b3f848309a420ad37b68b3f848207b68d3
:10f880005b8e13449ab27b68a3f8482004e07b683f
:10f890004ff6ff72a3f848207b6893f84330022ba1
:10f8a00002d9786824f0fef8bb6c002b40f0598137
:10f8b0007b68002283f8432053e1484b1a687b6839
:10f8c0005b6cd31a013b002bc0f24681434b1a6894
:10f8d0007b681b6dd31a002b00f33e817b685b8b2a
:10f8e00003f00403002b10d07b685b8b23f0040330
:10f8f0009ab27b685a837b68b3f84a207b68a3f886
:10f9000048207b680022a3f86a207b68002283f8e5
:10f9100042207b68b3f93c30db101bb29ab27b68a3
:10f92000b3f93e309bb213449bb21ab27b68a3f882
:10f9300040202a4b1b689ab27b685b6c9bb2d31a3f
:10f94000fb857b68002283f84320244b1a687b6880
:10f950005a647b681b7d032b40f28f807b68b3f871
:10f9600048207b68b3f84a309a423dd27b685b8b73
:10f9700003f40063002b01d0012300e0022387f889
:10f980002d3097f82d309ab27b685b8e12fb03f313
:10f990009bb2fa8d934228bf13467b857b68b3f8f0
:10f9a00048207b8d13449ab27b68b3f848309a4262
:10f9b00009d37b68b3f848207b8d13449ab27b68e7
:10f9c000a3f8482059e07b684ff6ff72a3f848205f
:10f9d00053e000bf736a45207c6c4520806c452055
:10f9e000746c4520666a45207b68b3f86a20fb8dfd
:10f9f00013449ab27b68b3f86a309a4209d37b68a1
:10fa0000b3f86a20fb8d13449ab27b68a3f86a208e
:10fa100004e07b684ff6ff72a3f86a207b68b3f8b6
:10fa20006a207b68b3f848309a4226d37b68b3f8e3
:10fa30006a207b68b3f84830d31a9ab27b68a3f87f
:10fa40006a207b68b3f848207b685b8e13449ab2c7
:10fa50007b68b3f848309a420ad37b68b3f84820f1
:10fa60007b685b8e13449ab27b68a3f8482004e05d
:10fa70007b684ff6ff72a3f848207b68196f7b689c
:10fa8000db6e984a786823f0c9fc02467b681a67e7
:10fa90007b68d96e7b681b6f934a786823f0befc45
:10faa00002467b68da667b681b6f002b04d17b689b
:10fab0004ff6ff721a8602e07b6800221a867b6886
:10fac00000221a777b68db6e002b03d17b68002253
:10fad000a3f868207b68b3f86420844b1b88134428
:10fae0009ab27b68a3f864207b685b8b03f40063a5
:10faf000002b35d07b681b6f002b18d17b68db6e29
:10fb0000002b0cd07b68dc6c7b68db6edb685b6891
:10fb1000184630f022f80346e31a002b20dc7b68fd
:10fb20005b8b23f400639ab27b685a8318e07b688e
:10fb3000dc6c7b681b6fdb685b68184630f00df887
:10fb40000346e31a002b0bdc7b685b8b23f400631a
:10fb50009ab27b685a8303e0786824f098f800e052
:10fb600000bf7b685b6b002b5bd07b689a6b604b44
:10fb70001b68d31a002b54da5e4b1b689ab27b6861
:10fb80005b6b9bb2d31a9bb2a7f84e30b7f84e20ee
:10fb90007b68b3f93c30db101bb29bb2d31a9bb22b
:10fba000a7f84e307b68b3f93c309ab2b7f84e30c4
:10fbb00013449bb21ab27b689a87b7f94e30002b78
:10fbc00005dab7f84e305b429bb2a7f84e30b7f873
:10fbd0004e207b68b3f93e309b101bb29bb2d31a08
:10fbe0009bb2a7f84e307b68b3f93e309ab2b7f8b3
:10fbf0004e3013449bb21ab27b68da877b68b3f944
:10fc00003c30db101bb29ab27b68b3f93e309bb23a
:10fc100013449bb21ab27b68a3f840207b68002291
:10fc20005a63354b1b88002b00f041847b681b7d99
:10fc3000062b00f23c847b685a6a304b1b68d31a4f
:10fc4000013b002b5edb7b685a6a2b4b1b881946f5
:10fc50002a4b1b680b44d31a0133002b52dc284b70
:10fc60005b687b647b685a6a244b1b68d31a7b628f
:10fc70007b6aa7f84230224b1a89b7f84230d31a70
:10fc80009ab21f4b1a811e4b5b681a89b7f8423033
:10fc9000d31a7b840fe07b6c5b89b7f84220d31ac0
:10fca000a7f842307b6c7a8c1a817b6c00225a81d7
:10fcb0007b6c1b687b647b6c5b89b7f842209a4243
:10fcc000e9d8b7f842301946786c28f055fc7b68c3
:10fcd0005b6a0a4a13600a4bdb68084a12685a607a
:10fce0001ee000bf202d4400282d44005a6a452004
:10fcf000806c4520606c4520666a45207c6c452000
:10fd0000f8694520824b1a687b685b6ad31a002b1e
:10fd100006da7b685b8b43f002039ab27b685a83f6
:10fd20007b4b1a687b685b6ad31a002bc0f2ba83dc
:10fd3000774b1a687b685b6a7968098d0b44d31a24
:10fd40000133002b00f3ae837b685a6a704b1b684b
:10fd50009a4240f040826f4b1c896e4bdb689b8956
:10fd60009bb2184630f0ecfd0346dbb203f0030310
:10fd7000002b01d0012300e0002323449ab2664bfc
:10fd80001a807b681a8d644b1b889a4260d2614b43
:10fd9000db689b899bb2184630f0d2fd0346dbb28c
:10fda00003f00103002b1ed05a4bdb689b899bb2ea
:10fdb0001bb223f47c531cb2564bdb689b899bb26d
:10fdc000184630f0bdfd0346dbb203f03e039bb2a4
:10fdd000184630f0b5fd03461bb223431ab24d4b13
:10fde000db6892b29a817b681a8d4a4b1a81494b23
:10fdf000db689b899bb2184630f0a2fd0346dbb25c
:10fe000003f00203002b05d0424b1b89013b9ab241
:10fe1000404b1a813f4b5b683e4a12891146184697
:10fe200021f0ccf83b4b1c893a4bdb689b899bb299
:10fe3000184630f085fd0346dbb203f00303002bc8
:10fe400001d0012300e0002323449ab2324b1a80f0
:10fe50007b685b6f002b00f0ce802e4bdb689b89ac
:10fe60009bb2184630f06cfd0346dbb203f0010391
:10fe7000002b10d00ae07b685b6ffb607b685b6fd8
:10fe80001a687b685a67f86830f02cfa7b685b6ff9
:10fe9000002bf0d1afe07b685b6ffb634be0fb6b4b
:10fea000db689b899bb2184630f04afd0346dbb203
:10feb00003f00103002b36d0164bdb689b899bb205
:10fec000184630f03dfd0346dbb203f00203002b81
:10fed00029d1104bdb689b899cb2012030f030fdaa
:10fee00003461a460b4bdb68224392b29a81094bb8
:10fef0001c89084bdb689b899bb2184630f020fdbb
:10ff00000346dbb203f00303002b07d0012306e016
:10ff10007c6c4520f8694520666a4520002323440f
:10ff20009ab27e4b1a80fb6b3b61fb6b1b68fb63d9
:10ff3000386930f0d7f9fb6b002b0ed0774b1b885c
:10ff40001a46774b1b681a44fb6bdb685b68f96bde
:10ff500009890b44d31a002ba1dafb6b002b47d085
:10ff60006e4b1b881a466e4b1b681a44fb6bdb6892
:10ff70005b68d31a002b3bddfb6bdb685b689ab2d6
:10ff8000674b1b689bb2d31a9ab2664b1a81654bba
:10ff9000db689b899bb2184630f0d2fc0346dbb28b
:10ffa00003f00203002b05d05e4b1b89013b9ab284
:10ffb0005c4b1a815b4b5b685a4a128911461846a2
:10ffc00020f0fcff574b1c89564bdb689b899bb28a
:10ffd000184630f0b5fc0346dbb203f00303002bf8
:10ffe00001d0012300e0002323449ab24b4b1a8036
:10fff0007b68fa6b5a67494b1b881a46484b1b684b
:020000040041b9
:100000001a447b685a627b681a8d444b1b88d31a4a
:100010009ab27b681a85786827f030fb414b5b68a1
:100020001b89002b06d03f4b5b683f4a13603d4b5a
:1000300000225a603b4bdb689b899bb2184630f02c
:100040007ffc0346dbb203f00103002b00f0998034
:10005000364b1b7843f02003dab2344b1a7090e031
:100060007b685b6fbb607b685b6fdb685b682c4a9f
:100070001360bb681b891c46bb68db689b899bb20d
:10008000184630f05dfc0346dbb203f00303002b9f
:1000900001d0012300e000231a197b685b6a1a442f
:1000a0007b685a62bb68db689b899bb2184630f05c
:1000b00047fc0346dbb203f00303002bbb681b893c
:1000c0001c46bb68db689b899bb2184630f038fc45
:1000d0000346dbb203f00303002b01d0012300e051
:1000e000002319197b681a8d8bb2d31a9ab27b68d8
:1000f0001a85786827f0c2fabb685b681b89002bf9
:100100001dd0094b1b68002b12d0074b1a68bb6827
:100110005b68194610462af040ff0de0666a4520ec
:100120007c6c4520f8694520846c45207e6a45201a
:10013000bb685b68704a1360bb6800225a60bb688a
:10014000db689b899bb2184630f0fafb0346dbb2b2
:1001500003f00103002b0dd0684b1b7843f0200304
:10016000dab2664b1a707b681b7d042b02d17b6868
:1001700007221a75bb681a687b685a67b86830f03e
:10018000b1f87b685b6f002b08d07b685b6fdb6826
:100190005a687b685b6a9a423ff462af7b685b8b0c
:1001a00003f00103002b0ed07b685b8b23f001036f
:1001b0009ab27b685a837b685b8b43f002039ab2e6
:1001c0007b685a8372e17b685b8b43f001039ab2d0
:1001d0007b685a836ae17b685b6f002b06d14848d5
:1001e0002ff0a6f902467b685a6757e100237b632c
:1001f0007b685b6fbb6341e1bb6bdb685a68414b5b
:100200001b689a421dd13e4b1a89bb6b1b899a42cf
:1002100040f239813a482ff08bf978617b69002be5
:1002200000f033817b6b002b03d07b6b7a691a6003
:1002300002e07b687a695a67b96b78691df06efcd9
:1002400023e17b6b002b17d12e4b1a68bb6bdb684d
:100250005b68d31a002b57da29482ff069f9b86187
:10026000bb69002b00f013817b68ba695a67b96bd0
:10027000b8691df053fc0ae1224b1a687b6bdb68fe
:100280005b68d31a013b002b3edb1e4b1a68bb6b2d
:10029000db685b68d31a0133002b35dc18482ff07c
:1002a00047f9f861fb69002b00f0f3807b6bdb689a
:1002b0005b687a6b12891a44124b1b68d31a002ba5
:1002c00012dd104b1b689ab27b6bdb685b689bb2dc
:1002d000d31a9ab27b6b1a817b6b5a687b6b1b8932
:1002e0001946104620f06afe7b6bfa691a60b96bfa
:1002f000f8691df013fccce0846c45207e6a452033
:10030000f86945207c6c4520bb6b7b63bb6b1b682d
:10031000002b40f0b080754b1a68bb6bdb685b68e4
:10032000d31a002b40f3a780bb6bdb689b899bb281
:10033000184630f005fb0346dbb203f00103002b47
:1003400040f0a9806a482ff0f3f80246bb6b1a60b0
:10035000bb6b1b68002b00f0a080bb6bdb685b688d
:10036000ba6b12891a44614b1b68d31a002b12dd39
:100370005e4b1b689ab2bb6bdb685b689bb2d31a9f
:100380009ab2bb6b1a81bb6b5a68bb6b1b8919464f
:10039000104620f013fe574b1b881a46534b1b6820
:1003a0001a447b685b6a7968098d0b44d31a002b69
:1003b00073ddbb6b1b68db689b899bb2184630f012
:1003c000bffa0346dbb203f00103002b21d0bb6b65
:1003d0001b68db689b899bb21bb223f47c531cb265
:1003e000bb6b1b68db689b899bb2184630f0a8fa90
:1003f0000346dbb203f03e039bb2184630f0a0fa8e
:1004000003461bb223431ab2bb6b1b68db6892b274
:100410009a817b685b6a9ab27b681b8d134499b2a0
:10042000324b1b689ab2bb6b1b688a1a92b21a8154
:10043000bb6b1b685a68bb6b1b681b89194610464f
:1004400020f0bcfdbb6b1b681c89bb6b1b68db68a9
:100450009b899bb2184630f073fa0346dbb203f077
:100460000303002b01d0012300e0002323449ab2b0
:10047000204b1a8011e0bb6b1b68bb63bb6b002b6e
:100480007ff4baae0ae000bf08e000bf06e000bf9c
:1004900004e000bf02e000bf00e000bf786823f086
:1004a000f6fb03e0786823f0f2fb1ae019e00f4b4b
:1004b0001a687b685b6ad31a002b0adb0b4b1a683d
:1004c0007b685b6a7968098d0b44d31a0133002b72
:1004d00007dd7b685b8b43f002039ab27b685a832b
:1004e000ffe700bf5437bd4690bd00bf7c6c452080
:0804f000f8694520666a452009
:020000040000fa
:020000040041b9
:1004f8005244502025703a204e6f20737061636516
:1005080020666f72205244502068656164657220cd
:1005180028636d70290000005244502025703a204d
:1005280053656e6420434d5020532025753a20733f
:10053800796e2025752c2061636b2025752c20652c
:1005480061636b2025752c207273742025752c200f
:100558007365715f6e72202535752c2061636b5f42
:100568006e72202535752c207061636b65745f6c25
:10057800656e2025752028257529000052445020d5
:1005880025703a20494e544552464143452045522c
:10059800524f523a206e6f7420706f737369626c99
:1005a8006520746f2073656e64000000524450200b
:1005b80025703a2043616e6e6f74206465717565ad
:1005c80075652066726f6d2072785f7175657565e7
:1005d80020696e2071756575652064656c6976653e
:1005e800720000005244502025703a20416464652e
:1005f80064204541434b206e7220257500000000a1
:100608005244502025703a20436f6e6e2052582075
:100618006275666665722066756c6c00524450207f
:1006280025703a2052582051756575652064656caf
:1006380069766572206d61746368696e6720456cc0
:10064800656d656e742c207365712025750000003a
:100658005244502025703a2044656c6976657220b2
:1006680073657120257500005244502025703a208a
:1006780043616e6e6f74206465717565756520667b
:10068800726f6d2072785f717565756520696e206f
:10069800717565756520657869737473000000006d
:1006a8005244502025703a2052582051756575657e
:1006b80020657869737473206d61746368696e6707
:1006c80020456c656d656e742c20736571202575e9
:1006d800000000005244502025703a2057652068d9
:1006e8006176652061206d61746368005244502012
:1006f80025703a2043616e6e6f742064657175656c
:1007080075652066726f6d2074785f7175657565a3
:1007180020696e20666c757368204541434b000064
:100728005244502025703a204541434b20636f6d59
:100738007061726520656c656d656e742c207469d6
:100748006d6520256c752c2073657120257500005a
:100758005244502025703a20545820456c656d65e8
:100768006e742025752066726565640052445020b9
:1007780025703a204e756c6c20706f696e746572c6
:100788002070617373656420746f207264702066d2
:100798006c75736820616c6c000000005244502036
:1007a80025703a20466c75736820545820456c654e
:1007b8006d656e742c2074696d6520256c752c2010
:1007c80073657120257500005244502025703a2029
:1007d800466c75736820525820456c656d656e745b
:1007e8002c2074696d6520256c752c20736571202b
:1007f800257500005244502025703a20466f756eca
:10080800642061206c6f737420636f6e6e6563740f
:10081800696f6e20286e6f773a20256c752c2074ce
:10082800733a20256c752c20746f3a20256c752935
:100838002c20636c6f73696e67000000524450206f
:1008480025703a2043616e6e6f742064657175651a
:1008580075652066726f6d2074785f717565756552
:1008680020696e20636865636b2074696d656f75b8
:10087800740000005244502025703a2054582045f6
:100888006c656d656e7420467265652c2074696da3
:100898006520256c752c207365712025752c2075b5
:1008a8006e612025750000005244502025703a20c2
:1008b800545820456c656d656e742074696d656467
:1008c800206f75742c2072657472616e736d697413
:1008d80074696e6720736571202575005244502035
:1008e80025703a2052657472616e736d697373690d
:1008f8006f6e206661696c65640000005244502088
:1009080025703a2057616b65205478207461736ba9
:100918002028636865636b2074696d656f757473ef
:10092800290000005244502025703a205265636522
:100938006976656420696e20532025753a2073799d
:100948006e2025752c2061636b2025752c20656130
:10095800636b2025752c207273742025752c2073e9
:1009680065715f6e72202535752c2061636b5f6e33
:1009780072202535752c207061636b65745f6c651a
:100988006e20257520282575290000005244502026
:1009980025703a2052535420726563656976656400
:1009a80020696e20434c4f534544202d2069676ec3
:1009b8006f726564000000005244502025703a2090
:1009c80052535420726563656976656420696e20a8
:1009d800434c4f53455f574149542c2061636b3a50
:1009e800202564202d20636c6f73696e67000000fa
:1009f8005244502025703a205265636569766564d3
:100a08002052535420696e2073657175656e636555
:100a18002c206e6f206d6f7265206461746120698f
:100a28006e636f6d696e672c207265706c792077c4
:100a380069746820525354005244502025703a205b
:100a4800525354206f7574206f66207365717565f5
:100a58006e63652c206b65657020636f6e6e6563d1
:100a680074696f6e206f70656e00000052445020ec
:100a780025703a204e6f742053594e207265636575
:100a88006976656420696e20434c4f534544207352
:100a9800746174652e2044697363617264696e675a
:100aa800207061636b6574005244502025703a20b1
:100ab80053594e2d526563656976656400000000e0
:100ac8005244502025703a2077696e646f772073fe
:100ad800697a6520256c752c20636f6e6e207469a9
:100ae8006d656f757420256c752c207061636b655e
:100af800742074696d656f757420256c752c20647d
:100b0800656c617965642061636b733a20256c7547
:100b18002c2061636b2074696d656f757420256c7a
:100b2800752c2061636b206561636820256c7520d6
:100b38007061636b657400005244502025703a2040
:100b48004e503a20436f6e6e656374696f6e204f26
:100b580050454e005244502025703a2057616b652d
:100b6800205478207461736b202861636b2900001e
:100b78005244502025703a2048616c662d6f70658c
:100b88006e20636f6e6e656374696f6e20666f7535
:100b98006e642c2073656e642052535420616e6419
:100ba8002077616b65205478207461736b000000b6
:100bb8005244502025703a20496e76616c69642051
:100bc8007265706c7920746f2053594e207265716c
:100bd80075657374000000005244502025703a2057
:100be800496e76616c69642053594e206f72206e8d
:100bf8006f2041434b2c20726573657474696e676e
:100c0800210000005244502025703a2049676e6f39
:100c180072696e67206475706c69636174652053ce
:100c2800594e207061636b65742100005244502056
:100c380025703a20496e76616c6964207365717518
:100c4800656e6365206e756d62657221202575205d
:100c58006e6f74206265747765656e2025752061f6
:100c68006e6420256c7500005244502025703a208f
:100c7800496e76616c69642041434b206e756d62e4
:100c8800657221202575206e6f7420626574776502
:100c9800656e20256c7520616e6420257500000046
:100ca8005244502025703a2053594e2d52435644f1
:100cb8003a2057726f6e672041434b206e756d6204
:100cc800657200005244502025703a204e433a2065
:100cd800436f6e6e656374696f6e204f50454e00aa
:100ce8005244502025703a204552524f5220736f7b
:100cf800636b65742063616e6e6f742061636365f6
:100d08007074206d6f726520636f6e6e65637469b1
:100d18006f6e73005244502025703a204475706cf1
:100d280069636174652073657175656e6365206eae
:100d3800756d6265720000005244502025703a209b
:100d4800496e76616c69642053594e206f72206e2b
:100d58006f2041434b20696e20434c4f53452d571c
:100d6800414954005244502025703a204552524f70
:100d7800522064656661756c7420737461746521b2
:100d8800000000005244502025703a2041637469e5
:100d9800766520636f6e6e6563742c20636f6e6e6c
:100da800207374617465202575000000524450203a
:100db80025703a20436f6e6e656374696f6e2061ab
:100dc8006c7265616479206f70656e0052445020c2
:100dd80025703a2041433a2053656e64696e672056
:100de80053594e005244502025703a2041433a202e
:100df80057616974696e6720666f722053594e2f68
:100e080041434b207265706c792e2e2e0000000035
:100e18005244502025703a2041433a20436f6e6e69
:100e2800656374696f6e204f50454e0052445020e0
:100e380025703a2048616c662d6f70656e20636f6f
:100e48006e6e656374696f6e20646574656374653e
:100e5800642c205253542073656e742c206e6f7767
:100e6800207265747279696e6700000052445020e0
:100e780025703a20436f6e6e656374696f6e2073d8
:100e880074617965642068616c662d6f70656e2c7d
:100e9800206576656e206166746572205253542011
:100ea800616e64207265747279210000524450208a
:100eb80025703a2041433a20436f6e6e656374692a
:100ec8006f6e204661696c656400000052445020d2
:100ed80025703a204552524f522063616e6e6f74ee
:100ee8002073656e642c20636f6e6e656374696f22
:100ef8006e206e6f74206f70656e2028256429003f
:100f08005244502025703a2057616974696e6720f1
:100f1800666f722077696e646f772075706461748c
:100f280065206265666f72652073656e64696e67b9
:100f380020736571202575005244502025703a2091
:100f480054696d656f757420647572696e67207376
:100f5800656e64005244502025703a204552524f25
:100f6800522063616e6e6f742073656e642c20630b
:100f78006f6e6e656374696f6e206e6f74206f702c
:100f8800656e2028256429202d3e207265736574be
:100f9800000000005244502025703a204e6f207304
:100fa8007061636520666f722052445020686561e5
:100fb800646572202873656e6429000052445020cd
:100fc80025703a204661696c656420746f20616cf5
:100fd8006c6f63617465207061636b657420627502
:100fe80066666572000000005244502025703a2061
:100ff8004e6f206d6f726520737061636520696e36
:10100800205244502072657472616e736d69742049
:1010180071756575650000005244502025703a20ae
:1010280053656e64696e672020696e2053202575ac
:101038003a2073796e2025752c2061636b20257505
:101048002c206561636b2025752c20727374202514
:10105800752c207365715f6e72202535752c2061a3
:10106800636b5f6e72202535752c207061636b652c
:10107800745f6c656e202575202825752900000091
:101088005244502025703a204372656174696e6736
:101098002052445020717565756573005244502084
:1010a80025703a204661696c656420746f20696e0a
:1010b800697469616c697a652073656d6170686fc0
:1010c800726500005244502025703a204661696cd0
:1010d800656420746f2063726561746520545820bc
:1010e800717565756520666f7220636f6e6e00009e
:1010f8005244502025703a204661696c656420741a
:101108006f2063726561746520525820717565752a
:101118006520666f7220636f6e6e00002c20736509
:101128006e742052535400000000000052445020b6
:1011380025703a206373705f7264705f636c6f73bd
:10114800652830782578292573202d3e20434c4f7b
:1011580053455f5741495400207573657273706138
:10116800636500002070726f746f636f6c0000001d
:101178002074696d656f757400000000524450203a
:1011880025703a206373705f7264705f636c6f736d
:10119800652830782578292c2077616974696e670d
:1011a80020666f723a2573257325730052445020c8
:1011b80025703a206373705f7264705f636c6f733d
:1011c80065283078257829202d3e20434c4f5345fb
:1011d80044000000095244503a20533a256420281c
:1011e800636c6f7365642062792030782578292cc8
:1011f800207263762025752c20736e642025752c4b
:0b1208002077696e20256c750d0a0030
:020000040000fa
:020000040041b9
:10121400f0b591b008aff860b9600023fb77b86807
:1012240030f07ef8b861bb69b3f803309bb218465e
:1012340030f09cfe03461a46bb69a3f80320bb6941
:10124400b3f801309bb2184630f090fe03461a46bc
:10125400bb69a3f801200223fb75724b5b79002b59
:101264003ad0fa68fb681b7f9c46bb691b78c3f3c2
:10127400c003dbb21946bb691b78c3f38003dbb23e
:101284001846bb691b78c3f34003dbb21c46bb6939
:101294001b78c3f30003dbb21d46bb69b3f801300e
:1012a4009bb21e46bb69b3f803309bb27b60bb683c
:1012b4005b893b60bb685b89053b07933b6806938e
:1012c4007b6805930496039502940190009163460c
:1012d400554905201df02cffbb691b7803f0010361
:1012e400dbb2002b6dd0bb691b7803f00403dbb2c7
:1012f400002b07d0bb69b3f803309ab2fb68013204
:1013040092b21a84fb681b7f002b11d1454b5b7989
:10131400002b05d0fb681a46444905201df008ff40
:10132400fb681b69002b14bf01230023fb77bae37e
:10133400fb681b7f042b0fd13a4b5b79002b00f029
:101344007c83fa68bb691b78c3f38003dbb238493a
:1013540005201df0edfe70e3bb69b3f801309bb2cc
:101364001a46fb689b8c01339a421ed12d4b5b7944
:10137400002b05d0fb681a462e4905201df0d8fe27
:10138400fb6804221a77fc6831f008fd03466361a8
:10139400f868fb68db8b1a46fb689b8c009313464a
:1013a4000a2200210cf05efa52e31e4b5b79002bfb
:1013b40000f06883fb681a461f4905201df0b8fe3b
:1013c40060e3fb681b7f042b00f22c8301a252f81c
:1013d40023f000bfed134100551541006316410091
:1013e400631641003d194100bb691b7803f00803f3
:1013f400dbb2002b24d10b4b5b79002b05d0fb68af
:101404001a460e4905201df093fef868fb68db8b35
:101414001a46fb689b8c00931346082200210cf0ab
:1014240021fa15e3b07445202c09410094094100c8
:10143400c0094100f8094100400a4100740a410012
:101444009e4b5b79002b05d0fb681a469c4905200e
:101454001df06efe31f0f0f80246fb6892b25a8439
:10146400fb685a8cfb68013292b2da83fa68fb6833
:10147400528c1a84fb68ba69b2f8012092b29a8439
:10148400fb68ba69b2f8012092b2da84fb68ba69df
:10149400b2f8012092b21a85bb681b69fc68184631
:1014a40031f016f80346e362bb685b69fc681846d2
:1014b40031f00ef803462363bb689b69fc68184649
:1014c40031f006f803466363bb68db69fc681846c1
:1014d40030f0feff0346a363bb681b6afc68184632
:1014e40030f0f6ff0346e363bb685b6afc681846aa
:1014f40030f0eeff03462364704b5b79002b17d06a
:10150400fd68fb68de6afb681b6bfa68526bf9685e
:10151400896bf868c06bfc68246c04940390029196
:101524000192009333462a46664905201df000fec9
:10153400fb6802221a77f868fb685b8c1a46fb6822
:10154400db8c00931346032200210cf08bf9aae2f2
:10155400bb691b7803f00803dbb2002b50d0bb69d6
:101564001b7803f00403dbb2002b49d0fb68ba6993
:10157400b2f8012092b29a84fb68ba69b2f80120e9
:1015840092b2da84bb69b3f801309ab2fb68013acb
:1015940092b21a85bb69b3f803309ab2fb68013280
:1015a40092b21a84fc6831f0f9fb03466364fb6869
:1015b40003221a77414b5b79002b05d0fb681a464e
:1015c400414905201df0b4fdf868fb68db8b1a4621
:1015d400fb689b8c00931346022200210cf042f915
:1015e400364b5b79002b05d0fb681a46374905203a
:1015f4001df09efdfb68483318462cf05bfb52e25d
:10160400bb691b7803f00403dbb2002b1bd02b4b0c
:101614001b78002b05d0fb681a462d4900201df0cd
:1016240087fdf868fb68db8b1a46fb689b8c00938c
:101634001346082200210cf015f9fb6848331846bc
:101644002cf038fb2fe21d4b1b78002b00f0f781a8
:10165400fb681a461f4900201df06afdefe1bb69d3
:101664001b7803f00803dbb2002b06d1bb691b789f
:1016740003f00403dbb2002b32d1bb69b3f80130b1
:101684009ab2fb68db8c9a420bd00c4b1b78002b74
:1016940000f0d781fb681a460f4900201df048fd71
:1016a400cfe1064b5b79002b00f0ee81fb681a4614
:1016b4000a4905201df03cfde6e100bfb074452059
:1016c400b00a4100c80a4100400b41005c0b4100d4
:1016d400780b4100b80b4100e00b41000c0c4100b9
:1016e400bb69b3f8013098b2fb689b8c013399b2a3
:1016f400fb689a8cfb68db6a9bb25b009bb2134469
:101704009bb21a462df0a2fe0346002b35d1974b0f
:101714005b79002b17d0f968bb69b3f801309bb231
:101724001c46fb689b8c0133fa68928c1046fa685d
:10173400d26a520002440192009323460a468c491d
:1017440005201df0f5fcfb681b7f022b0bd1f8680c
:10175400fb685b8c1a46fb68db8c00931346032200
:1017640000210cf07ff8fb681b7f032b40f08e8177
:10177400fb6818461af008fb88e1bb69b3f803302c
:1017840098b2fb681a8cfb68db6a9bb25b009bb265
:10179400d31a9bb2013b99b2fb68db8b013b9bb232
:1017a4001a462df053fe0346002b1ed16f4b1b78b7
:1017b400002b00f06d81f968bb69b3f803309bb26c
:1017c4001846fb681b8c1a46fb68db6a5b00d31a5d
:1017d400013bfa68d28b013a0192009303460a4610
:1017e400644900201df0a4fc52e1fb681b7f022b1e
:1017f4003ed1bb69b3f803309ab2fb685b8c9a4262
:101804000bd05a4b1b78002b00f01d81fb681a4645
:10181400594900201df08cfc15e1544b5b79002bd9
:1018240005d0fb681a46554905201df081fcfb686c
:1018340003221a77fb681b69002b19d0fb681b690c
:1018440007f10c01002218462ff034fb0346002b4d
:101854000bd1464b1b78002b00f0f780fb681a462f
:10186400474900201df064fcefe0fb6800221a6188
:10187400bb69b3f803309ab2fb68013292b21a849e
:10188400bb691b7803f00203dbb2002b0ad0bb68f0
:101894005b89052b40f2fe80fb68b968184612f09c
:1018a40059fef7e0bb685b89052b40f2f580bb6904
:1018b400b3f801309ab2fb689b8c01339bb29a4215
:1018c4001fd0f868bb69b3f801309bb21a46b968f7
:1018d4002cf02eff0346012b0ed0244b5b79002bfa
:1018e40005d0fb681a46274905201df021fcfb683a
:1018f400184625f0c3f8d6e0fb6818461af044faf7
:10190400d4e0bb695a789b781b021343bb82fb6803
:10191400b96818462bf032fd0346002b40f0be8018
:10192400fb68ba8a9a84fb68184625f0a7f8fb6816
:1019340018461cf0cbfab9e0bb691b7803f0080326
:10194400dbb2002b06d1bb691b7803f00403dbb2c6
:10195400002b1bd1054b5b79002b00f0a180fb68a9
:101964001a46094905201df0e3fb99e0b0744520af
:10197400340c4100700c4100a80c4100cc0c410017
:10198400e80c41001c0d4100400d4100bb69b3f857
:10199400033098b2fb681a8cfb68db6a9bb25b006d
:1019a4009bb2d31a9bb2013b99b2fb68db8b013b20
:1019b4009bb21a462df04afd0346002b1dd13e4b27
:1019c4001b78002b6ed0f968bb69b3f803309bb267
:1019d4001846fb681b8c1a46fb68db6a5b00d31a4b
:1019e400013bfa68d28b013a0192009303460a46fe
:1019f400324900201df09cfb54e0bb69b3f803306e
:101a04009ab2fb68013292b21a84f868fb68db8be5
:101a14001a46fb689b8c009313460a2200210bf0a4
:101a240021ff40e0244b1b78002b10d0fb681a46a2
:101a3400234900201df07cfb09e000bf08e000bf43
:101a440006e000bf04e000bf02e000bf00e000bf0a
:101a5400fb681b69002b0bd1fb68fa7d1146184605
:101a64001bf0e2fffb680021184622f061fd1ae03a
:101a7400fa68fb7d43f00103dbb2194610461bf004
:101a8400d3ff10e000bf0ee000bf0ce000bf0ae08f
:101a940000bf08e000bf06e000bf04e000bf02e0b2
:101aa40000bf00e000bfb8681bf046fffb7f18468c
:101ab4002437bd46f0bd00bfb0744520700c410012
:041ac4006c0d410064
:020000040000fa
:020000040041b9
:101ac80090b58db004af786039609b4bb3f8923015
:101ad80001339ab2984ba3f892207b685b68974ac7
:101ae80013607b685b89132b08d8934bb3f89a3043
:101af80001339ab2904ba3f89a20a3e3904b5b6909
:101b08008f4a12681146184625f000fc0346002b40
:101b180005d18b4b5b6903f0f003e02b08d1864bb2
:101b2800b3f8a03001339ab2834ba3f8a02089e31d
:101b38007b681a89834b0093834b062178682ef0c3
:101b480011ff03463b823b8a002b08d07a4bb3f83f
:101b5800983001339ab2784ba3f8982072e3774b08
:101b68001b689b899bb218462ef0e6fe03461b0baa
:101b78009bb2dbb29b00fb73fb7b132b05d9fb7b72
:101b88009ab27b681b899a4208d96b4bb3f89a3092
:101b980001339ab2684ba3f89a2053e3fb7b9bb2bc
:101ba800143b9ab2694b1a80694b00221a607b6811
:101bb8005a89fb7b9bb29a4209d3644b1a88654bbe
:101bc8001a80fb7b1946786826f0d2fc35e0142190
:101bd800786826f0cdfc7b685a895e4b1a805b4b8f
:101be8001a885c4b1b88d31abb815a4b1b88194631
:101bf800786826f0bdfc7b681b685b89ba899a42c5
:101c080008d94d4bb3f89a3001339ab24a4ba3f82e
:101c18009a2017e37b681b685b684d4a13607b68f2
:101c28001b68ba891146184626f0a2fc7b681a89f7
:101c3800bb89d31a9ab27b681a81404b1b681b88f0
:101c48009bb23e4a146818462ef076fe034623805f
:101c58003a4b1b685b889bb2384a146818462ef0ca
:101c68006bfe03466380354b1b685b68334a146818
:101c780018462df06eff034663606368364a1360aa
:101c88002e4b1b689b682d4a146818462df061ff7f
:101c98000346a360a368314a1360284b1b68db899d
:101ca8009bb2264a146818462ef046fe0346e38186
:101cb800224b1b689b899bb218462ef03dfe0346bb
:101cc800dbb203f03f03dab2254b1a707b681a893e
:101cd800244b1a80224b1b7803f00303002b14d0eb
:101ce800204b1b8801339ab21e4b1a807b681a89d5
:101cf8001c4b1b889a4208d90f4bb3f89a30013312
:101d08009ab20d4ba3f89a209ce20023bb61164bb4
:101d18001b68fb6163e0fb691b7a002b26d0fb691b
:101d28001a7a074b5b6893f82c300133dbb29a427e
:101d38001cd0fb69bb614fe03c5b4520746c4520bf
:101d4800306945204469452040694520366a452068
:101d5800786c4520426a45207c6c4520806c452083
:101d6800736a4520666a45206c6c4520fb691a8bae
:101d7800684b1b681b889bb29a422bd1fb69da8a95
:101d8800644b1b685b889bb29a4223d1fb695a68f3
:101d9800614b1b699a421dd1fb691a685e4b5b69ee
:101da8009a4217d1bb69002b0bd0fb69da68bb6973
:101db800da605a4b1a68fb69da60584afb691360a3
:101dc80010e0574bb3f8a63001339ab2544ba3f83e
:101dd800a62007e0fb69bb61fb69db68fb61fb6967
:101de800002b98d1fb69002b40f0a0804d4b1b685d
:101df800fb6134e0fb691b7a002b09d0fb691a7a76
:101e0800454b5b6893f82c300133dbb29a4222d100
:101e1800fb691a8b3f4b1b681b889bb29a421bd1ec
:101e2800fb69da8a3b4b1b685b889bb29a4213d1e9
:101e3800fb695a68384b1b699a420dd1fb691a68cd
:101e4800354b5b699a4207d1f8691df0d9f9786872
:101e580020f01dff03e200bffb69db68fb61fb6943
:101e6800002bc7d10023bb612f4b1b687b612ae085
:101e78007b691b7a002b0cd07b691a7a264b5b682e
:101e880093f82c300133dbb29a4202d07b69bb61f4
:101e980016e07b69da8a1f4b1b685b889bb29a4203
:101ea8000cd17b691a681c4b5b699a420fd07b691d
:101eb800002b0dd07b691b68002b09d07b69bb61a7
:101ec8007b69db687b617b69002bd1d100e000bfb7
:101ed8007b69002b2ad0bb69002b0bd07b69da68a1
:101ee800bb69da60104b1a687b69da600e4a7b6955
:101ef800136007e00a4bb3f8a63001339ab2084bd7
:101f0800a3f8a62078690ff09ffa786820f0bffe42
:101f1800a5e100bf746c4520306945206c6c4520f4
:101f28003c5b4520706c4520686c4520fb69002ba4
:101f380000f04e819c4b00221a607b681a899a4bec
:101f48001a81994a7b685360984b1b68964ad360fc
:101f5800974b00221a60974b00221a70964b00226a
:101f68001a80964b1b7803f00803002b06d07b6879
:101f78005b7b43f00103dab27b685a73fb699b6fa2
:101f8800002b1ed0f8691cf0fdfc034613f10d0f61
:101f980007d0fb699b6f002b13d0894b1b88002b44
:101fa8000fd0fb695b8d002b02d1f86921f06bfe25
:101fb800844bb3f8963001339ab2824ba3f896203b
:101fc800dfe0814afb691360f86900f059f90346bc
:101fd800fb7497f9133013f10d0f00f0c780754ba0
:101fe8001b7803f00803002b15d0fb69d3f8903059
:101ff800002b08d0fb69d3f89030fa6912696ff0aa
:102008000d0110469847f969704822f01df8f869e3
:1020180030f080fab5e00023fb74674b1b88002b77
:102028001dd0654b1b887b81fb69d3f88030002b62
:102038000ad0fb69d3f88030fa6910697a89f9699e
:1020480098470346fb7401e00023fb7497f91330ab
:1020580013f10d0f00f08c80574b00221a80f8699d
:1020680028f09cf90346002b40f08480504b1b68f5
:10207800002b36d0fb695b8b03f01003002b08d0d4
:102088004b4b1b68184620f002fef86930f05afaec
:1020980077e0fb69d3f88430002b0cd0fb69d3f8c8
:1020a8008440fb691869424b1a680023f969a04704
:1020b8000346fb7408e03e4b1a680023f9690020c8
:1020c8002af096f90346fb7497f9133013f10d0fb4
:1020d80052d097f91330002b03d0354b1a68fb699f
:1020e8009a67344b1b7803f02003002b31d0fb692f
:1020f8009b6f002b09d0fb699b6f5a7bfb699b6f19
:1021080042f02002d2b25a7323e0fb691b8d41f2e0
:10211800d062934205d0fb691b8d01339ab2fb69eb
:102128001a85fb69d3f88430002b0bd0fb69d3f8f0
:102138008440fb69186900230022f969a047034617
:10214800fb7401e00023fb7497f9133013f10d0fb2
:1021580014d01d4b00221a60f86928f01ff90346b5
:10216800002b0dd1f86907f0d9f80ae000bf08e0a4
:1021780000bf06e000bf04e000bf02e000bf00e0cf
:1021880000bf114b00221a60094b00221a60064b4f
:102198005b68002b62d0044b5b68184620f077fd23
:1021a800014b00225a6059e0f8694520746c4520bb
:1021b800846c45207e6a45205a6a4520736a45200a
:1021c800666a45203c5b4520886c45206c6c452040
:1021d800244b1b689b899bb218462ef0adfb034627
:1021e800dbb203f00403002b28d11f4bb3f8a03057
:1021f80001339ab21c4ba3f8a0201b4bb3f89630be
:1022080001339ab2184ba3f89620184b1968184b4b
:102218001b881a46174b1b68d018124b1b685b8823
:102228009bb2104a1268128892b202920193124b22
:102238000093124b0246002027f09ffa786820f09e
:1022480026fd0be0084bb3f8963001339ab2064be3
:10225800a3f89620786820f01afd00e000bf243724
:10226800bd4690bd746c45203c5b4520806c452084
:10227800666a45207c6c45204069452044694520b4
:020000040000fa
:020000040041b9
:1022880090b58db004af78600023fb760023bb7651
:102298009c4b1b7803f00403002b43d07b681b7d09
:1022a800022b08d17b681a6d974b1b689a4223d181
:1022b8000123fb7620e07b685a6a944b1b689a429c
:1022c80002d10123fb7617e0904b1a687b685b6aa2
:1022d800d31a002b10db8d4b1a687b685b6a796810
:1022e800098d0b44d31a002b06dc7b685b8b43f00b
:1022f80002039ab27b685a83fb7e002b10d0844b72
:102308001b7843f00803dab2814b1a707b685b8b49
:1023180023f001039ab27b685a836ff00d0345e3fb
:10232800002343e3774b1b7803f00203002b10d004
:102338007b681b7d022b0cd07b681b7d032b08d090
:102348007b685b8b43f002039ab27b685a83002355
:102358002ce37b685b8b03f01003002b03d16d4be0
:102368001a687b681a627b68002283f89b207b6866
:10237800002283f89a2078681df01afc7b681b7d80
:10238800023b072b00f2028301a252f823f000bfa0
:10239800b9234100a3254100032741002d2741000f
:1023a8004328410003274100cf2841005f2941000d
:1023b800544b1b7803f01003002b00f0c180514be5
:1023c8001b7803f00203002b00f0ba807b685b6c7b
:1023d8005a1c4d4b1b689a4240f0b2804b4b1b680d
:1023e8005a1c7b685a627b685a6a7b68da62464b79
:1023f8001a687b685a64484b1b68db899ab27b6809
:10240800a3f860207b68b3f860207b68a3f862209b
:102418003e4b1b685a1e7b685a657b6804221a75f6
:102428007b685c8e7b680433184626f049fb0146be
:102438007b6804331a46204628f0eaff03461a460a
:102448007b685a867b685b8e9a007b685b8e5b0034
:1024580041f21c118b4238bf0b469a4204d27b686a
:102468005b8e9b009bb20de07b685b8e5b0041f24c
:102478001c12934204d97b685b8e5b009bb201e01f
:1024880041f21c137a68a2f848307b68b3f86630ca
:10249800013b9ab27b68a3f866207b681b6ffb61df
:1024a800fb69002b07d17b68db6efb61fb691a684f
:1024b8007b68da6603e0fb691a687b681a67f86963
:1024c8002df00cff7b681b6f002b04d17b684ff647
:1024d800ff721a8606e07b6800221a867b68002253
:1024e80083f842207b68d3f88830002b16d07b68ad
:1024f800d3f888307a6810690022796898470346cb
:10250800bb760de0736a4520806c45207c6c4520c5
:102518007e6a4520606c4520746c45200023bb769c
:1025280097f91a3013f10d0f02d16ff00c033de249
:102538007b685b8b43f002039ab27b685a8327e27d
:10254800964b1b7803f01003002b00f02182944b6c
:102558001968944b1b881a46934b1b68d018934be9
:102568001b685b889bb2914a1268128892b20292e9
:1025780001938f4b00938f4b0246786827f0fdf844
:102588007b6893f84230052b00f202827b680022b8
:102598001a8678682ff07af8fae1804b1b7803f0f6
:1025a8001003002b00f095807d4b1a687b685b6cec
:1025b800d31a013b002b72db794b1a687b681b6dc1
:1025c800d31a002b6bdc7b6804221a757b68db6fdf
:1025d800002b02d1fa23bb7611e07b68db6f9b6985
:1025e800002b0ad07b68db6f9b697a681069002230
:1025f800796898470346bb7601e0f023bb7697f9e4
:102608001a30002b0ad097f91a3013f10d0f02d0a7
:1026180078682ff097ff6ff00c03c7e17868fdf733
:1026280093f8654b1b88002b05d0634b1b88013b37
:102638009ab2614b1a807b685b8e9a007b685b8ece
:102648005b0041f21c118b4238bf0b469a4204d200
:102658007b685b8e9b009bb20de07b685b8e5b00aa
:1026680041f21c12934204d97b685b8e5b009bb2db
:1026780001e041f21c137a68a2f848304f4b1b78ee
:1026880003f02003002b37d07b685b8b43f00203f9
:102698009ab27b685a837b6807221a752ce0404bf4
:1026a8001968404b1b881a463f4b1b68d0183f4b94
:1026b8001b685b889bb23d4a1268128892b20292ec
:1026c80001933b4b00933b4b0246786827f055f843
:1026d80060e1324b1b7803f00203002b00f05a81b3
:1026e8007b685b6a5a1e304b1b689a4240f05281e5
:1026f80078681ff027fd4de14ce17868fdf724f874
:102708002e4b1b7803f02003002b00f045817b68db
:102718005b8b43f002039ab27b685a837b6807227b
:102728001a7539e17868fdf70ff8244b1b7803f028
:102738002003002b6ad0194b1b7803f01003002be1
:1027480059d07b681a6d164b1b689a4253d17b6827
:10275800db6e002b4fd17b685b8b43f002039ab290
:102768007b685a83786824f00bfa154b1b687a68e3
:102778009a4205d1124b1b68db68114a136027e0a7
:102788000f4b1b687b6120e07b69db687a689a42a3
:1027980018d17b68da687b69da6019e0736a4520ca
:1027a800806c4520666a45207c6c4520746c452009
:1027b80040694520446945205a6a45207e6a45207b
:1027c8006c6c45207b69db687b617b69002bdbd106
:1027d8007b680022da60774b01221a707b680a2234
:1027e8001a75754b1a687b68da60734a7b681360e0
:1027f8002cf01cf8d2e07b685b8b43f002039ab2a2
:102808007b685a837b6808221a75c7e06b4b1b7874
:1028180003f01003002b00f0c1807b681a6d684b31
:102828001b689a4240f0ba807b68db6e002b40f050
:10283800b5807b6806221a75b0e07868fcf784ffdb
:10284800604b1b7803f02003002b00f0a9807b6805
:102858005b8b43f002039ab27b685a83786824f052
:102868008ff9594b1b687a689a4205d1564b1b68f9
:10287800db68554a136013e0534b1b683b610ce05f
:102888003b69db687a689a4204d17b68da683b69fd
:10289800da6005e03b69db683b613b69002befd1ff
:1028a8007b680022da60434b01221a707b680a2297
:1028b8001a75414b1a687b68da603f4a7b68136077
:1028c8002bf0b4ff6ce07868fcf73eff3b4b1b78bd
:1028d80003f01003002b65d07b681a6d384b1b681a
:1028e8009a425fd17b68db6e002b5bd1786824f05d
:1028f80047f9354b1b687a689a4205d1324b1b68f9
:10290800db68314a136013e02f4b1b68fb600ce057
:10291800fb68db687a689a4204d17b68da68fb68ee
:10292800da6005e0fb68db68fb60fb68002befd131
:102938007b680022da601f4b01221a707b680a222a
:102948001a751d4b1a687b68da601b4a7b6813602e
:102958002bf06cff26e07868fcf7f6fe174b1b7827
:1029680003f01003002b1fd07b681a6d144b1b68f3
:102978009a4219d17b68db6e002b15d1114b1b785d
:1029880043f01003dab20f4b1a700de000bf0ce0f1
:1029980000bf0ae000bf08e000bf06e000bf04e097
:1029a80000bf02e000bf00e000bf00231846243744
:1029b800bd4690bd6f674520706c4520736a452001
:0c29c800806c45207e6a45206c6c452028
:020000040000fa
:020000040041b9
:0429d400c0a8060889
:020000040000fa
:020000040041b9
:1029d8002de9f04f2ded088badf5077d9ded98aafb
:1029e8000193999b02930546934608460022302896
:1029f8004bd02e286cd1eb6be96c8b4252d2591c10
:102a0800e96318780024a246302851d00121002318
:102a1800069398461e461f46994600bfa0f1300c03
:102a2800bcf1090f68d92e2856d0002904bf3446b6
:102a38009a46002a00f03c8340f02001652940f0c6
:102a4800508302990393284614f0d2ffb1f1004f46
:102a580008bf0028039b0ad1029a002a00f0358398
:102a6800ea6c12b1ea6b013aea63002001462018c9
:102a780004464aeb010a069a002a76d19feda67b06
:102a8800b8eeca0b20ee070b25e3eb6bea6c93421a
:102a980004d25a1cea6318780122a8e7284628f0cd
:102aa8003bfdf9e72846039228f036fd039aa9e78b
:102ab800eb6bea6c013c6af1000a934204d25a1c9f
:102ac800ea63187801229fe7284628f025fdf9e7f0
:102ad80000210c468a469ae70029aad134469a462c
:102ae8000121d5f83cc0e86c844534d20cf10100d2
:102af800e8639cf8000091e7013643f100037c2f5e
:102b080020dc302818bfb04606aab9f1000f0fd054
:102b180052f8272006a802eb820209f101090ceb02
:102b28004202b9f1090f40f8272006d00122d8e760
:102b380042f827c04ff00109f8e7013701224ff0aa
:102b48000009cee730281fbf829840f0010082902c
:102b580040f25c48c5e72846cde90413039228f003
:102b6800dbfcdde90413039a58e7534508bfa64286
:102b780010d10a2e73f100030cdabbf11e0f02dc30
:102b880032fa0bf306d107ee902ab8eeca0bb8ee6c
:102b9800677b77e7019b03ebd3735b105b42da1724
:102ba800a34272eb0a0209da614b9fed5d7b222298
:102bb800b8eeca0b1a6020ee070b63e7019ba3f17e
:102bc8006a02d31794427aeb030307da584b22229e
:102bd8009fed557bb8eeca0b1a60ece7b9f1000f10
:102be8001dd1b8f1080fa1464fdca0454ddc112cd2
:102bf8004bdc092c18d19ded060ab8eecaabb8ee2d
:102c0800400b20ee0a0b66e206ab06aa53f8273003
:102c180003eb83035b0042f8273009f10109b9f19e
:102c2800080ff1dd0137dce7082c13dc414b9ded83
:102c3800067ac4f1080403eb8403b8ee477bb8eec8
:102c4800caab27ee0aab93ed007ab8eec77b8aeee3
:102c5800070b40e2a4f10903a3eb83035b441e2b9b
:102c680002dc069ada4010d1324b9ded060a0a3c86
:102c780003eb840393ed007ab8ee400bb8eecaabd1
:102c8800b8eec77b20ee0a0bfce63e4606ab013fda
:102c980053f82730002bf8d0092594fbf5f505eb00
:102ca800c505651b18d0002cb8bf0935214bdff8c6
:102cb8008880c5f1080206ac53f822700023184634
:102cc8001a46b2420ad11bb106aa42f8263001368a
:102cd800c5f10905a944054600274de02168b1fb67
:102ce800f7fe82420eeb030c07fb1e1198fbf7f36d
:102cf80044f804cb01fb03f302f10102e1d1bcf17a
:102d0800000fded102f07f00a9f10909d9e70023fd
:102d180090e000bfaff3008000000000000000005a
:102d2800ffffffffffffef7f000000000000100023
:102d3800c06c4520e41b440000ca9a3bac4240f0fa
:102d48008880cbb1013d05f07f05ae4209f1090944
:102d58000ed102f07f06721e02f07f0206a906a8b5
:102d680051f8221050f82600014306a840f8221016
:102d780006aa42f8253000bfb9f1110f3eddb9f1be
:102d8800120f35d0dff820a3dff820e3b54212d0c8
:102d980006abc14a53f8253093420cd9013293420d
:102da8000cd16b1c03f07f03b34204d006aa52f87f
:102db8002330534502d2b9f1120f75d0b9f11b0f68
:102dc800ccbf09200120012282400744013a4efa73
:102dd80000f82b460021b3423fd1002961d05a1c8c
:102de80002f07f02aa4251d006a840f8231059e009
:102df80006aba94a53f825309342c3d8741e002362
:102e0800dff8a8a21d3f04f07f04984606aa52f8ee
:102e18002420d1085207d01841f10001824578ebef
:102e28000103bff474af94a3d3e900232df09efaf5
:102e38000346104606aa42f82400721e02f07f01db
:102e4800a1427ff47bafac423ff47baf002808bfc0
:102e58002646013c04f07f04d8e706acab4254f8a0
:102e680023c02cfa00f40c4406a90cea020c41f821
:102e7800234008fb0cf103f1010304d11cb903f052
:102e88007f05a9f1090903f07f03a4e7721e02f088
:102e98007f0206ab06a953f8223043f0010341f83c
:102ea80022303246164671e7b54205f1010306d1d4
:102eb80003f07f06721e06a8002140f8221006aa19
:102ec8009fed6f6b52f82520029207ee902a03f0cf
:102ed8007f039e42b8ee677b37ee067b07d101364b
:102ee80006f07f06721e06a8002140f8221006aae6
:102ef80002eb830393ed008a019b9fed636b07f15f
:102f08003508a8eb03045c45b8ee488bb8eecaabad
:102f180007ee068b2aee088b80f29080002cc0f218
:102f28009180a1464ff0010ab9f1340f00f38f8068
:102f3800b7ee000bc9f1690028f090feb0ee481b0f
:102f48002ff0f4fdc9f13500b0ee409bb7ee000b51
:102f580028f084feb0ee401bb0ee480b2ff0e2ffe5
:102f680038ee408bb0ee40bb39ee088bab1c03f05b
:102f78007f03b34222d006aa52f82330474a93422d
:102f88006ad823b9033505f07f05b54203d0b5eefd
:102f9800007b0aee07bbc9f13503012b0eddb7ee46
:102fa800001bb0ee4b0b2ff0bdffb5ee400bf1ee62
:102fb80010fa03d1b7ee007b3bee07bb019b38ee5e
:102fc8000b8b5d42a5eb0b056b1e28f000484345b3
:102fd80038ee498b27dcb0ee480b2ff09fff9fedb2
:102fe8002c7bb4eec70bf1ee10fa0cdbbaf1000f34
:102ff80004d0b4eb090a18bf4ff0010a0137b6ee46
:10300800007b28ee078b07f134030335ab4207da60
:10301800baf1000f07d0b5ee40bbf1ee10fa02d0be
:103028001f4b22221a603846b0ee480b0df5077d7b
:10303800bdec088bbde8f04f2ff06cbfd9464ff0c0
:10304800000a71e74ff0010a4ff0000970e79feda1
:103058000c9bb0ee49bb89e7124a934202d0b6ee08
:10306800087b96e7033505f07f05b542f7d1b6ee44
:10307800007b8ee7aff3008000ca9a3b0000000097
:1030880000000000000000000000000065cdcd41f8
:1030980000000000000040435e708900ff64cd1d01
:1030a800c06c45200065cd1d000a2f0f00ca9a3b51
:1030b800002807dbe96c11b1e96b0139e963002ae3
:1030c8007ff4d9ac0a4b16221a60002128462ff04b
:1030d800bdfa9fed050b0df5077dbdec088bbde82e
:1030e800f08f0028e6dac6e40000000000000000c7
:0430f800c06c452043
:020000040000fa
:020000040041b9
:1030fc0090c1400098c140009cc1400000000000fd
:10310c00000000009178410090c14000c0c1400017
:10311c00c8c140000000000000000000898f410081
:10312c0090c14000f0c14000f4c14000000000001c
:10313c000000000051f7430008c2400010c24000dc
:10314c0018c24000010000000000000055f34100cf
:10315c0008c240004cc2400054c2400001000000b4
:10316c0000000000a9c0410008c2400088c2400015
:10317c0094c2400001000000000000005dd7420036
:10318c00c0c24000c8c24000d0c2400000000000d5
:10319c000000000085e14100c0c24000f0c24000c8
:1031ac00f8c240000100000000000000cd5e4300aa
:1031bc0014c340001cc3400024c3400000000000a6
:1031cc0000000000c57d420014c340003cc3400019
:1031dc0048c340000100000000000000191a420022
:1031ec0014c3400078c3400084c3400001000000b9
:1031fc00000000005dca410014c34000a8c3400099
:10320c00b4c3400001000000000000004563420010
:10321c0014c34000dcc34000e8c3400001000000c0
:10322c0000000000a921420014c3400010c440005b
:10323c001cc4400000000000000000006d4841006c
:10324c0038c440003cc4400048c4400001000000a9
:10325c00000000001535420070c4400074c44000ea
:10326c0080c44000010000000000000049b742008b
:10327c0070c44000acc44000b8c440000100000061
:10328c0000000000114d420070c44000e4c4400036
:10329c00f0c440000000000000000000754943002d
:1032ac0008c5400010c540001cc5400001000000ce
:1032bc00000000007192420008c5400054c5400057
:1032cc0060c5400001000000000000000d884100b6
:1032dc00a4c54000a8c54000b0c5400001000000d6
:1032ec0000000000b1f14300a4c54000ccc5400073
:1032fc00d8c540000100000000000000e9f14300c7
:10330c00f8c54000fcc540000cc6400001000000a0
:10331c000000000035594300f8c540003cc6400091
:10332c004cc640000100000000000000c5594300dd
:10333c00f8c5400080c6400090c640000100000067
:10334c00000000002d14430000000000c4c6400023
:10335c00ccc6400000000000000000007f2b4400a1
:10336c00e0c64000e4c64000f0c64000010000008a
:10337c0000000000c594420020c7400028c7400050
:10338c0038c74000000000000000000015fd43009d
:10339c0020c7400064c7400074c740000000000014
:1033ac000000000045fd430020c74000a4c74000ba
:1033bc00b4c74000000000000000000011da430018
:1033cc0020c74000dcc74000f0c7400000000000f0
:1033dc000000000075fd430020c7400028c84000d5
:1033ec003cc840000000000000000000a5fd4300a8
:1033fc0020c7400078c840008cc840000000000086
:10340c000000000055da430020c74000c0c840004f
:10341c00d0c840000000000000000000d5fd4300b3
:10342c0020c74000fcc840000cc940000000000050
:10343c000000000005fe430020c740003cc94000ce
:10344c004cc94000000000000000000099da430065
:10345c0020c7400074c9400084c94000000000002f
:10346c000000000035fe430020c74000b0c94000fa
:10347c00c0c94000000000000000000065fe4300d1
:10348c0020c74000f0c9400000ca40000000000006
:10349c0000000000ddda430020c7400028ca4000cd
:1034ac003cca4000000000000000000095fe4300f4
:1034bc0020c7400074ca400088ca400000000000c9
:1034cc0000000000c5fe430020c74000c0ca4000f9
:1034dc00d4ca4000000000000000000021db4300c3
:1034ec0020c7400008cb400014cb40000000000077
:1034fc0000000000f5fe430020c7400040cb400018
:10350c0050cb4000000000000000000025ff4300ed
:10351c0020c740007ccb40008ccb4000000000005a
:10352c000000000065db430020c74000b4cb400026
:10353c00c4cb4000000000000000000055ff430019
:10354c0020c74000f8cb40000ccc4000000000002d
:10355c000000000085ff430020c7400040cc400025
:10356c0054cc40000000000000000000a9db430028
:10357c0020c7400084cc400094cc400000000000e8
:10358c0000000000b5ff430020c74000c8cc40003d
:10359c00d8cc40000000000000000000e5ff430014
:1035ac0020c740000ccd40001ccd400000000000a6
:1035bc0000000000358542004ccd400054cd400049
:1035cc0064cd400000000000000000006d1e4300b0
:1035dc004ccd400098cd400064cd40000000000070
:1035ec000000000045e442004ccd4000a8cd400056
:1035fc00b8cd4000000000000000000021f24300a4
:10360c004ccd4000f8cd400008ce4000000000003a
:10361c0000000000150044004cce400054ce400089
:10362c005cce400001000000000000000d4a430089
:10363c004cce400068ce400078ce40000100000027
:10364c000000000001b143004cce400090ce400081
:10365c0090ce4000000000000000000089c0430034
:10366c00a0ce4000a4ce40001ccd400001000000c4
:10367c00000000004dd84200a0ce4000b0ce40006b
:10368c001ccd40000100000000000000b1c242004f
:10369c00a0ce4000b8ce40001ccd40000100000080
:1036ac0000000000b9514300a0ce4000c0ce400045
:1036bc001ccd400001000000000000004d524300f2
:1036cc00a0ce4000ccce40001ccd4000010000003c
:1036dc000000000055b84200dcce4000e4ce4000b3
:1036ec001ccd40000100000000000000313d4300f3
:1036fc00dcce4000f8ce40001ccd400001000000a4
:10370c0000000000a54a4300dcce400008cf40007a
:10371c001ccd400001000000000000003d4b4300a8
:10372c0000000000c4c64000ccc6400000000000f1
:08373c00000000007f2b440097
:020000040000fa
:020000040041b9
:1037440090b5abb000af78600b46fb70002387f8f0
:10375400a7307b685b78023b052b00f2578201a2fd
:1037640052f823f081374100d5374100a137410099
:10377400bb374100873a41009d3a41009e4b0022ed
:103784001a709d4b00225a709b4b00221a719a4b5f
:1037940000229a70012387f8a73042e2964b1b78e7
:1037a400dbb2002b00f03682934b01229a70012386
:1037b40087f8a7302ee2904b1b78dbb2002b00f089
:1037c4002b828d4b00229a70012387f8a73023e2c5
:1037d400002387f8a63048e097f8a63087f897309a
:1037e4000023c7f89030854b1b7897f897209a42ae
:1037f4000bd2834b196897f897201346db001344c8
:103804009b000b44c7f8903014e07c4b1b7897f86e
:103814009720d31a87f8973097f89730002b09d15f
:1038240097f897201346db0013449b00754a134412
:10383400c7f89030d7f89030c7f89830d7f8983058
:10384400002b0dd0d7f898301b6a002b08d0d7f87e
:1038540098301b6a7a6810787a68526811469847db
:1038640097f8a630013387f8a630644b1b780133f0
:10387400dbb297f8a6209a42aed35f4b9b78dbb2bb
:10388400002b71d05c4b00229a7007f11c030022bc
:103894001a605a609a607b681b783b7705237b77b4
:1038a40007f11c03c7f88c30fb7887f88b30564b34
:1038b4001b68c7f88430d7f88c30c7f8803097f885
:1038c4008b3087f87f3097f87f3083f00103dbb2c9
:1038d400002b0fd000234ff0ff32d7f88010d7f819
:1038e40084000cf0b9fe0346002b14bf012300230f
:1038f400dbb21ce00023bb6107f118020023d7f8f8
:103904008010d7f8840012f0c6f8b867bb69002ba2
:1039140007d03e4b4ff080521a60bff34f8fbff376
:103924006f8fbb6f002b14bf01230023dbb283f026
:103934000103dbb2002b09d0354b7b677b6f1b681f
:1039440003f00103002b0ed000be0ce0d7f88c303e
:103954001878d7f88c305b78194697f88b301a466c
:103964002ef02efb00e000bf234b9b79dbb23b67bc
:10397400002387f86f3097f86f303a6f22fa03f319
:1039840003f00103002b14bf01230023dbb2002b3f
:1039940000f0448107f10c0300221a605a609a6017
:1039a4007b681b783b7303237b737b685b683b6199
:1039b40007f10c03bb66fb7887f86730124b1b6872
:1039c4003b66bb6efb6597f8673087f85b3097f80a
:1039d4005b3083f00103dbb2002b1bd000234ff0dc
:1039e400ff32f96d386e0cf037fe0346002b14bf1e
:1039f40001230023dbb228e08c6645208a6a452037
:103a04009c6c452068144400a46c452004ed00e03f
:103a1400f0ed00e00023bb6007f108020023f96d1c
:103a2400386e12f038f87865bb68002b07d0ad4bc0
:103a34004ff080521a60bff34f8fbff36f8f7b6dcf
:103a4400002b14bf01230023dbb283f00103dbb29c
:103a5400002b09d0a44b3b653b6d1b6803f00103ad
:103a6400002b0cd000be0ae0bb6e1878bb6e5b78ee
:103a7400194697f867301a462ef0a2fa00e000bf04
:103a8400cce09a4b1b78dbb20133dab2974b1a7055
:103a9400012387f8a730c4e07b681b7987f8a53039
:103aa40097f8a53087f84e3097f84e3003f00f039f
:103ab400dbb287f8a43097f8a53087f84f3097f831
:103ac4004f30db09dbb287f8a330012387f8a73036
:103ad40097f8a430002b00f0a38097f8a42097f85f
:103ae400a330834952000a44134417331b7887f8e0
:103af4004d300023bb647f4b1b7897f84d209a42ce
:103b04000ad27d4b196897f84d201346db00134405
:103b14009b000b44bb6413e0764b1b7897f84d2055
:103b2400d31a87f84d3097f84d30002b08d197f809
:103b34004d201346db0013449b00704a1344bb64be
:103b4400bb6cc7f89c30d7f89c30002b68d0d7f8f2
:103b54009c30db69002b63d097f8a42097f8a3303e
:103b6400634952000a44134403f12802d37823f032
:103b74000103d37097f8a42097f8a3305c4952004e
:103b84000a44134403f12802d37823f00403d370c6
:103b9400d7f89c30dc697b6818787b685a797b6835
:103ba4009b6897f8a510a0470346002b14bf012378
:103bb4000023dbb283f00103dbb287f8a73097f868
:103bc400a73003f0010387f8a73097f8a730002b3c
:103bd40026d097f8a42097f8a330454952000a4408
:103be400134403f12802d37843f00103d37097f808
:103bf400a42097f8a3303e4952000a44134403f129
:103c04002802d37843f00403d37009e0012387f832
:103c1400a73006e000bf04e000bf02e000bf00e000
:103c240000bf97f8a730002b58d07b687b64fb78e3
:103c340087f84330324b1b68fb637b6cbb6397f89c
:103c4400433087f8373097f8373083f00103dbb21d
:103c5400002b0dd000234ff0ff32b96bf86b0cf042
:103c6400fbfc0346002b14bf01230023dbb21ae044
:103c74000023bb6207f128020023b96bf86b11f033
:103c84000aff3863bb6a002b07d0164b4ff08052f3
:103c94001a60bff34f8fbff36f8f3b6b002b14bfc2
:103ca40001230023dbb283f00103dbb2002b09d034
:103cb4000d4bfb62fb6a1b6803f00103002b0cd065
:103cc40000be0ae07b6c18787b6c5b78194697f829
:103cd40043301a462ef074f900e000bf00bfac3741
:103ce400bd4690bd04ed00e0f0ed00e07f6a4520a4
:103cf4008c6645208a6a45209c6c452068144400e3
:043d0400a46c452046
:020000040000fa
:020000040041b9
:103d080080b59ab000af03463960fb7100202df0f2
:103d180055ff3b681b7803f06003dbb2602b0ad1c8
:103d2800a64b3b633b6b1b6803f00103002b00d0e1
:103d380000be0023bee23b681b7803f06003dbb2e1
:103d4800402b0ad19e482df039fffb793a680121b2
:103d5800184624f0d5fd0346ace23b681b78c3f354
:103d68000403dbb2022b00f0c381022b00f395821f
:103d7800002b03d0012b00f045818ee23b681b78b5
:103d880003f06003dbb2202b4ad13b689b889bb2cf
:103d9800fb85fb8ddbb287f83f3097f83f300f2b60
:103da80001d9002386e297f83f30864a1344db792d
:103db80087f82d300023bb62834b1b7897f82d20a2
:103dc8009a420ad2814b196897f82d201346db00d6
:103dd80013449b000b44bb6213e07b4b1b7897f8a2
:103de8002d20d31a87f82d3097f82d30002b08d1c5
:103df80097f82d201346db0013449b00744a1344a4
:103e0800bb62bb6abb63bb6b002b01d1002351e2d1
:103e1800fb793a68b96b18462cf061fb034649e216
:103e28003b681b7803f06003dbb2002b0ad0634bbe
:103e38003b643b6c1b6803f00103002b00d000be01
:103e4800002337e23b685b78092b00f2ce8001a2a1
:103e580052f823f0dd3f41009f3f4100f33f41000e
:103e6800793f4100f33f4100853e41005f3f4100fb
:103e7800f33f4100a53e4100bb3e410038682bf0ae
:103e8800cffd3b685b889bb2dab2fb7911461846d6
:103e98002af02cfd4b4b01225a70b2e0494b1b799a
:103ea800fb7407f11302f879012339681af0dafd77
:103eb800a7e03b685b889bb287f84f30414b1b7982
:103ec80097f84f209a4240d03e4b1b79002b14d0d4
:103ed800fb79002118462ef08df8fb7918462ef054
:103ee80032fc384b5b7987f84e30fb7918461af06c
:103ef80073ff344a97f84e305371324a97f84f306f
:103f0800137197f84f30002b02d12ef076ff1ce08a
:103f180097f84f20fb791146184609f053fa0346e3
:103f280083f00103dbb2002b0dd0264b00221a715f
:103f3800224bbb64bb6c1b6803f00103002b00d051
:103f480000be0023b6e12ef051fffb793968184610
:103f58002af0acfc55e0fb79396818460ff022f9d5
:103f6800034683f00103dbb2002b49d00023a1e113
:103f78003b685b889bb2012b0bd1124ad37843f084
:103f88000203d370fb79396818462af08ffc00bf0a
:103f980037e000238ee13b685b889bb2012b01d0a0
:103fa800002387e1074ad37823f00203d370fb7913
:103fb800396818462af07afc23e000bff0ed00e0eb
:103fc800098943008c6645208a6a45209c6c4520f7
:103fd80068144400a54bdb783b8207f11002f8799e
:103fe800022339681af03efd0be0a14b7b647b6c21
:103ff8001b6803f00103002b00d000be002359e129
:1040080000bf56e13b689b889bb2fb84fb8cdbb20c
:1040180087f8573097f857300f2b01d9002349e11b
:1040280097f85730914a1344db7987f825300023f5
:104038003b62904b1b7897f825209a420ad28e4b08
:10404800196897f825201346db0013449b000b449e
:104058003b6213e0874b1b7897f82520d31a87f823
:10406800253097f82530002b08d197f825201346de
:10407800db0013449b00814a13443b623b6a3b6567
:104088003b6d002b01d1002314e1fb793a68396daf
:1040980018462cf024fa034683f00103dbb2002b08
:1040a80000f006813b681b7803f06003dbb2002b4d
:1040b80001d00023fee000202df080fd3b685b78f6
:1040c8000a2b02d00b2b0ad00fe00023fb7307f159
:1040d8000f02f879012339681af0c4fc07e0fb796c
:1040e800396818462af0e2fb01e00023e2e0dfe04d
:1040f8003b689b889bb2bb83bb8bdbb287f867307e
:1041080097f86730bb77bb7f03f00f03dbb287f804
:10411800663097f86730fb77fb7fdb09dbb287f8ff
:10412800653097f86630092b0ad9514bbb65bb6dd2
:104138001b6803f00103002b00d000be0023b9e088
:1041480097f8662097f86530484952000a441344a6
:1041580017331b78fb7600237b61464b1b78fa7e6e
:104168009a4209d2444b1968fa7e1346db0013447d
:104178009b000b447b610fe03e4b1b78fa7ed31a01
:10418800fb76fb7e002b07d1fa7e1346db00134437
:104198009b003a4a13447b617b693b663b681b780a
:1041a80003f06003dbb2002b0cd03b6e002b01d177
:1041b80000237fe0fb793a68396e18462cf08ff9b6
:1041c800034677e03b685b78032b1cd0032b57dc56
:1041d800002b02d0012b16d052e097f86720fb790c
:1041e8001146184626f096fd0346002b01d0012300
:1041f80000e00023bb8107f10c02f879022339683b
:104208001af030fc48e03b685b889bb2002b12d167
:104218003b685b78012b07d197f86720fb7911463b
:10422800184623f01ffb06e097f86720fb79114634
:10423800184623f0d9fa3b6e002b2cd0fb793a684c
:10424800396e18462cf04bf900202df0b7fc074bbf
:1042580093f82c30c3f30003dbb2002b1bd1fb799e
:10426800396818462af022fb15e000bf8c66452005
:10427800f0ed00e08a6a45209c6c452068144400f3
:104288000e4bfb65fb6d1b6803f00103002b00d090
:1042980000be00230ee000bf0be0084b7b637b6b86
:1042a8001b6803f00103002b00d000be002301e0cf
:1042b80000bf012318466837bd4680bdf0ed00e019
:020000040000fa
:020000040041b9
:1042c8002de9f04f2ded0c8b044689b0924600295c
:1042d8003cd0013901297bd8dff8e4b24ff0350929
:1042e800e36be26c934236d25a1ce2631d78202db0
:1042f800f6d0a5f10903042bf2d92b2d30d02d2da2
:1043080035d10223c3f101030cee103ae26ce36be2
:10431800934227d25a1ce2631d78a54f0026ba5d46
:1043280045f02003934225d0032e42d1e26c12b10e
:10433800e36b013be363baf1000f27d0032e25d0ce
:1043480012b1e36b013be363013ef7e76ff0940bb7
:104358004ff01809c4e7204627f0def80546c6e7ff
:104368000023cfe7204627f0d7f80546d5e79fed8d
:1043780091cad2e7072e06d0e36be26c934213d2c0
:104388005a1ce2631d780136082ec8d19fed7e0bba
:104398009fed7f7b1cee103a013307fe000b09b03e
:1043a800bdec0c8bbde8f08f204627f0b5f805462c
:1043b800e9e710d9baf1000fb8d1e36c002b40f04f
:1043c800b9807d4b16221a60002120462ef03ef956
:1043d8009fed710be3e7002eefd1784fba5d45f002
:1043e8002003934253d0002ee7d1302d40f019829c
:1043f800e36be26c934280f0a1805a1ce263187868
:10440800e26c40f02000782840f00782e36b93428a
:1044180080f098805a1ce2631878002330280293b1
:1044280000f094802e2800f09e800025a84629469a
:104438009fed59abb7ee009bb0ee49bb9fed58db43
:10444800b0ee4a8b00273b46039700bfa0f1300c23
:10445800bcf1090f40f2e08040f02002a2f1610ea9
:10446800bef1050f40f2c0802e2800f0bf800298f0
:10447800002840f01781e36c002b00f00181e36b0a
:10448800baf1000f40f00481013be363fbe0022e28
:1044980006d0e36be26c934216d25a1ce2631d7895
:1044a8000136032e9ad1e36be26c934211d3204676
:1044b80027f032f8282811d0e36c13b1e36b013be5
:1044c800e3639fed390b6ae7204627f025f8054698
:1044d800e6e75a1ce2631b78282befd10125e36b32
:1044e800e26c93420fd25a1ce2631878a0f13003b1
:1044f800092b06d920f02003413b192b01d95f284d
:1045080005d10135ebe7204627f006f8eee7292824
:10451800d7d0e26c12b1e36b013be363baf1000f51
:104528003ff44faf013dccd3002afbd0e36b013bf6
:10453800e363f7e7e36b013be36342e7204626f0da
:10454800ebff5de7204626f0e7ff66e7e36be26cea
:10455800934204d25a1ce263187801235ee720468e
:1045680026f0dafff9e7e36be26c934208d25a1cb3
:10457800e26318780025a846302823d0012157e7a0
:10458800204626f0c9fff5e7000000000000f07f94
:10459800000000000000f0ff000000000000000024
:1045a800000000000000b03f000000000000f87f9d
:1045b800a80f440001000000c06c4520b10f440062
:1045c800cefbffffe36be26c934209d25a1ce26315
:1045d8001878013d4ff0010368f100080293cbe71a
:1045e800204626f099fff4e72e2811d1002940f043
:1045f800238104971a460121e56be06c854235d288
:10460800681ce06328783d469846049f13461de7da
:104618003928c8bfa2f1570c082f73f100020bda32
:104628000ceb06167a1c4ff0010004922f4643f15a
:10463800000202904346dfe70e2f73f1000208da0a
:1046480029ee0d9b07ee90cab8eee77b07ee09aba3
:10465800e8e7bcf1000fe5d0039a002ae2d1b6eef4
:10466800007b09ee07ab01220392dbe72046cde988
:104678000632059126f050ffdde906320599c2e7ba
:10468800baf1000f07d1002120462df0dfff02e02c
:1046980031b9023be363b8eecc0b20ee080b7ee6a3
:1046a800033bf7e7002904bf3d469846082f73f1fe
:1046b800000134db702a0cd15146204613f098f9da
:1046c800b1f1004f08bf00280ad1baf1000f3ff43a
:1046d8007baee36c13b1e36b013be363002001465f
:1046e800002ed8d0083d48f1ff384fea880848ea3c
:1046f8009578ad002d18cbf1000241eb0801d317d6
:10470800aa428b4111da564b9fed4f7b2222b8ee1d
:10471800cc0b1a6020ee070b20ee070b3fe60137a3
:104728004fea061643f10003c0e7abf16a02d3175c
:10473800954271eb030351dbb6ee007b002e55da90
:1047480015f1200341f10001b3eb0b034feae972c5
:1047580061ebeb714b459141b8eecccb134604dad3
:10476800cbf1200919eb050951d4b9f1340f51dc0b
:10477800b7ee000bc9f1540027f070fab0ee4c1bed
:104788002ef0d4f9b9f11f0fb0ee406b09dcb5ee8d
:1047980040abf1ee10fa04d0f30702d49fed2cab36
:1047a800013607ee906ab0ee460bb8ee677b07ee6f
:1047b8000c0b0cee0a0b30ee460bb5ee400bf1ee8f
:1047c80010fa04bf264b2222284608bf1a6009b0f7
:1047d800bdec0c8bbde8f04f2ef09cbb204b222289
:1047e8009fed1d7bb8eecc0b1a6093e7b4eec7ab18
:1047f8007600f1ee10faa3bf3aee4b6b01363aeeb3
:1048080006ab3aee0aab013d61f1000196e74ff0c5
:104818000009ade79fed0e6bc3e712b1e36b013bf7
:10482800e363cdf804a08ded00ca5b464a462946ed
:104838002046fef7cdf8b2e5029a002a3ff41baef7
:104848002e2233e7aff30080ffffffffffffef7f6c
:104858000000000000000000000000000000100040
:04486800c06c4520bb
:020000040000fa
:020000040041b9
:10486c00f0b5d7b010aff862b9627a62954b07f128
:10487c0070040fcb84e80f0007f1600300221a606c
:10488c005a609a60da604ff48053c7f80c318e4945
:10489c00f86a1ff075fc8d49f86a1ff071fc2ef058
:1048ac008ff8c7f808018a49f86a1ff069fc07f10c
:1048bc00540300221a605a601a72d7f808311b7818
:1048cc00002b09d107f15403092118461ff042fdb2
:1048dc00034687f8173113e007f1540309211846f2
:1048ec0023f074fc034687f8173197f81731002b27
:1048fc0006d14ff47a7026f0d9fc034687f81731ad
:10490c0097f81731002b34d197f854309c4697f810
:10491c0055303b6297f8562097f8571097f8580087
:10492c00044697f85900054697f85a00064697f83a
:10493c005b00f86197f85c00034607f18000079371
:10494c00fb690693059604950394029101923b6ac8
:10495c00009363465f4a80212df0eafb07f1800348
:10496c001946f86a1ff00cfc5b49f86a1ff008fc4a
:10497c0003e05a49f86a1ff003fc5449f86a1ff027
:10498c00fffb07f18000d7f80c31554a80212df040
:10499c00cffb07f180031946f86a1ff0f1fbd7f83b
:1049ac0008311b78002b0bd107f17003102219462c
:1049bc00d7f80c011bf0f2fa034687f8173115e013
:1049cc0007f1700310221946d7f80c011cf0fefefb
:1049dc00034687f8173197f81731002b06d14ff49f
:1049ec007a7026f063fc034687f8173197f8173175
:1049fc00002b04d13849f86a1ff0c2fb03e0374999
:104a0c00f86a1ff0bdfb3149f86a1ff0b9fb354954
:104a1c00f86a1ff0b5fbd7f808311b78002b0bd1c7
:104a2c0007f1600310221946d7f80c011df060fe47
:104a3c00034687f8173115e007f160031022194679
:104a4c00d7f80c0120f0c0f8034687f8173197f817
:104a5c001731002b06d14ff47a7026f027fc034651
:104a6c0087f8173197f81731002b40f0f4800123a9
:104a7c0087f816310023c7f8103116e007f17002e1
:104a8c00d7f8103113441a7807f16001d7f81031b8
:104a9c000b441b789a4203d0002387f8163108e0a8
:104aac00d7f810310133c7f81031d7f810310f2b6c
:104abc00e4dd97f81631002b18d00b49f86a1ff07b
:104acc005ffbcce0e8d84000b0d64000dcd0400022
:104adc00d0d64000ecd6400024d7400030d7400060
:104aec003cd7400064d7400088d74000b549f86aed
:104afc001ff046fbb449f86a1ff042fb97f8703080
:104b0c009c4697f871301c4697f872301d4697f802
:104b1c0073301e4697f874303b6297f87530fb6122
:104b2c0097f87630bb6197f877307b6197f87830df
:104b3c003b6197f87930fb6097f87a30bb6097f857
:104b4c007b307b6097f87c303b6097f87d30194662
:104b5c0097f87e301a4697f87f3007f180000e9355
:104b6c000d920c913a680b927a680a92ba68099283
:104b7c00fa6808923a6907927a690692ba690592bc
:104b8c00fa6904923b6a039302960195009463467a
:104b9c008e4a80212df0ccfa07f180031946f86a71
:104bac001ff0eefa8a49f86a1ff0eafa97f86030bb
:104bbc009c4697f861301c4697f862301d4697f872
:104bcc0063301e4697f864303b6297f86530fb61a2
:104bdc0097f86630bb6197f867307b6197f868305f
:104bec003b6197f86930fb6097f86a30bb6097f8c7
:104bfc006b307b6097f86c303b6097f86d301946e2
:104c0c0097f86e301a4697f86f3007f180000e93c4
:104c1c000d920c913a680b927a680a92ba680992d2
:104c2c00fa6808923a6907927a690692ba6905920b
:104c3c00fa6904923b6a03930296019500946346c9
:104c4c00624a80212df074fa07f180031946f86a44
:104c5c001ff096fa03e05f49f86a1ff091fa5e497b
:104c6c00f86a1ff08dfa5d49f86a1ff089fa5c4bff
:104c7c00c7f80431d7f80c3103f58073c7f800314d
:104c8c0007f134032022002118462df011ffd7f82c
:104c9c0008311b78002b12d1d7f804012df0bcfc85
:104cac0003469bb201339bb21a46d7f80411d7f8ce
:104cbc0000011bf073f9034687f817311ce0d7f895
:104ccc0004012df0a9fc03469bb201339bb21a469a
:104cdc00d7f80411d7f800011cf078fd034687f8cb
:104cec00173197f81731002b06d14ff47a7026f054
:104cfc00ddfa034687f8173197f81731002b4cd1a2
:104d0c00d7f808311b78002b0bd107f13403202284
:104d1c001946d7f800011df0ebfc034687f8173154
:104d2c0015e007f1340320221946d7f800011ff0d3
:104d3c004bff034687f8173197f81731002b06d134
:104d4c004ff47a7026f0b2fa034687f8173197f8c9
:104d5c001731002b1cd107f13403d7f80411184676
:104d6c002df0fafc0346002b12d107f1340307f1a6
:104d7c0080001c4a80212df0dbf907f180031946d5
:104d8c00f86a1ff0fdf91849f86a1ff0f9f908e004
:104d9c001649f86a1ff0f4f903e01549f86a1ff098
:104dac00eff90d49f86a1ff0ebf91249f86a1ff098
:104dbc00e7f90949f86a1ff0e3f900bf07f58e77a8
:104dcc00bd46f0bda0d74000b8d74000c8d74000c2
:104ddc001cd840002cd84000dcd0400044d8400007
:104dec0068d8400078d8400024d7400094d84000c0
:084dfc00b0d84000d0d84000ff
:020000040000fa
:020000040041b9
:104e0400b0b590b004af002387f82530794b1b6808
:104e14000133784a1360784b1b780133dab2764b4e
:104e24001a700023bb62754b1b68fb6241e2fb6a8c
:104e34009a7f714b1b789a4205d1fb6abb62fb6a6d
:104e4400db68fb6235e26c4b1a78fb6a9a770023c5
:104e540087f82730002387f82630fb6a1b7d022b56
:104e64000ad1fb6a93f84230052b05d997f827300d
:104e7400013387f82730fbe0fb6a93f842300b2bb1
:104e840005d997f82730013387f82730f0e0fb6a1b
:104e940093f89930002b5fd0fb6a93f89a300b2b70
:104ea40005d997f82730013387f82730e0e0fb6a0b
:104eb40093f89930013b524ad35c7b74fb6a93f8b4
:104ec40098307a7c9a4207d9fb6a93f89830013378
:104ed400dab2fb6a83f89820fb6a93f898307a7cfc
:104ee4009a4200f2c58001233b62fb6ab3f860304a
:104ef400002b08d1f86a13f0c1fe0346002b14d02e
:104f040000233b6211e0fb6ab3f860301946f86a8b
:104f14000af044fc0346002b07d1f86a04f000fab7
:104f24000346002b01d100233b623b6a002b00f0b7
:104f34009f80fb6a002283f89820fb6a93f89930db
:104f4400062b00f29580fb6a93f899300133dab2ac
:104f5400fb6a83f899208be0fb6ab3f93030002bad
:104f64000fdbfb6ab3f9303047f6ff72934208d087
:104f7400fb6ab3f930309bb201339bb21ab2fb6abd
:104f84001a86fb6ab3f93020fb6ab3f940309a42bf
:104f94006edbf86a1bf0b0ff0346002b07d0fb6af8
:104fa4001b6f002b64d1fb6adb6e002b60d0fb6aa5
:104fb4001b7d022b2dd0fb6a93f842300c2b28bfab
:104fc4000c23fb76fb6ab3f93c30db101bb21a46a8
:104fd400fb6ab3f93e301344fa7e0a498a5c934073
:104fe4007b617b6947f6fe7293420ddc7b691ab2e2
:104ff4000ce000bf606c4520726a45206c6c452053
:10500400342f4400682e440047f6ff72fb6aa3f86d
:105014004020fb6a00221a86fb6ab3f86020fb6a10
:10502400b3f84830934228bf13467b827b8a5b08df
:105034009ab2fb6aa3f84a20fb6ab3f84a20fb6ad7
:105044005b8e5b009bb29a4206d2fb6a5b8e5b006e
:105054009ab2fb6aa3f84a20fb6a5a8efb6aa3f849
:105064004820fb6a0022a3f86a20f86a2bf068f94a
:10507400fb6a1b7d062b11d1fb6a5b8b03f01003cb
:10508400002b0bd09f4b1a68fb6a1b6ad31a282b80
:1050940004d997f82730013387f82730fb6a5b7a05
:1050a40003f00803002b4ad0fb6a1b7d042b03d0ba
:1050b400fb6a1b7d072b42d1924b1a68fb6a1b6a61
:1050c400d21afb6ad3f894108f4b0b448f49a1fb7f
:1050d40003135b099a420ad997f82730013387f8fa
:1050e400273097f82630013387f8263027e0854ba0
:1050f4001a68fb6a1b6ad21afb6ad3f89410fb6a1b
:1051040093f89b301846824b00fb03f30b447f4912
:10511400a1fb03135b099a4211d9f86a25f070f9cf
:10512400034687f8253097f92530002b07d1fb6a11
:1051340093f89b300133dab2fb6a83f89b20fb6a55
:105144005b6f002b11d06f4b1a68fb6a1b6ad21a73
:10515400fb6ab3f9403019460b465b000b445b0015
:105164009a4202d3f86a2bf0cdfefb6a1b7d032b17
:105174000bd1644b1a68fb6a1b6ad31a282b04d917
:1051840097f82730013387f82730fb6a1b7d092bfa
:105194000bd15c4b1a68fb6a1b6ad31af02b04d937
:1051a40097f82730013387f8273097f82730002bfa
:1051b40048d0fb6ad3f89030fb60f86a21f0e2fc37
:1051c400bb6a002b04d0fb6ada68bb6ada6003e0ce
:1051d400fb6adb684f4a136097f82630002b13d024
:1051e400fb6a186dfb6a5c6afd6afb6a0433fa6a3f
:1051f400d28af96a098b0291019200932b462246c6
:105204000146f86a24f0bbfafb6a1b69bb60fb6abf
:105214001b7dfb71fb6a3b60fb6adb68fb623868e1
:105224002df07af93c4b00221a70fb68002b04d055
:10523400fb686ff00c01b8689847374b1b78002b5c
:1052440037d0eee5fb6abb62fb6adb68fb62bb6ad4
:105254001b7f0133dab2bb6a1a77bb6a1a7fbb6a57
:105264005b7f9a4225d3bb6a00221a772a4b00221d
:105274001a70bb6ad3f88c30002b0bd0bb6ad3f8fe
:105284008c30ba6a1269b96a10469847034687f89f
:10529400253002e0002387f825301f4b1b78002bb4
:1052a40000d0bee597f92530002b02d1b86a04f08e
:1052b40037f8fb6a002b7ff4baad0023bb62174baf
:1052c4001b68fb623ee0002387f827300d4b1a6809
:1052d400fb6a1b6ad31af02b04d997f827300133e1
:1052e40087f8273097f82730002b26d0f86a21f06a
:1052f40049fcbb6a002b13d0fb6ada68bb6ada602c
:1053040012e000bf606c4520b84c0a00d34d621017
:10531400f82401006c6c45206f674520706c4520b3
:10532400fb6adb680b4a1360fb6afb61fb6adb68a0
:10533400fb62f8692df0f0f804e0fb6abb62fb6adb
:10534400db68fb62fb6a002bbdd100bf00bf3037b6
:08535400bd46b0bd706c4520a0
:020000040000fa
:020000040041b9
:10535c0090b59bb004aff860b96011461a460b4685
:10536c00fb8013467b7100237b6500233b65002388
:10537c00fb640023bb6400237b640023a7f842304a
:10538c00002387f8273000237b820023fb87002330
:10539c00bb87fb68002b02d16ff00f037be2fb682d
:1053ac00b3f862305b089ab2fb685b8e934228bffd
:1053bc001346bb84bb8c002b02d1fb685b8e00e0d8
:1053cc00bb8cbb84bb68002b02d16ff00f0362e275
:1053dc00fb881946f8681df0f3fa034687f823306a
:1053ec0097f92330002b02d097f9233053e2fb6856
:1053fc00b3f86630a7f84030002387f82230fb68fa
:10540c00db6e002b00f05f81fb68db6e3b6502e01e
:10541c003b6d1b683b653b6d1b68002bf8d13b6dee
:10542c009b7a9b009bb203f004033b843b6d1a896f
:10543c003b8c13449bb2ba8cd31a7b87fb68b3f8b2
:10544c0068307b827b8a002b1bd03b6dfb647b8a94
:10545c00fa88934228bf13469bb27a8f934228bf97
:10546c001346fb87b7f84220fb8f1344a7f8423052
:10547c007a8afb8fd31a9bb27b827a8ffb8fd31adb
:10548c007b87b7f84220fb889a4280f01c817b8f87
:10549c00002b00f018813b6d1b89002b00f0138151
:1054ac00fa88b7f84230d21a7b8f9342a8bf1346c2
:1054bc00fb833b6dfb647b7903f00103002b27d04e
:1054cc0007f112007a8ff98b012302937b790193f8
:1054dc00fb680093034600201ef08cfa78657b6d08
:1054ec00002b00f0aa817b6d5868b7f84230ba687f
:1054fc001344fa8b19462df083f8786d2af0a8ff27
:10550c0003461a46b7f840301344a7f8403036e04b
:10551c003b6d5b687b6302e07b6b1b687b637b6b27
:10552c001b68002bf8d17b6b1b7b03f0c003002b9b
:10553c000ad17b6b5b687a6b52891344ba689a42c6
:10554c0002d1fb8bbb871ae0fb8b01221946002092
:10555c0010f059fb78657b6d002b00f07081b7f86b
:10556c004230ba681a447b6d5a60786d2af070ff2d
:10557c0003461a46b7f840301344a7f84030b7f842
:10558c004220fb8b1344a7f842309ce0fa88b7f812
:10559c004230d31abb8397f822309bb2ba8cd31a01
:1055ac007b837a8bbb8b934228bf13463b837b79df
:1055bc0003f00103002b2ad097f822309ab23b8bd0
:1055cc00134499b27b6c002b0cbf01230023dbb27c
:1055dc0007f11200ba8c02937b790193fb6800935c
:1055ec00034636201ef006fa38633b6b002b00f0a6
:1055fc0028813b6b5a6897f82230d018b7f84230a4
:10560c00ba6813443a8b19462cf0faff25e03b8b11
:10561c0001221946362010f0f6fa78617b69002bce
:10562c0000f01181b7f84230ba681a447b695a60ad
:10563c0097f822309bb24ff420721946362010f0a6
:10564c00e2fa38633b6b002b03d178691df01dfb2c
:10565c00fce07969386b25f09afc386b2af0f8fe7f
:10566c0003461a46b7f840301344a7f84030b7f851
:10567c004030102b03d9386b1df007fbe6e0fb68bc
:10568c00da6db7f842301a4497f827300093134676
:10569c000022396bf86817f08ffbf864fb6c002b59
:1056ac0000f0d3807b6c002b02d1fb6c7b6402e09e
:1056bc00bb6cfa6c1a60fb6cbb64b7f842203b8b7a
:1056cc001344a7f84230b7f84220fb889a42fff403
:1056dc005daffb8f002b2cd03b6d5b68fb621ee03b
:1056ec00fb6a1a89fb8f13449ab2fb6a1a81fb6a14
:1056fc001b68002b10d1fb6a5b68fa6a5289134451
:10570c00fa8fb96818462cf07bfffb6a5a89fb8f1d
:10571c0013449ab2fb6a5a81fb6a1b68fb62fb6af0
:10572c00002bddd13b6d1a89fb8f13449ab23b6d74
:10573c001a817a8afb68a3f868207b6d002b0ed047
:10574c003b6d5b68796d184625f021fc3b6d1a8921
:10575c007b6d1b8913449ab23b6d1a812be0bb8f76
:10576c00002b28d03b6d002b3b6d5b68bb6209e0c6
:10577c00bb6a1a89bb8f13449ab2bb6a1a81bb6a83
:10578c001b68bb62bb6a1b68002bf1d1bb6a1a8910
:10579c00bb8f13449ab2bb6a1a81bb6a5a89bb8ffe
:1057ac0013449ab2bb6a5a813b6d1a89bb8f13445e
:1057bc009ab23b6d1a813b6d002b03d1fb687a6c5e
:1057cc00da6602e03b6d7a6c1a60fb68da6dfb8876
:1057dc001a44fb68da65fb68b3f86420fb88d31abb
:1057ec009ab2fb68a3f86420fb68b7f84020a3f8d2
:1057fc006620fb68b3f86630002b02d0fb681b6f89
:10580c00002bfb6c002b16d0fb6cdb68002b12d032
:10581c007b7903f00203002b0dd1fb6cdb689b89b9
:10582c009cb208202bf086f803461a46fb6cdb680a
:10583c00224392b29a8100232de000bf06e000bf04
:10584c0004e000bf02e000bf00e000bffb685b8b20
:10585c0043f080039ab2fb685a83114bb3f89c3027
:10586c0001339ab20e4ba3f89c207b6d002b02d017
:10587c00786d1df00afa7b6c002b02d0786c2bf043
:10588c0046f9fb68b3f86630002b02d0fb681b6f3f
:10589c00002b4ff0ff3318465c37bd4690bd00bf60
:0458ac003c5b4520fc
:020000040000fa
:020000040041b9
:1058b0005b52474f53485d20434c49206e6f742024
:1058c0007265616479202d2063616c6c205379735b
:1058d00074656d434c495f496e6974282920666977
:1058e0007273740d0a0000005b52474f53485d20ed
:1058f00072656164792028706f7274202564290da7
:105900000a0000005b52474f53485d207366705f8a
:1059100072656376206661696c65640d0a0000003b
:105920005b52474f53485d20646573657269616cd3
:10593000697a65206661696c65640d0a0000000083
:105940005b52474f53485d20756e737570706f7270
:1059500074656420636d6420747970653d25750df0
:105960000a0000005b52474f53485d20636d643a64
:1059700020272573270d0a005b52474f53485d20af
:105980006f75743a2025752062797465730d0a006d
:105990005b52474f53485d2073657269616c697a49
:1059a00065206661696c65640d0a00005b52474fb3
:1059b00053485d207366705f73656e64206661692d
:1059c0006c65640d0a0000005b52474f53485d2030
:1059d00073656e7420256c752042206f6b0d0a0074
:1059e00000000000000000000000000000000000b7
:1059f00000000000000000000000000000000000a7
:105a00000000000000000000000000000000000096
:105a10000000000000000000000000000000000086
:105a20000000000000000000000000000000000076
:105a30000000000000000000000000000000000066
:105a40000000000000000000000000000000000056
:105a50000000000000000000000000000000000046
:105a60000000000000000000000000000000000036
:105a70000000000000000000000000000000000026
:105a80000000000000000000000000000000000016
:105a90000000000000000000000000000000000006
:105aa00000000000000000000000000000000000f6
:105ab00000000000000000000000000000000000e6
:105ac00000000000000000000000000000000000d6
:105ad00000000000000000000000000000000000c6
:105ae00000000000000000000000000000000000b6
:105af00000000000000000000000000000000000a6
:105b00000000000000000000000000000000000095
:105b10000000000000000000000000000000000085
:105b20000000000000000000000000000000000075
:105b30000000000000000000000000000000000065
:105b40000000000000000000000000000000000055
:105b50000000000000000000000000000000000045
:105b60000000000000000000000000000000000035
:105b70000000000000000000000000000000000025
:105b80000000000000000000000000000000000015
:105b90000000000000000000000000000000000005
:105ba00000000000000000000000000000000000f5
:105bb00000000000000000000000000000000000e5
:105bc00000000000000000000000000000000000d5
:105bd00000000000000000000000000000000000c5
:105be00000000000000000000000000000000000b5
:105bf00000000000000000000000000000000000a5
:105c00000000000000000000000000000000000094
:105c10000000000000000000000000000000000084
:105c20000000000000000000000000000000000074
:105c30000000000000000000000000000000000064
:105c40000000000000000000000000000000000054
:105c50000000000000000000000000000000000044
:105c60000000000000000000000000000000000034
:105c70000000000000000000000000000000000024
:105c80000000000000000000000000000000000014
:105c90000000000000000000000000000000000004
:105ca00000000000000000000000000000000000f4
:105cb00000000000000000000000000000000000e4
:105cc00000000000000000000000000000000000d4
:105cd00000000000000000000000000000000000c4
:105ce00000000000000000000000000000000000b4
:105cf00000000000000000000000000000000000a4
:105d00000000000000000000000000000000000093
:105d10000000000000000000000000000000000083
:105d20000000000000000000000000000000000073
:105d30000000000000000000000000000000000063
:105d40000000000000000000000000000000000053
:105d50000000000000000000000000000000000043
:105d60000000000000000000000000000000000033
:105d70000000000000000000000000000000000023
:105d80000000000000000000000000000000000013
:105d90000000000000000000000000000000000003
:105da00000000000000000000000000000000000f3
:105db00000000000000000000000000000000000e3
:105dc00000000000000000000000000000000000d3
:105dd00000000000000000000000000000000000c3
:105de00000000000000000000000000000000000b3
:085df0000000000000000000ab
:020000040000fa
:020000040041b9
:105df80043616c6c6261636b20776974683a202533
:105e0800640d0a00506f7374206576656e743a20cd
:105e1800747970653d3078253032582028534c4ebf
:105e28005f4d4f4445292c20646174613d307825cd
:105e38003032580d0a000000506f73742065766583
:105e48006e743a20747970653d3078253032582068
:105e580028534c4e5f4354524c292c206964783d9a
:105e680025752c2076616c3d3078253032580d0a26
:105e780000000000506f7374206576656e743a20d8
:105e8800747970653d3078253032582028534c5f3e
:105e98004d4f4445292c20646174613d307825308c
:105ea80032580d0a00000000506f73742065766543
:105eb8006e743a20747970653d30782530325820f8
:105ec80028534c5f4354524c31292c206964783d47
:105ed80025752c2076616c3d3078253032580d0ab6
:105ee80000000000506f7374206576656e743a2068
:105ef800747970653d3078253032582028534c5fce
:105f08004354524c32292c206964783d25752c2045
:105f180076616c3d3078253032580d0a000000005b
:105f2800506f7374206576656e743a207479706565
:105f38003d30782530325820284844345f4d4f444e
:105f480045292c20646174613d3078253032580d24
:105f58000a000000506f7374206576656e743a20ed
:105f6800747970653d30782530325820284844349b
:105f78005f4354524c292c206964783d25752c20a8
:105f880076616c3d3078253032580d0a00000000eb
:105f9800506f7374206576656e743a2074797065f5
:105fa8003d307825303258202856414c5f434647cb
:105fb800292c20646174613d3078253032580d0aef
:105fc80000000000506f7374206576656e743a2087
:105fd800747970653d307825303258202856414c08
:105fe8005f4354524c292c20646174613d307825fc
:105ff8003032580d0a000000506f737420657665c2
:106008006e743a20747970653d30782530325820a6
:10601800285445435f4d4f4445292c2064617461e1
:106028003d3078253032580d0a000000506f7374e7
:10603800206576656e743a20747970653d307825f0
:1060480030325820285445435f54454d50292c2060
:106058006964783d25752c2074656d703d25640d47
:106068000a000000506f7374206576656e743a20dc
:10607800747970653d307825303258202848544569
:10608800525f4d4f4445292c20646174613d30783e
:10609800253032580d0a0000506f737420657665fc
:1060a8006e743a20747970653d3078253032582006
:1060b80028485445525f54454d50292c206964782e
:1060c8003d25752c2074656d703d25750d0a000001
:1060d800506f7374206576656e743a2074797065b4
:1060e8003d307825303258202850444c535f4d4f6e
:1060f8004445292c20646174613d3078253032583c
:106108000d0a0000536f6c5f48616e646c65723aeb
:1061180020534c4e5f4d4f44453d30782530325822
:106128000d0a0000536f6c5f48616e646c65723acb
:1061380020534c4e5f4354524c206964783d25757a
:106148002c2076616c3d3078253032580d0a0000dd
:10615800536c5f48616e646c65723a20534c5f4db6
:106168004f44453d3078253032580d0a0000000074
:10617800536c5f48616e646c65723a20534c5f43a0
:1061880054524c206964783d25752c2076616c3d0d
:106198003078253032580d0a000000004864345f1a
:1061a80048616e646c65723a204844345f4d4f44d0
:1061b800453d3078253032580d0a00004864345f78
:1061c80048616e646c65723a204844345f435452a7
:1061d8004c206964783d25752c2076616c3d3078bb
:1061e800253032580d0a000056616c5f48616e64b4
:1061f8006c65723a2056414c5f4346473d307825de
:106208003032580d0a00000056616c5f48616e64b8
:106218006c65723a2056414c5f4354524c3d30787d
:10622800253032580d0a00005465635f48616e647a
:106238006c65723a205445435f4d4f44453d307874
:10624800253032580d0a00005465635f48616e645a
:106258006c65723a205445435f54454d502069643b
:10626800783d25752c2074656d703d25640d0a00f8
:10627800487465725f48616e646c65723a20485470
:1062880045525f4d4f44453d3078253032580d0a10
:1062980000000000487465725f48616e646c657246
:1062a8003a20485445525f54454d50206964783d22
:1062b80025752c2074656d703d25750d0a0000004c
:1062c80050646c735f48616e646c65723a20504428
:1062d8004c535f4d4f44453d3078253032580d0ab8
:1062e800000000004374726c000000005b435452cd
:0e62f8004c5d205461736b2072656164790007
:020000040000fa
:020000040041b9
:02630600fee7b0
:020000040000fa
:020000040041b9
:1063080080b58cb002af03463960fb80022387f862
:106318002230002387f8233000237b62a24b1b68be
:106328005a1ca1490a601946a04820f021fbfb88a5
:10633800112b1dd10023fb7707f11f03f9880022d9
:106348000192012200920022386819f0fffa112305
:106358003b84fb7f7b623b8c19467b6a1a469448d8
:1063680020f006fb07f12003184628f09ff812e2f8
:10637800fb88112b2ad9fb88152b27d80023bb773c
:1063880007f11e03f98800220192012200920022df
:10639800386819f0dbfa10233b84fb88dbb2123b28
:1063a800dbb21b04ba7f13437b623b8c1946fb8824
:1063b800dbb2123bdbb21a46bb7f7e4820f0d8fa2c
:1063c80007f12003184628f071f8e4e1fb88562b02
:1063d8001dd100237b7707f11d03f9880022019264
:1063e800012200920022386819f0b0fa19233b8480
:1063f8007b7f7b623b8c19467b6a1a466e4820f08d
:10640800b7fa07f12003184628f050f8c3e1fb88d3
:10641800562b2ad9fb885e2b27d800233b7707f118
:106428001c03f98800220192012200920022386898
:1064380019f08cfa18233b84fb88dbb2573bdbb29c
:106448001b043a7f13437b623b8c1946fb88dbb203
:10645800573bdbb21a463b7f584820f089fa07f1d0
:106468002003184628f022f895e1fb885e2b2ad9ec
:10647800fb88662b27d80023fb7607f11b03f988d6
:1064880000220192012200920022386819f05efa77
:1064980018233b84fb88dbb2573bdbb21b04fa7e34
:1064a80013437b623b8c1946fb88dbb2573bdbb25c
:1064b8001a46fb7e424820f05bfa07f12003184693
:1064c80027f0f4ff67e1fb88872b1dd10023bb76fb
:1064d80007f11a03f9880022019201220092002292
:1064e800386819f033fa21233b84bb7e7b623b8cee
:1064f80019467b6a1a46334820f03afa07f1200316
:10650800184627f0d3ff46e1fb88872b2ad9fb885a
:106518008f2b27d800237b7607f11903f9880022ef
:106528000192012200920022386819f00ffa202304
:106538003b84fb88dbb27833dbb21b047a7e1343df
:106548007b623b8c1946fb88dbb27833dbb21a4698
:106558007b7e1d4820f00cfa07f12003184627f02f
:10656800a5ff18e1fb88902b32d100233b7607f179
:106578001803f9880022019201220092002238684b
:1065880019f0e4f928233b843b7e7b623b8c194657
:106598007b6a1a460d4820f0ebf907f120031846ec
:1065a80027f084fff7e000bf046b4520f85d410049
:1065b8000c5e4100405e41007c5e4100b05e4100df
:1065c800ec5e4100285f41005c5f4100985f41003c
:1065d800fb88912b1dd10023fb7507f11703f98860
:1065e80000220192012200920022386819f0aef9c7
:1065f80029233b84fb7d7b623b8c19467b6a1a46c8
:10660800664820f0b5f907f12003184627f04eff39
:10661800c1e0fb88a22b1dd10023bb7507f116032f
:10662800f98800220192012200920022386819f0ac
:106638008df931233b84bb7d7b623b8c19467b6a99
:106648001a46574820f094f907f12003184627f016
:106658002dffa0e0fb88a22b2dd9fb88aa2b2ad8d6
:106668000023bb8207f11403f98800220192022259
:1066780000920522386819f069f930233b84fb88b9
:10668800a33b5b08dbb21b04b7f9142092b2134397
:106698007b623b8c1946fb88a33b5b08dbb21a463e
:1066a800b7f914303f4820f063f907f12003184682
:1066b80027f0fcfe6fe0fb88cb2b1dd10023fb7479
:1066c80007f11303f98800220192012200920022a7
:1066d800386819f03bf941233b84fb7c7b623b8c97
:1066e80019467b6a1a46304820f042f907f1200320
:1066f800184627f0dbfe4ee0fb88cb2b2ad9fb8817
:10670800db2b27d800233b8207f11003f9880022ee
:106718000192022200920122386819f017f94023e9
:106728003b84fb88cc3b5b08dbb21b043a8a1343ef
:106738007b623b8c1946fb88cc3b5b08dbb21a4674
:106748003b8a1a4820f014f907f12003184627f06d
:10675800adfe20e0fb886e2b1dd10023fb7307f1f3
:106768000f03f98800220192012200920022386862
:1067780019f0ecf850233b84fb7b7b623b8c194679
:106788007b6a1a460a4820f0f3f807f120031846f6
:1067980027f08cfe00bf2837bd4680bdcc5f410086
:1067a80000604100346041006c604100a06041001d
:0467b800d860410064
:020000040000fa
:020000040041b9
:1067bc0080b5aab000af0346fb71c44afb794c33d9
:1067cc0052f82330c7f8a030c04afb79703352f826
:1067dc002330d7f8a0201340c7f8a030bb4afb7970
:1067ec004c3352f823301b0d9bb2c3f30a03a7f8aa
:1067fc00a630fb791b01b64a1344c7f89c30fb79d1
:10680c00002b40f02681d7f8a03003f00403002bb6
:10681c0037d0ae4bd3f830315b0cdbb203f0010355
:10682c00dab2ac4b1a70b7f8a630082b21d1aa4bb0
:10683c00c7f89030002387f88930d7f89030c7f824
:10684c008430012387f8833097f889303b76062310
:10685c007b76d7f8842007f11c031068516803c3ba
:10686c0097f8832007f1180311461846fcf764ffcc
:10687c0000bf964b0422c3f86021944b0422c3f84a
:10688c002022d7f8a03003f00203002b00f09480f4
:10689c00914bc7f88c30b7f8a630002b47d0d7f8ff
:1068ac009c309b88002b42d0d7f89c309a88d7f824
:1068bc009c30db88d31aa7f88a30b7f8a620b7f833
:1068cc008a309a4203d9b7f88a30a7f8a630d7f89d
:1068dc009c301b68002b0ed0d7f89c301b68d7f867
:1068ec009c20d2881344b7f8a620d7f88c101846f1
:1068fc002bf086fe11e0d7f89c30db68fb67d7f8ed
:10690c008c30bb67b7f8a630a7f87630b7f876208e
:10691c000023b96ff86f04f03bfdd7f89c30da8890
:10692c00b7f8a63013449ab2d7f89c30da80674b8c
:10693c000222c3f86021d7f89c301b89b7f8a62037
:10694c009a4207d3d7f89c30da88d7f89c309b88ca
:10695c009a4231d1d7f89c30db88002287f8752019
:10696c00002287f874203b67002387f86f300123df
:10697c0087f86e3097f875303b7307237b7397f865
:10698c0074303b743b6f7b6197f86f307b7497f876
:10699c006e2007f10c0311461846fcf7cdfe00bf24
:1069ac004a4b0222c3f820224a4b1b78012b03d1fd
:1069bc00464b0422c3f8f021d7f8a03003f00103b2
:1069cc00002b00f04181414b0122c3f82022d7f863
:1069dc009c309a88d7f89c30db889a4205d00021ed
:1069ec00d7f89c0019f01eff2ee1d7f89c309b883d
:1069fc00002287f86d20802287f86c20bb6600236c
:106a0c0087f86730012387f8663097f86d3087f880
:106a1c002430072387f8253097f86c3087f8283016
:106a2c00bb6efb6297f8673087f8293097f86620c1
:106a3c0007f1240311461846fcf77efe00bf254bd8
:106a4c001b78002b40f00081204b0422c3f8f0216e
:106a5c00fae0d7f8a03003f00203002b00f0a78077
:106a6c00b7f8a630002b55d0d7f89c309b88002b5c
:106a7c0050d0d7f89c309a88d7f89c30db88d31a42
:106a8c00a7f89a30b7f8a620b7f89a309a4203d9eb
:106a9c00b7f89a30a7f8a630fb79da030e4b1344fb
:106aac00c7f89430d7f89c301b68002b16d0d7f859
:106abc009c301b68d7f89c20d2881344b7f8a620ca
:106acc00d7f8941018462bf09bfd19e0008003407a
:106adc00885e45208b6a4520000010a0d7f89c30ba
:106aec00db683b66d7f89430fb65b7f8a630a7f89f
:106afc005a30b7f85a200023f96d386e04f048fc70
:106b0c00d7f89c30da88b7f8a63013449ab2d7f885
:106b1c009c30da804e4afb7988334ff4804142f83e
:106b2c0023104b4afb795833022142f82310d7f833
:106b3c009c301b89b7f8a6209a4207d3d7f89c3013
:106b4c00da88d7f89c309b889a4230d1d7f89c30a1
:106b5c00db881a46002387f85930fb7987f85830c0
:106b6c007a65002387f85330012387f8523097f861
:106b7c00593087f83030072387f8313097f8583080
:106b8c0087f834307b6dbb6397f8533087f835301a
:106b9c0097f8522007f1300311461846fcf7ccfd4c
:106bac0000bf2b4afb798833022142f82310d7f817
:106bbc00a03003f00103002b46d0254afb79583353
:106bcc00012142f82310d7f89c309a88d7f89c30d2
:106bdc00db889a4206d0fb791946d7f89c0019f04d
:106bec0021fe31e0fb79803bdab2d7f89c309b88f0
:106bfc00002187f8511087f85020fb64002387f898
:106c0c004b30012387f84a3097f8513087f83c30e5
:106c1c00072387f83d3097f8503087f84030fb6ced
:106c2c007b6497f84b3087f8413097f84a2007f18e
:106c3c003c0311461846fcf77ffd00bf044afb7964
:106c4c008833012142f8231000bfa837bd4680bd10
:046c5c000080034071
:020000040000fa
:020000040041b9
:106c600080b5c6b004aff86007f58473a3f58073f0
:106c7000196007f58473a3f582731a6007f58473ae
:106c8000a3f580731b685a7807f58473a3f58273a4
:106c90001146186829f006fac7f8f800d7f8f83056
:106ca000002b06d1b74821f023faf86827f042fc00
:106cb000e8e107f58473a3f580731b685b889bb2da
:106cc00018462bf055f90346a7f8f63007f58473fc
:106cd000a3f580731b689b889bb218462bf048f97c
:106ce0000346a7f8f430b7f8f4301946d7f8f8009f
:106cf00025f014fe034683f00103dbb2002b06d01f
:106d0000a14821f0f5f9f86827f014fcbae19f4892
:106d100021f0eef9b7f8f630002b40f0ea800023be
:106d2000bb6100237b6107f1140107f11803019394
:106d30004ff0ff33009300234ff48072d7f8f80030
:106d40001ff0a6ffb423c7f8e030ba69d7f8e030e7
:106d500013445a1ed7f8e030b2fbf3f3c7f80431fe
:106d6000d7f80431002b02d10123c7f804310023e6
:106d70007b610023c7f80031b3e0d7f8e0300c3373
:106d8000184619f02ffcc7f8dc00d7f8dc30002bd0
:106d900003d17f4821f0acf974e1d7f8dc3010332f
:106da000c7f8d830d7f8d83055221a7007f5847351
:106db000a3f580731b685a78d7f8d8305a70b7f8a3
:106dc000f430184629f090fd03461a46d7f8d8301b
:106dd0009a80d7f80431012b10d1002029f084fdce
:106de00003461a46d7f8d830da80002029f07cfd17
:106df00003461a46d7f8d8301a8133e0d7f8043161
:106e0000013bd7f800219a4216d1d7f804319bb242
:106e1000184629f069fd03461a46d7f8d830da80bb
:106e2000d7f804319bb2184629f05efd03461a4696
:106e3000d7f8d8301a8115e0d7f800319bb2184640
:106e400029f052fd03461a46d7f8d830da80d7f831
:106e500004319bb2184629f047fd03461a46d7f87d
:106e6000d8301a8100233b61d7f8d83003f10a02e9
:106e700007f1140107f110030193d7f8e0300093f4
:106e800013464ff40072d7f8f8001ff001ff3b697a
:106e90009bb2184629f028fd03461a46d7f8d83089
:106ea0005a803b699bb20a339ab2d7f8dc305a81d8
:106eb0000022d7f8dc10f8681ef05cfe0346002bb9
:106ec00007d1d7f8dc0016f039fd324821f010f96f
:106ed000d8e0052022f0defad7f800310133c7f8f8
:106ee0000031d7f80021d7f804319a42fff445afba
:106ef000c8e0b7f8f6305b089bb2c7f8f030d7f8b7
:106f0000f0305a2b06d9244821f0f2f8f86827f01f
:106f100011fbb7e00023c7f8fc301de007f58473d0
:106f2000a3f580731a68d7f8fc3004335b00134470
:106f30005b889bb218462bf01bf803461a46d7f81d
:106f4000fc305b0003f584733b4423f8e42cd7f852
:106f5000fc300133c7f8fc30d7f8fc20d7f8f0300c
:106f60009a42dbd3c02019f03dfbc7f8ec00d7f8fc
:106f7000ec30002b12d1064821f0baf8f86827f05f
:106f8000d9fa7fe030184200501842006c184200d5
:106f90008c184200a4184200c0184200d7f8ec3008
:106fa0001033c7f8e830d7f8e83055221a7007f5e3
:106fb0008473a3f580731b685a78d7f8e8305a7049
:106fc000b7f8f430184629f08ffc03461a46d7f874
:106fd000e8309a80002029f087fc03461a46d7f84b
:106fe000e830da80002029f07ffc03461a46d7f803
:106ff000e8301a8100233b620023fb61d7f8e830b8
:107000000a3307f11c0007f1240107f12002039263
:10701000b422029201934ff4007300930346d7f811
:10702000f020d7f8f8000df0cdf90346a7f8e630c8
:10703000b7f9e630002b07d0d7f8ec0016f07efc4d
:10704000f86827f077fa1de03b6a9bb2184629f0f2
:107050004bfc03461a46d7f8e8305a803b6a9bb28d
:107060000a339ab2d7f8ec305a810022d7f8ec10e4
:10707000f8681ef07ffd0346002b03d1d7f8ec0023
:0c70800016f05cfc07f58477bd4680bd6f
:020000040000fa
:020000040041b9
:10708c002de9f04f95b000af78600b46fb702af0fd
:10709c0083fd034683f00103dbb2002b40f0df815c
:1070ac00b74b1b68bb6307f108037b637b683b63cf
:1070bc003b6bfb62fb6ab3f1ff3f02d14ff0ff3336
:1070cc0044e0fb6a002b01d100233fe0fb6a002265
:1070dc009846914642464b464ff000004ff0000157
:1070ec00590141ead261500102460b46b2eb080449
:1070fc0063eb09054ff000024ff00003ab0043eacd
:10710c009473a20014461d4614eb080a45eb090bb8
:10711c004ff000024ff000034feacb0343ea5a73df
:10712c004feaca0292469b46504659464ff47a7231
:10713c004ff0000329f018f902460b461346bb62c8
:10714c00bb6a002b01d10123bb62bb6a1a46796b67
:10715c00b86b0bf0fff90346002b14bf012300237f
:10716c00dbb283f00103dbb2002b40f07a817b7a37
:10717c00013b072b00f24d8101a252f823f000bf16
:10718c00ad714100bd714100ef734100a973410025
:10719c00cf734100cb71410077724100df73410026
:1071ac003b7a18462af0edfd3a7b764b5a7147e153
:1071bc003b7a18462af0e5fd2bf01dfe40e1724ba0
:1071cc001b78dbb2002b0ad1704b3b643b6c1b6809
:1071dc0003f00103002b00f0468100be43e16a4b33
:1071ec001b78dbb2013bdab2674b1a70664b1b782b
:1071fc00dbb2002b40f01781624b01221a70614afe
:10720c0092f82b3023f0010382f82b305d4a92f870
:10721c002b3023f0040382f82b305a4a92f82c308e
:10722c0023f0010382f82c30564a92f82c3023f0cc
:10723c00040382f82c303a7a07f108030433194618
:10724c001046fcf75bfd034683f00103dbb2002b19
:10725c0000f0eb803b7a0021184625f0d5fc3b7af8
:10726c008021184625f0d0fcdfe03b7b87f84f30bf
:10727c0097f84f3087f8263097f8263003f00f0335
:10728c00dbb287f84e3097f84f3087f8273097f8f5
:10729c002730db09dbb287f84d3097f84e2097f892
:1072ac004d30384952000a44134403f12802d37874
:1072bc0023f00103d37097f84e2097f84d303149e5
:1072cc0052000a44134403f12802d37823f0040338
:1072dc00d37097f84e30002b07d1387a7a7b3b6904
:1072ec0097f84f100ff090f9aae097f84e2097f806
:1072fc004d30244952000a44134417331b7887f845
:10730c00253000233b62224b1b7897f825209a42ac
:10731c000ad2204b196897f825201346db0013443a
:10732c009b000b443b6213e0194b1b7897f825200c
:10733c00d31a87f8253097f82530002b08d197f809
:10734c0025201346db0013449b00134a13443b6275
:10735c003b6abb64bb6c002b09d10c4b7b647b6c14
:10736c001b6803f00103002b7fd000be7de0bb6cdb
:10737c009e69387a7a7b3b6997f84f10b0475fe08b
:10738c00a46c45208c6645207f6a4520f0ed00e01a
:10739c008a6a45209c6c452068144400364b1b7847
:1073ac00dbb2002b43d0344bdb78c3f34003dbb2ae
:1073bc00002b14bf01230023dbb218462bf0b6f9c7
:1073cc0035e02d4b1b78dbb2002b32d02bf01afda5
:1073dc002fe0fb68002b2ed0fb683a6910469847cb
:1073ec0029e0254b9b79dbb2fb610023fb76fb7e0e
:1073fc00fa6922fa03f303f00103002b14bf0123f3
:10740c000023dbb2002b18d0fb6818462bf014fbc2
:10741c0013e01a4bfb63fb6b1b6803f00103002b9f
:10742c000dd000be0be000bf0ae000bf08e000bfbb
:10743c0006e000bf04e000bf02e000bf00e000bfb8
:10744c000f4b1b687b61786927f0aef80346002b65
:10745c000cbf01230023dbb2002b08d120e600bfb8
:10746c0006e000bf04e000bf02e000bf00e000bf88
:10747c005437bd46bde8f08f8c664520f0ed00e03a
:04748c00a46c452087
:020000040000fa
:020000040041b9
:107490000000000003836bf2f7703be1f4f350133c
:1074a0001f979ac71c14f135e8e7a126eb64cad4ec
:1074b000cf58d98accdbb2783828e26b3bab8999bc
:1074c000d0cf434dd34c28bf27bf78ac243c135eac
:1074d0006fc75e106c4435e298b765f19b340e03bc
:1074e0007050c4d773d3af258720ff3684a394c4cc
:1074f000a09f879aa31cec6857efbc7b546cd7897c
:10750000bf081d5dbc8b76af487826bc4bfb4d4e4b
:10751000de8ebd20dd0dd6d229fe86c12a7ded335b
:10752000c11927e7c29a4c1536691c0635ea77f46b
:1075300011d664aa12550f58e6a65f4be52534b95b
:107540000e41fe6d0dc2959ff931c58cfab2ae7e2b
:10755000b149e330b2ca88c24639d8d145bab3235b
:10756000aede79f7ad5d120559ae42165a2d29e40b
:107570007e113aba7d9251488961015b8ae26aa91b
:107580006186a07d6205cb8f96f69b9c9575f06e0b
:10759000bc1d7b41bf9e10b34b6d40a048ee2b52eb
:1075a000a38ae186a0098a7454fada675779b195fb
:1075b0007345a2cb70c6c9398435992a87b6f2d8eb
:1075c0006cd2380c6f5153fe9ba203ed9821681fbb
:1075d000d3da2551d0594ea324aa1eb027297542cb
:1075e000cc4dbf96cfced4643b3d847738beef857b
:1075f0001c82fcdb1f019729ebf2c73ae871acc88b
:107600000315661c00960deef4655dfdf7e6360f7a
:107610006293c6616110ad9395e3fd8096609672aa
:107620007d045ca67e8737548a74674789f70cb55a
:10763000adcb1febae4874195abb240a59384ff82a
:10764000b25c852cb1dfeede452cbecd46afd53f1a
:107650000d5498710ed7f383fa24a390f9a7c8624a
:1076600012c302b611406944e5b33957e63052a55a
:10767000c20c41fbc18f2a09357c7a1a36ff11e80a
:10768000dd9bdb3cde18b0ce2aebe0dd29688b2fda
:10769000783bf6827bb89d708f4bcd638cc8a691ea
:1076a00067ac6c45642f07b790dc57a4935f3c56da
:1076b000b7632f08b4e044fa401314e943907f1bea
:1076c000a8f4b5cfab77de3d5f848e2e5c07e5dc9a
:1076d00017fca892147fc360e08c9373e30ff881ca
:1076e000086b32550be859a7ff1b09b4fc9862469a
:1076f000d8a47118db271aea2fd44af92c57210b8a
:10770000c733ebdfc4b0802d3043d03e33c0bbcc99
:10771000a6b54ba2a536205051c5704352461bb1a9
:10772000b922d165baa1ba974e52ea844dd1817679
:1077300069ed92286a6ef9da9e9da9c99d1ec23b29
:10774000767a08ef75f9631d810a330e828958fc39
:10775000c97215b2caf17e403e022e533d8145a149
:10776000d6e58f75d566e4872195b4942216df6639
:10777000062acc3805a9a7caf15af7d9f2d99c2b09
:1077800019bd56ff1a3e3d0deecd6d1eed4e06ecb9
:10779000c4268dc3c7a5e6313356b62230d5ddd019
:1077a000dbb11704d8327cf62cc12ce52f424717e9
:1077b0000b7e544908fd3fbbfc0e6fa8ff8d045a99
:1077c00014e9ce8e176aa57ce399f56fe01a9e9da9
:1077d000abe1d3d3a862b8215c91e8325f1283c0d9
:1077e000b4764914b7f522e6430672f540851907c9
:1077f00064b90a59673a61ab93c931b8904a5a4a99
:107800007b2e909e78adfb6c8c5eab7f8fddc08d48
:107810001aa830e3192b5b11edd80b02ee5b60f078
:10782000053faa2406bcc1d6f24f91c5f1ccfa3768
:10783000d5f0e969d673829b2280d2882103b97a78
:10784000ca6773aec9e4185c3d17484f3e9423bd28
:10785000756f6ef376ec0501821f5512819c3ee038
:107860006af8f434697b9fc69d88cfd59e0ba42708
:10787000ba37b779b9b4dc8b4d478c984ec4e76af8
:10788000a5a02dbea623464c52d0165f51537dad08
:020000040000fa
:020000040041b9
:107890002de9f04397b000aff860b9607a60fb68fb
:1078a000db68fb63fb6b9b8d002b0ad19349f86867
:1078b00026f077fb924b1b681946f86826f071fb9f
:1078c000cfe1b86823f0e2fa03467b877b8f002b79
:1078d00040f005816b461e462023fb62fb6a013b9c
:1078e000bb62fb6a0022984691464ff000024ff0bf
:1078f00000034fea491343ead8634fea4812fb6a90
:1079000000221c4615464ff000024ff000036b01a9
:1079100043ead4636201fb6a9b000733db08db00a8
:10792000adeb030d6b4603339b089b007b6200238a
:107930007b6500233b6533e0fb6b596a3a6d134668
:107940005b001344db000b441b68bb61bb69002b6d
:1079500006d06c49b8692af005ff0346002b1bd1fd
:10796000bb69002b01d0bb6900e0674b7b617a6d7e
:10797000796a786925f00cfb38613b69002b0cdad9
:107980007a6dfb6a9a4208da7b6d5a1c7a657a6acc
:10799000796942f8231000e000bf3b6d01333b657d
:1079a000fb6b9b8d1a463b6d9342c5db7b6d002bb9
:1079b0000bd15249f86826f0f4fa514b1b6819466e
:1079c000f86826f0eefab5464be10023fb647fe051
:1079d0004e49f86826f0e5fa7b6afa6c53f82230d3
:1079e0001946f86826f0ddfa4949f86826f0d9fa10
:1079f000434b1b681946f86826f0d3fa0023bb6492
:107a000057e0fb6b596aba6c13465b001344db000a
:107a10000b441b683b623b6a002b01d03b6a00e0d1
:107a2000394bfb617b6afa6c53f822301946f869ce
:107a30002af098fe0346002b38d13649f86826f024
:107a4000b0fafb6b596aba6c13465b001344db0057
:107a50000b445b681c221946f86824f0a1fe2e49ed
:107a6000f86826f09efafb6b596aba6c13465b0005
:107a70001344db000b449b68002b0dd0fb6b596a51
:107a8000ba6c13465b001344db000b449b68194639
:107a9000f86826f086fa03e02049f86826f081fab3
:107aa000174b1b681946f86826f07bfabb6c01334c
:107ab000bb64fb6b9b8d1a46bb6c9342a1db104be6
:107ac0001b681946f86826f06cfafb6c0133fb64fe
:107ad000fa6c7b6d9a42fff67bafb546c1e07b8fb7
:107ae000012b40f0b4800121b86827f075fd786360
:107af000002387f8473000233b6495e0c05f4200d5
:107b0000cc744520e45f4200e85f4200505f4200d1
:107b1000545f4200585f4200605f4200645f420071
:107b2000fb6b596a3a6c13465b001344db000b4451
:107b30005b68796b18462af015fe0346002b70d15e
:107b4000fb6b596a3a6c13465b001344db000b4431
:107b50001b683b633b6b002b06d04449386b2af013
:107b600001fe0346002b5bd1012387f847304049d3
:107b7000f86826f016fafb6b596a3a6c13465b00fc
:107b80001344db000b445b681946f86826f009fad9
:107b9000384b1b681946f86826f003fa3649f8682e
:107ba00026f0fff93b6b002b01d03b6b00e0334b21
:107bb0001946f86826f0f5f92e4b1b681946f86847
:107bc00026f0eff9fb6b596a3a6c13465b001344dd
:107bd000db000b449b68002b17d02949f86826f07e
:107be000e0f9fb6b596a3a6c13465b001344db0007
:107bf0000b449b681946f86826f0d3f91d4b1b68a7
:107c00001946f86826f0cdf915e01e49f86826f007
:107c1000c8f9184b1b681946f86826f0c2f90ae043
:107c200000bf3b6c01333b64fb6b9b8d1a463b6c86
:107c30009342fff675af97f8473083f00103dbb24c
:107c4000002b0ed0796bf86825f0d0ff09e00e49c3
:107c5000f86826f0a6f9074b1b681946f86826f065
:107c6000a0f95c37bd46bde8f08300bfe45f420089
:107c7000705f4200cc7445207c5f4200e85f4200a8
:0c7c8000885f4200645f4200f45f420035
:020000040000fa
:020000040041b9
:107c8c0080b48db000af9e4b0022c3f814219c4be6
:107c9c00d3f814219a4941f230031343c1f814313b
:107cac00984b00221a67974b00225a67964bfb623f
:107cbc001823bb62954b7b62924b1a6f91497b6a7e
:107ccc0013430b678f4b5a6f7b6adb438d49134011
:107cdc004b678c4b4ff0ff321a608a4b1a68b96aab
:107cec007b6a0b43db43874913400b60854b5a6817
:107cfc00b96a7b6a0b43834913434b60814b4ff04a
:107d0c00ff325a657f4b4ff0ff321a667d4b4ff0b6
:107d1c00ff32c3f890207b4b4ff0ff32c3f8a0200a
:107d2c00784b00221a61774b4ff0ff325a61754b3a
:107d3c001a697449fb6a13430b61724b5a69fb6aeb
:107d4c00db43704913404b616e4b00229a636d4bc1
:107d5c009a6b6c496e4b13438b636a4b0022c3f8ce
:107d6c0018216c4b00221a676a4b00225a674ff499
:107d7c0080533b623023fb61664b4ff0ff321a603d
:107d8c00644b5a686349fb6913434b60614b1a6837
:107d9c00fb69db435f4913400b605e4b4ff0ff32d6
:107dac005a655c4b4ff0ff321a665a4b4ff0ff325c
:107dbc00c3f89020574b4ff0ff32c3f8a020554b1f
:107dcc0000221a61534b4ff0ff325a61514b1a6922
:107ddc0050493b6a13430b614e4b5a693b6adb4378
:107dec004c4913404b614b4b00229a63494b002288
:107dfc00c3f81821484b00221a67474b00225a67d8
:107e0c00464bbb61464b7b61434b1a6f42497b69c6
:107e1c0013430b67404b5a6f7b69db433e4913405e
:107e2c004b674ff4a0433b613b4b1a6f3b69db4301
:107e3c00394913400b67384b5a6f37493b69134329
:107e4c004b67354b4ff0ff321a60334b5a687969e8
:107e5c003b690b43304913434b602f4b1a687969cc
:107e6c003b690b43db432c4913400b602a4b4ff00f
:107e7c00ff325a65284b4ff0ff321a66264b4ff0f3
:107e8c00ff32c3f89020244b4ff0ff32c3f8a020f0
:107e9c00214b00221a61204b4ff0ff325a611e4bce
:107eac001a691d49bb6913430b611b4b5a69bb69aa
:107ebc00db43194913404b61174b00229a63164b55
:107ecc009a6b1549174b13438b63134b0022c3f862
:107edc001821154b00221a67134b00225a6742f6e1
:107eec007c03fb604ff4e703bb600f4b1a6f0e492a
:107efc00bb6813430b670c4b5a6fbb68db4315e035
:107f0c0000800840000e0e40000001c00300000c71
:107f1c000000018000100e4000120e408608550033
:107f2c00600180008000540000140e404949134049
:107f3c004b674ff0f0537b60464b1a6f7b68db430b
:107f4c00444913400b67434b5a6f42497b681343b8
:107f5c004b67404b00221a603e4b1a68b9687b682d
:107f6c000b43db433b4913400b603a4b5a68b968ef
:107f7c007b680b43374913434b60364b4ff0ff3252
:107f8c005a65344b4ff0ff321a66324b4ff0ff32ca
:107f9c00c3f890202f4b4ff0ff32c3f8a0202d4b8d
:107fac0000221a612b4b4ff0ff325a61294b1a6990
:107fbc002849fb6813430b61264b5a69fb68db436a
:107fcc00244913404b61234b00229a63214b9b6b3a
:107fdc00204a43f4006393631e4b0022c3f818211c
:107fec0018233b601c4b4ff0ff321a601a4b4ff0ba
:107ffc00ff325a65184b4ff0ff321a66164b4ff092
:10800c00ff32c3f89020144b4ff0ff32c3f8a0207e
:10801c00114b00221a61104b4ff0ff325a610e4b7c
:10802c001a690d493b6813430b610b4b5a693b684a
:10803c00db43094913404b61074b00229a63064b03
:10804c000022c3f8182100bf3437bd465df8047b0d
:0c805c00704700bf00140e4000160e40dc
:020000040000fa
:020000040041b9
:108068002de9f04f242985b0dde90e8a05460e4634
:10807800144601d8012903d1a14b16221a6048e001
:10808800eb6bea6c93424bd25a1cea6318782028af
:10809800f6d0a0f10903042bf2d92b2801d02d2802
:1080a80046d1eb6bea6c2d284ff0ff3b18bf4ff021
:1080b800000b934238d25a1cea631878ea6cdff84e
:1080c8004892002e00f09f81102e40f0a0813028a9
:1080d80040f09d81eb6b93422dd25a1cea631878cd
:1080e80040f02003782b35d1eb6bea6c934226d213
:1080f8005a1cea63187809eb00035b780f2b40f2ef
:10810800e580eb6c002b00f07581eb6bdcb1023b7a
:10811800eb63002427462046394605b0bde8f08fba
:10812800284623f0f9f9b2e7284623f0f5f9c5e720
:108138004ff0000bc2e7284623f0eef9d0e72846b7
:1081480023f0eaf9d7e7013beb63002128462af040
:108158007dfadee7002e14bf10260826741e344070
:1081680040f0168117237343c3f342134b4493f82b
:10817800013100bf09eb00025278964203d9b4f1ed
:10818800006fc0f0a5804ff0ff32c3f1200e22fa35
:1081980003f102fa0efea3f1200c22fa0cfc41eacc
:1081a8000e01da40002741ea0c01019209eb000cac
:1081b8009cf801c0664555d9019aa14272eb070e99
:1081c80050d3a3f1200e04fa0efec3f120009f4005
:1081d80024fa00f047ea0e07ea6b0743e86c9c4074
:1081e80082424cea040480f08380501ce8631078d3
:1081f800dce70a2eb2d1434f00240ce0ea6beb6cab
:1082080004eb840400eb44049a42a4f1300449d2fc
:10821800531ceb631078a0f13003092b01d8bc4242
:10822800ecd30027a0f13003092b21d84ff0993265
:10823800a24202f10042ba4114d34ff00a0ca4fb47
:108248000c210cfb07110191991801994feae37c65
:108258005ceb01014ff0000e28bf4ff0010ebef19c
:10826800000f23d009eb00035b78b342c0f09d8078
:10827800eb6c13b1eb6b013beb63444577eb0a0303
:10828800c0f0b08018f0010f40f0a280bbf1000fe1
:1082980040f0b4801a4b222218f1ff341a604af1d8
:1082a800ff3738e7284623f037f9b4e7d418019b9d
:1082b800ea6b4ceb0307eb6c9a4203d2531ceb635b
:1082c8001078afe7284623f027f9abe7102645e7f3
:1082d8009c40e96b1443ea6c914203d24a1cea635e
:1082e800087847e72846019323f016f9019b41e7f0
:1082f8002846cde9023123f00ff9dde9023155e7cf
:10830800c06c45209999991978bb4200ea6c04fb26
:108318000634eb6b934237d25a1cea63187809eba0
:1083280000035b789e4202d9404a9442eed9002766
:1083380009eb00035a78964294d9002357b1a6fb5b
:10834800043ca6fb071311eb0c0143f10003003baf
:1083580018bf0123002b85d1a6fb041c06fb07cc04
:1083680012eb010e5cf1000e28bf0123002b7ff4f5
:1083780079af8c18eb6cea6b4cf100079a4209d282
:10838800531ceb631078d3e7284623f0c5f8c6e7fb
:108398000024c4e7284623f0bff8c9e7eb6bea6c72
:1083a800934211d25a1cea63187848444378b3427e
:1083b800f4d31f4b222218f0010f1a604446574687
:1083c80018bf4ff0000b53e7284623f0a5f8ece759
:1083d800a0457aeb070305d2154b22221a604446c2
:1083e800574698e6bbf1000f3ff495ae644267eb41
:1083f800470790e6002c7ff48caea6e6a0457aeb02
:108408000703f3d2e8e730283ff464ae0a2609eb05
:1084180000035b78b342fff4ecae12b1eb6b013ba7
:10842800eb63002128462af011f925e6c6711c07de
:04843800c06c4520af
:020000040000fa
:020000040041b9
:04843c00ffffff003f
:020000040000fa
:020000040041b9
:108440002de9f04f2ded0a8b92ed008b8db01e467d
:10845000b5eec08b0b69d1f808a0cc680590f1eea1
:1084600010fad1e9009b069307d419f0040f30d11c
:1084700019f008052fd0202302e02d23b1ee488b00
:1084800023700af1ff32012518ee903a18ee100a17
:1084900023f00041bc4b4ff00008994208bf404513
:1084a0001bd1413e192e94bfb849b94960192af031
:1084b000f5fcb7482af0b6f8cdf8009002465346ce
:1084c000059821461ff010fa0db0bdec0a8bbde8ef
:1084d000f08f2b23d4e75246d6e780458b41a6f197
:1084e0004103039308d2192b94bfaa49aa496019e2
:1084f0002af0d4fca848dde730216155b5ee408b69
:108500000399b7ee009b192905f101038cbf78216f
:108510005821f1ee10fae15405f10205a2f1020230
:1085200040f0ec80b0ee49bbb0ee48cbbbf1000fa1
:108530009fed8fabacbf5b461823591c002700bfd3
:108540008cee0b0bcde90731049219f0bdfabbf1ab
:10855000000f00ee4bcbdde907312bee0abb049a8e
:1085600007f1010704dab5ee40cbf1ee10fa02d0c4
:108570008f42e5d15f1cb2ee007b2bee077bb4eea1
:10858000c7cbf1ee10fa00f1dc80b4ee47cbf1ee90
:1085900010fa09d1bdeec00b9fed776b10ee103acb
:1085a00013f0010f06fe077b38ee078b18ee903aaa
:1085b00018ee10ca744923f000400023884208bf17
:1085c0009c453ff46eaf06990539a942079140f2e8
:1085d0001481794208912e46ae461f46049300bf8f
:1085e00088ee090bcde90a23cdf824e019f06cfae6
:1085f000fdeec07bdde909e2b0ee40bb17ee900a6c
:108600000b9b002840f0a080002b00f09d800137dc
:1086100008990bee498b013b8b4229ee0a9b03d054
:1086200007998e42b646dbd3049bcbb9002f40f3ab
:10863000e580bbf1000f40f3e18019f0010f40f03d
:10864000dd80a3192e211970b9192144302000bff3
:1086500003f8010f8b42fbd13e44ff4301363a44fd
:10866000069b0021a019013b88450170b8bfc8f1e5
:108670000008e1544ff00107b8bf01214ff00a0b89
:1086800003f1ff3cb8f1000f40f0a580012f00f08e
:10869000a28000290cbf2b212d2104f80c10039976
:1086a000023b192904eb03018cbf4ff0700c4ff013
:1086b000500c9e4281f800c003da03922af0eefbd0
:1086c000039a09f00303022b11d11744033f002f33
:1086d0000ddd204629f0a6ffe319a84280f289802b
:1086e0003a46302160192af0e9f94ff0000a204695
:1086f000e0e600bf08f10108b0ee479b39ee097bc8
:10870000b4eec78bf1ee10faf4d5b6ee007b9fed18
:108710001c6b00bfb4eec98bf1ee10fa7ff502af0f
:1087200029ee075bb5ee405bf1ee10fa08bf29eecb
:10873000069b08f1ff3808bf28ee068b29ee079b41
:10874000e8e79fed0d7b2fe7049941b93bb14ff06e
:108750002e0c012104f80ec00136013a0491e119f2
:1087600004eb060c31444ff0300e19e0aff30080fb
:10877000000000000000b03f00000000000000000a
:1087800000000000000050430000f07fbd0f4400d7
:10879000c10f4400c50f4400b10f44000cf801ebb9
:1087a0008c45fbd1f119d71b039a0928d4bf30306f
:1087b0005730192a0ad840f02002613a192a05d800
:1087c000cde909312af039fbdde909317a1e60541f
:1087d0004e1c00271ce7634698fbfbfe0eeb8e0c3d
:1087e000a8eb4c0c0cf1300c04f803c0f046013f30
:1087f00046e7225c1a5401386fe72e4619f0100f35
:0c8800003ff42eaf2e23a355013629e7cc
:020000040000fa
:020000040041b9
:10880c0080b5b6b004aff860b9607a600121b86881
:10881c0026f0dcfec7f8c0000221b86826f0d6feb0
:10882c00c7f8bc000321b86826f0d0fec7f8b80022
:10883c000421b86826f0cafec7f8b400d7f8c030d7
:10884c00002b0bd0d7f8bc30002b07d0d7f8b830a2
:10885c00002b03d0d7f8b430002b0cd1c849f868e2
:10886c001bf08efcc749f8681bf08afcc649f868f7
:10887c001bf086fc81e100220021d7f8c0002af011
:10888c003ff9034687f8b33000220021d7f8bc002b
:10889c002af036f90346a7f8b03097f8b330042b1a
:1088ac0004d9ba49f8681bf06bfc66e197f8b33051
:1088bc00542202fb03f3b64a1344c7f8ac304ff60c
:1088cc00ea73a7f8c630b349d7f8b80029f044ffcb
:1088dc000346002b1ad100220021d7f8b4002af04d
:1088ec000ff90346dbb287f82b3007f12b03b7f8ef
:1088fc00b01000220192012200920022d7f8ac00a5
:10890c0003f03efe0346a7f8c6300de1a249d7f8a6
:10891c00b80029f021ff0346002b19d100220021b9
:10892c00d7f8b4002af0ecf803469bb23b8507f16c
:10893c002803b7f8b0100022019202220092012203
:10894c00d7f8ac0003f01cfe0346a7f8c630ebe0ea
:10895c009249d7f8b80029f0fffe0346002b18d136
:10896c0000220021d7f8b4002af0caf803467b6233
:10897c0007f12403b7f8b0100022019204220092f0
:10898c000222d7f8ac0003f0fbfd0346a7f8c63073
:10899c00cae08349d7f8b80029f0defe0346002b65
:1089ac0018d1d7f8b40024f075fd03465bb287f8f4
:1089bc00233007f12303b7f8b010002201920122f3
:1089cc0000920422d7f8ac0003f0dafd0346a7f8b6
:1089dc00c630a9e07349d7f8b80029f0bdfe0346ac
:1089ec00002b17d1d7f8b40024f054fd03461bb26a
:1089fc003b8407f12003b7f8b01000220192022249
:108a0c0000920522d7f8ac0003f0bafd0346a7f894
:108a1c00c63089e06449d7f8b80029f09dfe0346ba
:108a2c00002b16d1d7f8b40024f058fd0346fb6197
:108a3c0007f11c03b7f8b010002201920422009237
:108a4c000622d7f8ac0003f09bfd0346a7f8c6300e
:108a5c006ae05649d7f8b80029f07efe0346002b91
:108a6c001ad1d7f8b4002af080fab0ee407bf7eeba
:108a7c00c77bc7ed067a07f11803b7f8b0100022d0
:108a8c000192042200920d22d7f8ac0003f078fd7d
:108a9c000346a7f8c63047e04549d7f8b80029f097
:108aac005bfe0346002b1bd1d7f8b40024f0f2fc7c
:108abc000346002b14bf01230023dbb2fb7507f127
:108acc001703b7f8b0100022019201220092102275
:108adc00d7f8ac0003f054fd0346a7f8c63023e0ea
:108aec003449d7f8b80029f037fe0346002b0cd1d7
:108afc00b7f8b0100023d7f8b420d7f8ac001df0ad
:108b0c000bfc0346a7f8c6300ee007f12c00d7f893
:108b1c00b830294a802129f00bfb07f12c031946a8
:108b2c00f8681bf02dfb28e0b7f9c630002b12d1ea
:108b3c0097f8b310b7f8b03007f12c00d7f8b8207d
:108b4c000292d7f8b420019200930b461b4a802165
:108b5c0029f0eefa07e0b7f9c63007f12c00184af5
:108b6c00802129f0e5fa07f12c031946f8681bf06f
:108b7c0007fb1449f8681bf003fbc837bd4680bde2
:108b8c0044dd400078dd4000a4dd4000ccdc40003a
:108b9c00e4514520c8dd4000ccdd4000d0dd400074
:108bac00d4dd4000d8dd4000dcdd4000e0dd4000dd
:108bbc00e4dd4000ecdd4000f0dd40002cde400048
:088bcc004cde4000dcd040004b
:020000040000fa
:020000040041b9
:048bd400000000009d
:020000040000fa
:020000040041b9
:108bd8002de9f04f2ded0a8b92ed009b8fb0b5ee8d
:108be800c09b05938b680493f1ee10fa0b69cd686e
:108bf8000690d1e900a78b46089308d41af0040f11
:108c080034d11af00803039332d0202302e02d2335
:108c1800b1ee499b2b70049b03f1ff3901230393a9
:108c280019ee903a19ee101a23f00042c04b0024b6
:108c38009a4208bfa1421ed1059b0398413b192bbc
:108c480094bfbc49bc4928442af024f9284629f095
:108c5800e5fc049bcdf800a00246294606981ef0c4
:108c68003ffe0fb0bdec0a8bbde8f08f2b23d1e798
:108c7800ddf81090d4e78c42934108d2059b039805
:108c8800413b192b94bfad49ad492844dce7b5ee0b
:108c9800409bf1ee10fab2ee04cbb7ee00ab40f019
:108ca800c08005982af0bef8002fc0b2c0f26281d9
:108cb800672840f0d580002f08bf0127231dc0f288
:108cc800d180bc4280f2ce80002c4ff066080cdace
:108cd800b8f1660f07f1010707d1002c02dab7eee9
:108ce80000ab0024672800d027440023b0ee4a8b4d
:108cf800b0ee49bb8bee080b0993079018f0e0fe25
:108d0800099b90ee08bb01339f420798b1ee4bbb1d
:108d180088ee0c8beed1b1ee047b28ee078bb4ee17
:108d2800cb8bf1ee10fa00f3a080b4ee4b8bf1ee92
:108d380010fa09d1bdeec00b9fed796b10ee103a19
:108d480013f0010f06fe088b39ee088b2aee0c9bf8
:108d5800b4eec89bf1ee10fa00f28a80b8f1660f03
:108d680004f1010440f0868001372146cb1b002224
:108d7800039f0a9316460a9b994240f0a580334602
:108d8800002e00f0df80e8190022b8f1650f0270ac
:108d980029d1089b013b9442ea54bcbf644201229a
:108da8004ff0020b4ff00a0e591e002c40f0d180f4
:108db800bbf1000f00f3cd80002a0cbf2b222d221f
:108dc8006a54059a023b413a192a05eb030198bff8
:108dd8004ff045089f4281f8008001da2af05af8de
:108de800cb44abf104090af00303022b7ff42eaf46
:108df800b9f1000f7ff72aaf284629f00ffc05ebe1
:108e08000903039a824240f3b18003984a4630210d
:108e1800284429f04ffe0023049317e70134b0eeed
:108e280047ab2aee0c7bb4eec79bf1ee10faf5d5f2
:108e38009fed3d7b00230be014f5967f05da23b9ff
:108e480029ee079b2aee07ab0123013c8aee0cab07
:108e5800b4eeca9bf1ee10faeed422e706272de70e
:108e6800804635e74ff065083fe79fed2d8b6be7b0
:108e7800b0ee4a9bb8f1650f14bf2146002175e793
:108e88004eb9002907da079e2e23ab550123013777
:108e980009f1ff391e46ab1805eb070c3b444ff0b0
:108ea800300e01e00cf801eb9c45fbd1099b02eb6d
:108eb800070c3033a9eb020202f1ff3905f80c3038
:108ec8000cf10107002223e0dbf810300797053b7f
:108ed800bb427ff654af88ee090bcde90c200b910d
:108ee80018f0eefdfdeec07bdde90b1217ee90ca1f
:108ef8006346092ba8bf092309930af0100353ea14
:108f08000c0c0d98bcd16728bad10029b8da013207
:108f180099ee008b0139b1ee488b89ee0c9b2ae75c
:108f280000000000000000000000000000005043a6
:108f38000000f07fbd0f4400c10f4400c50f44007e
:108f4800b10f44001af0100f1ebf2e23eb55013746
:108f580019e70b4694fbfefc0ceb8c01a4eb4101da
:108f68003031e95464460bf1ff3b1de72a5c1a5483
:108f7800013846e767283ff471af80460627a7e621
:020000040000fa
:020000040041b9
:108f88002de9f04395b000aff860b9607a60fb68ee
:108f9800db687b637b6b9b8d002b0ad18249f86869
:108fa80024f0fbff814b1b681946f86824f0f5ff95
:108fb800a3e1b86821f066ff03467b867b8e002b11
:108fc80040f0e2806b461e462023bb62bb6a013b31
:108fd8007b62bb6a0022984691464ff000024ff030
:108fe80000034fea491343ead8634fea4812bb6ac1
:108ff80000221c4615464ff000024ff000036b019b
:1090080043ead4636201bb6a9b000733db08db00d9
:10901800adeb030d6b4603339b089b003b620023bb
:10902800fb640023bb6423e07b6b596aba6c13466c
:109038005b001344db000b441b68bb61bb69002b5e
:1090480013d0fa6c396ab86923f09eff78617b699e
:10905800002b0adafa6cbb6a9a4206dafb6c5a1cd5
:10906800fa643a6ab96942f82310bb6c0133bb64ed
:109078007b6b9b8d1a46bb6c9342d5db00237b64cc
:109088007be04b49f86824f088ff3b6a7a6c53f818
:1090980022301946f86824f080ff4649f86824f021
:1090a8007cff424b1b681946f86824f076ff0023c2
:1090b8003b6453e07b6b596a3a6c13465b0013447c
:1090c800db000b441b68fb61fb69002b43d03b6a48
:1090d8007a6c53f822301946f86929f03ffb0346a9
:1090e800002b38d13449f86824f057ff7b6b596a54
:1090f8003a6c13465b001344db000b445b681c228c
:109108001946f86823f048fb2c49f86824f045ff15
:109118007b6b596a3a6c13465b001344db000b44c3
:109128009b68002b0dd07b6b596a3a6c13465b0029
:109138001344db000b449b681946f86824f02dffa4
:1091480003e01f49f86824f028ff184b1b681946ec
:10915800f86824f022ff3b6c01333b647b6b9b8dea
:109168001a463b6c9342a5db104b1b681946f868fe
:1091780024f013ff7b6c01337b647a6cfb6c9a429e
:10918800fff67fafb546b8e07b8e012b40f0ab8091
:109198000121b86826f01cfaf862002387f83f30ee
:1091a8000023bb638ce000bf385f4200cc744520cd
:1091b800505f4200545f4200585f4200605f4200c7
:1091c800645f42007b6b596aba6b13465b001344b9
:1091d800db000b441b68002b6ed07b6b596aba6ba3
:1091e80013465b001344db000b445b68f96a1846be
:1091f80029f0b4fa0346002b5fd1012387f83f30ea
:109208004049f86824f0c9fe7b6b596aba6b13466b
:109218005b001344db000b445b681946f86824f0d4
:10922800bcfe394b1b681946f86824f0b6fe37496e
:10923800f86824f0b2fe7b6b596aba6b13465b0080
:109248001344db000b441b681946f86824f0a5fe9c
:109258002d4b1b681946f86824f09ffe7b6b596af2
:10926800ba6b13465b001344db000b449b68002b6e
:1092780017d02749f86824f090fe7b6b596aba6bbf
:1092880013465b001344db000b449b681946f868df
:1092980024f083fe1c4b1b681946f86824f07dfef9
:1092a80015e01c49f86824f078fe174b1b6819462e
:1092b800f86824f072fe0ae000bfbb6b0133bb63a1
:1092c8007b6b9b8d1a46bb6b9342fff67baf97f87f
:1092d8003f3083f00103dbb2002b0ed0f96af86847
:1092e80024f080fc09e00c49f86824f056fe064b8f
:1092f8001b681946f86824f050fe5437bd46bde88f
:10930800f08300bf705f4200cc7445207c5f420050
:0c931800885f4200645f4200905f4200ea
:020000040000fa
:020000040041b9
:10932400b0b58ab000af78608d4b1b687a689a42fa
:1093340001d10023b5e17b68b3f848207b68b3f81a
:109344006030934228bf13469bb2bb617b68db6edf
:109354007b627b6a002b0bd17b685b8b03f002037f
:10936400002b00f0918178681af08ffc034698e195
:1093740079687b6804331a46786826f0f3f87861d4
:109384007b69002b02d16ff003038ae17b68002b19
:1093940003d07b681b68002b10d17b69002b01d0a4
:1093a4007b6900e000233b613b69002b02d16ff035
:1093b400030376e13b691a687b681a607b6adb68a1
:1093c4005b68184626f0c7fb02467b685b6cd31ac1
:1093d4007a6a12891344ba699a4227d27b68b3f82d
:1093e40060301a46bb69934214d17b681b6f002b13
:1093f40010d17b6893f89930002b0bd17b68002245
:1094040083f898207b68012283f899207b680022e6
:1094140083f89a207b685b8b03f00203002b00f037
:10942400358178681af031fc03463ae17b68002202
:1094340083f899207b681b6f3b623b6a002b00f02a
:10944400048102e03b6a1b683b623b6a1b68002b99
:10945400f8d1fae07b6adb689b899bb2184627f057
:109464006dfa7b681b6f002b1fd07b685b8b03f04e
:109474004403002b19d17b68db6e002b0bd07b6877
:10948400db6e1b68002b10d17b68db6e1a897b684e
:109494005b8e9a4209d27b68b3f86430002b04d007
:1094a4007b68b3f866300f2b01d9012300e0002359
:1094b400002b06d17b685b8b03f0a003002b00f02c
:1094c400d9807b681b7d022b0dd07b6adb689b896e
:1094d4009cb2102027f032fa03461a467b6adb68f6
:1094e400224392b29a817a697968786a0bf092fd84
:1094f4000346fb7397f90f30002b09d07b685b8b15
:1095040043f080039ab27b685a8397f90f30c8e01e
:109514007b6a1a687b68da667b681b7d022b06d03f
:109524007b685b8b23f003039ab27b685a837b6a64
:10953400db685b68184626f00efb04467b6a1b89d1
:109544001d467b6adb689b899bb2184627f0f6f9b7
:109554000346dbb203f00303002b03d0012302e034
:10956400886c452000232b442344bb607b681a6d20
:10957400bb68d31a002b02da7b68ba681a657b6a67
:109584001b891c467b6adb689b899bb2184627f0c3
:10959400d5f90346dbb203f00303002b01d001230a
:1095a40000e000232344002b49d07b6a00221a6088
:1095b4007b681b6f002b05d17b687a6a1a677b6a0c
:1095c4003b623fe07b6adb685b68184626f0c3fabf
:1095d40004463b6adb685b68184626f0bcfa03461f
:1095e400e31a002b24da7b687033fb6102e0fb6929
:1095f4001b68fb61fb691b68002b11d0fb691b68ae
:10960400db685b68184626f0a6fa04467b6adb68ca
:109614005b68184626f09ffa0346e31a002be6db44
:10962400fb691a687b6a1a60fb697a6a1a6009e046
:109634003b6a7a6a1a603b6a1b683b6202e0786a9a
:1096440026f04efe7b68db6e7b627b6a002b12d0b9
:109654007b6adb685b68184626f07dfa02467b6805
:109664005b6cd31a7a6a12891344ba699a42bff4ba
:10967400f1ae00e000bf7b68db6e002b08d17b6895
:109684000022a3f8682004e000bf02e000bf00e06d
:1096940000bf7b685b8b23f080039ab27b685a839c
:0c96a400002318462837bd46b0bd00bfab
:020000040000fa
:020000040041b9
:1096b00080b5bab004aff860b9607a607b681b7996
:1096c000012b38bf012387f8d630002387f8d73025
:1096d00084e17b681b889ab297f8d7309bb279688f
:1096e000c97813fb01f39bb21344a7f8d43007f1f8
:1096f0004c0300221a605a6097f8d630012b07d924
:1097000097f8d73007f14c00ba4a082128f016fd27
:109710007b689b78102b00f2428101a252f823f063
:1097200065974100a3974100e19741009f9941004f
:109730001b98410059984100979841009f9941001a
:109740009f9941009f9941009f9941009f99410035
:109750009f994100d19841005d9941009f99410036
:1097600015994100002387f84b3007f14b03b7f8f8
:10977000d41000220192012200920022b86816f053
:10978000e9f87b689a1d97f84b3007f15400019374
:1097900007f14c0300931346974a802128f0cefc32
:1097a00011e10023a7f8483007f14803b7f8d410b7
:1097b00000220192022200920122b86816f0caf833
:1097c0007b689a1db7f8483007f15400019307f100
:1097d0004c0300931346884a802128f0affcf2e046
:1097e00000237b6407f14403b7f8d41000220192f0
:1097f000042200920222b86816f0acf87b689a1d29
:109800007b6c07f15400019307f14c03009313465e
:109810007a4a802128f092fcd5e0002387f8433073
:1098200007f14303b7f8d4100022019201220092fd
:109830000422b86816f08ef87b689a1d97f94330b9
:1098400007f15400019307f14c03009313466c4a4f
:10985000802128f073fcb6e00023a7f8403007f120
:109860004003b7f8d4100022019202220092052290
:10987000b86816f06ff87b689a1db7f9403007f1a9
:109880005400019307f14c03009313465c4a802176
:1098900028f054fc97e00023fb6307f13c03b7f882
:1098a000d41000220192042200920622b86816f019
:1098b00051f87b689a1dfb6b07f15400019307f187
:1098c0004c03009313464f4a802128f037fc7ae07e
:1098d0004ff00003bb6307f13803b7f8d410002240
:1098e0000192042200920d22b86816f033f87b68ca
:1098f0009a1dd7ed0e7ab7eee77a07f154008ded99
:10990000027b07f14c03009313463f4a802128f065
:1099100015fc58e0002387f8373007f13703b7f814
:10992000d41000220192012200921022b86816f091
:1099300011f87b689a1d97f83730002b01d0334b14
:1099400000e0334b07f15400019307f14c030093ff
:109950001346304a802128f0f1fb34e007f114036c
:1099600020220021184629f0a9f807f11402b7f8bf
:10997000d410002300932023b8681af0a3fc7b685e
:109980009a1d07f1540007f11403019307f14c03ea
:1099900000931346204a802128f0d0fb13e07b6817
:1099a0009a1d7b689b781946b7f8d43007f15400ac
:1099b0000293019107f14c0300931346174a80214b
:1099c00028f0bcfb00bf07f154031946f8681af0f1
:1099d000ddfb97f8d730013387f8d73097f8d720d9
:1099e00097f8d6309a42fff474ae00bf00bfd83764
:1099f000bd4680bdb0db4000b8db4000ccdb4000a2
:109a0000e0db4000f4db400008dc40001cdc4000f0
:109a100024dc40002cdc400040dc400054dc4000f2
:020000040000fa
:020000040041b9
:109a200080b592b000af786007f10c031e220021d0
:109a3000184629f043f807f12c0316220021184696
:109a400029f03cf838220021c54829f037f807f101
:109a50000c0201230021786821f0f9fa00233b73fe
:109a60003b7b43f01403dbb23b733b7b43f040038f
:109a7000dbb23b733b7b1a461c21786824f0bafbaf
:109a800007f10c0201231f21786821f0e0fa182366
:109a90003b733b7b1a461f21786824f0abfb07f130
:109aa0000c0215233121786821f0d1fa7b7b1bb29f
:109ab0001b021ab23b7b1bb213431bb29bb2bb858a
:109ac000fb7b1bb21b021ab2bb7b1bb213431bb244
:109ad0009bb2fb853b7c5bb287f83030bb7c1bb212
:109ae0001b021ab27b7c1bb213431bb27b863b7ded
:109af0001bb21b021ab2fb7c1bb213431bb2bb8608
:109b00007b7d5bb287f83630bb7d5bb287f8373040
:109b10003b7e1bb21b021ab2fb7d1bb213431bb26e
:109b20009bb23b87bb7e1bb21b021ab27b7e1bb271
:109b300013431bb29bb27b87fb7e5bb287f83c3042
:109b40003b7f5bb287f83d30bb7f1bb21b021ab272
:109b50007b7f1bb213431bb2fb87fb7f5bb287f893
:109b6000403097f820305bb287f841304ff06e53a9
:109b70007b64bb8d07ee903af8ee676a97ed117a39
:109b8000c6ee877a764bc3ed007abb8d07ee903a2e
:109b9000f8ee676a97ed117ac6ee877a704bc3eddf
:109ba000007a4ff09d437b64fb8d07ee903af8ee10
:109bb000676a97ed117ac6ee877a694bc3ed017a31
:109bc0004ff0af437b6497f9303007ee903af8eef0
:109bd000e76a97ed117ac6ee877a614bc3ed027a98
:109be0004ff093437b64b7f93230a3f5804307ee1f
:109bf000903af8eee76a97ed117ac6ee877a584bfd
:109c0000c3ed037a4ff09c437b64b7f93430a3f57e
:109c1000804307ee903af8eee76a97ed117ac6eec8
:109c2000877a4f4bc3ed047a4ff09f437b6497f9db
:109c3000363007ee903af8eee76a97ed117ac6ee05
:109c4000877a474bc3ed057a4ff0a4437b6497f9bd
:109c5000373007ee903af8eee76a97ed117ac6eee4
:109c6000877a3f4bc3ed067a4ff078537b643b8f86
:109c700007ee903af8ee676a97ed117ac6ee877aaa
:109c8000374bc3ed077a4ff085437b647b8f07ee3c
:109c9000903af8ee676a97ed117ac6ee877a304b04
:109ca000c3ed087a4ff087437b6497f93c3007eea9
:109cb000903af8eee76a97ed117ac6ee877a284b6c
:109cc000c3ed097a4ff08e437b6497f93d3007ee80
:109cd000903af8eee76a97ed117ac6ee877a204b54
:109ce000c3ed0a7a4ff0af437b64b7f93e3007ee1d
:109cf000903af8eee76a97ed117ac6ee877a184b3c
:109d0000c3ed0b7a97f9403007ee903af8eee76a28
:109d100097ed117ac6ee877a114bc3ed0c7a4ff0ae
:109d2000c0437b6497f9413007ee903af8eee76a5a
:109d300097ed117ac6ee877a094bc3ed0d7a07f1dc
:109d40000c031e220021184628f0b8fe07f10c0271
:109d500001231b21786821f07af93b7b02e000bfe8
:109d6000cc66452043f01303dbb23b733b7b1a46c2
:109d70001b21786824f03efa034b01221a7000235d
:0c9d800018464837bd4680bda3df4420d4
:020000040000fa
:020000040041b9
:109d8c00417474656d707420746f206372656174b6
:109d9c006520736f636b65742074686174207265e1
:109dac0071756972657320585445412c2062757425
:109dbc00204353502077617320636f6d70696c651d
:109dcc006420776974686f7574205854454120730a
:109ddc007570706f72740000417474656d707420ce
:109dec00746f2063726561746520736f636b657447
:109dfc00207468617420726571756972657320488e
:109e0c004d41432c2062757420435350207761736d
:109e1c0020636f6d70696c656420776974686f7509
:109e2c007420484d414320737570706f727400003c
:109e3c00496e76616c696420736f636b6574206f17
:109e4c007074696f6e0000006373705f73656e648d
:109e5c005f6469726563742063616c6c6564207700
:109e6c00697468204e554c4c207061636b657400ae
:109e7c004e6f20726f75746520746f20686f7374e9
:109e8c003a202575202830782530386c7829000048
:109e9c004f55543a20532025752c20442025752ce1
:109eac002044702025752c2053702025752c2050b3
:109ebc00722025752c20466c203078253032582c99
:109ecc0020537a202575205649413a2025732028a5
:109edc0025752900417474656d707420746f20733e
:109eec00656e64207061636b65742077697468209b
:109efc00484d41432c2062757420435350207761a8
:109f0c007320636f6d70696c656420776974686f1a
:109f1c00757420484d414320737570706f72742ea8
:109f2c002044697363617264696e67207061636b4e
:109f3c0065740000435243333220617070656e6467
:109f4c00206661696c6564210000000041747465d1
:109f5c006d707420746f2073656e64205854454185
:109f6c0020656e63727970746564207061636b65d3
:109f7c00742c2062757420435350207761732063d6
:109f8c006f6d70696c656420776974686f75742087
:109f9c005854454120737570706f72742e2044694b
:109fac007363617264696e67207061636b657400c2
:109fbc00496e76616c69642063616c6c20746f20ef
:109fcc006373705f73656e64000000005265706ca3
:109fdc0079206c656e6774682025752065787065ce
:109fec006374656420257500417474656d7074200c
:109ffc00746f2063726561746520524450207061e7
:10a00c00636b6574206f6e20636f6e6e656374692d
:10a01c006f6e2d6c65737320736f636b65740000ca
:10a02c00417474656d707420746f20637265617413
:10a03c006520484d41432061757468656e74696391
:10a04c0061746564207061636b65742c2062757437
:10a05c00204353502077617320636f6d70696c657a
:10a06c006420776974686f757420484d4143207380
:10a07c007570706f72740000417474656d7074202b
:10a08c00746f206372656174652058544541206576
:10a09c006e63727970746564207061636b65742c87
:10a0ac0020627574204353502077617320636f6d69
:10a0bc0070696c656420776974686f757420585486
:0ba0cc00454120737570706f727400c6
:020000040000fa
:020000040041b9
:10a0d800f0b591b006af78601ef082fc07f110036e
:10a0e800184626f0cbf80346002b02d06ff0020387
:10a0f80087e17b69fb60fb68002b02d16ff00203ec
:10a108007fe1a34b1b79002b31d0fb68db7bc3f3ca
:10a118004403dbb21e46fb68db89c3f30413dbb2de
:10a128009c46fb68db68c3f38533dbb21a46fb68e1
:10a138005b7bc3f30503dbb21946fb68db7bc3f328
:10a148008113dbb21846fb681b7b1c46fb685b89e6
:10a158001d463b691b680593049503940290019181
:10a168000092634632468b49042014f0dfff3b69b6
:10a178009a6901329a613b695a6bfb685b89194697
:10a188003b690a445a63fb68db89c3f30413dbb2f7
:10a198001a46814b1b789a423ad0fb68db8903f454
:10a1a800f8739bb2b3f5f87f32d0fb68db89c3f351
:10a1b8000413dbb2184626f067fb38623b6a002bb3
:10a1c80008d03b6a1a683b699a4209d13b699b7c73
:10a1d800002b05d1fb68184613f0acfb002310e1f7
:10a1e800f868f96800233a6ac06808f0c7f80346b7
:10a1f800002b0bd0664b5b78002b03d067490120fe
:10a2080014f094fffb68184613f094fb0023f8e061
:10a218003b69fa68114618461df03afe0346002bc2
:10a2280005d0fb68184613f085fb0023e9e0fb68be
:10a23800db68c3f38533dbb218461ef025f9f861f5
:10a24800fb69002b30d0fb699b6903f48073002bfa
:10a258002ad0fb699b693969fa68184618f0d2fe5a
:10a268000346002b05dafb68184613f063fb00234e
:10a27800c7e0fb691b6907f10c010022184626f0ac
:10a2880017fe0346012b0dd0414b1b78002b03d042
:10a298004349002014f04afffb68184613f04afbb4
:10a2a8000023aee00023ace0fb68db683d491846bc
:10a2b8001ef076f878627b6a002b77d1fb69002b59
:10a2c80005d1fb68184613f035fb002399e0fb69bc
:10a2d8009b693969fa68184618f094fe0346002b02
:10a2e80005dafb68184613f025fb002389e0fb68b4
:10a2f800db7bc3f38113dab2fb7a62f38713fb7259
:10a30800254b1b7803f01f03dab2fb7a62f345038f
:10a31800fb72fb68db7bc3f34403dab27b8962f32d
:10a3280008137b81fb685b7bc3f30503dab2bb6868
:10a3380062f39333bb60fb68db68c3f38533dab23f
:10a348007b7a62f305037b72fb681b7b3b72fb68bd
:10a35800b968d86824f0a8fb78627b6a002b0dd115
:10a368000b4b1b78002b03d00f49002014f0defea6
:10a37800fb68184613f0defa002342e0fb691a690d
:10a388007b6a1a61fb699a697b6a9a611ee000bf61
:10a39800b074452030ee41009c68452070ee4100c5
:10a3a80088ee410000ffff3fa4ee41007b6a9b69f5
:10a3b8003969fa68184618f025fe0346002b05dab5
:10a3c800fb68184613f0b6fa00231ae0fb681b7bfb
:10a3d80003f00203002b0ed0fb681946786af6f7e3
:10a3e80015ff0346fb76fb7e002b02d0786a27f028
:10a3f80094fe002305e0fb681946786a1cf046fec7
:0ca40800002318462c37bd46f0bd00bff5
:020000040000fa
:020000040041b9
:10a4140080b588b000af7860396001237b619c4bc4
:10a42400b3f84a3001339ab2994ba3f84a207b68b7
:10a434005b68fb61fb691b781b09dbb2042b14d03e
:10a44400786818f026fc924bb3f85c3001339ab26a
:10a454008f4ba3f85c208e4bb3f84e3001339ab285
:10a464008b4ba3f84e20002363e1fb691b7803f0b8
:10a474000f03dbb29b00dbb27b82fb695b889bb280
:10a48400184626f05bfa03463b827b681b893a8aae
:10a494009a4204d23b8a1946786816f08dfd7b688f
:10a4a4005b897a8a9a4207d87b681b893a8a9a42de
:10a4b40002d87b8a132b14d8786818f0eafb744b03
:10a4c400b3f8523001339ab2714ba3f85220704b57
:10a4d400b3f84e3001339ab26d4ba3f84e200023eb
:10a4e40027e17b8a1946f86926f03eff0346002bd4
:10a4f40014d0786818f0cdfb654bb3f850300133b5
:10a504009ab2634ba3f85020614bb3f84e30013339
:10a514009ab25f4ba3f84e2000230ae1fb691b6942
:10a524005c4a5361fb69db685a4a1361594b5b69a6
:10a5340003f0f003e02b11d13b6893f8293003f0ca
:10a544000103dbb2002b06d03b681b68002b02d052
:10a554003b68bb610de00023bb610ae0386821f071
:10a56400f9fe0346002b02d03b68bb6101e00023e7
:10a57400bb61bb69002b11d1fb695b7a112b0dd137
:10a584007b8afa691344fb60fb685b889bb2b3f572
:10a59400864f03d13b68bb6100237b617b69002b41
:10a5a4001fd03c4b1b69002b1bd03a4b1b693968ed
:10a5b40018461cf0adfe0346002b05d1354b1b6934
:10a5c40003f0f003e02b0cd1786818f062fb304bf9
:10a5d400b3f84e3001339ab22d4ba3f84e2000232a
:10a5e400a7e0bb69002b0cd1294bb3f84e300133e3
:10a5f4009ab2274ba3f84e20786818f04afb002340
:10a6040097e0fb69db889bb21a464ff63f73134011
:10a61400002b0bd0786800f02dfa78607b68002b53
:10a6240001d1002385e07b685b68fb61194abb6943
:10a634001360184a3b685360164afb699360fb69d0
:10a644001b7803f00f03dbb29b00dbb21a46114bfd
:10a654009a813968786813f065ff0346fb72fb7ac8
:10a66400012b53d07b8a194678681df083fffb6960
:10a674005b7a112b06d0112b18dc012b11d0062b81
:10a684000ad013e03968786800f0deff3ee000bfce
:10a694003c5b45203069452039687868f7f712fa41
:10a6a40034e03968786801f071fa2fe0fb7a022b04
:10a6b40028d0224b5b69b96918461cf029fe034671
:10a6c400002b0fd11d4b5b6903f0f003e02b09d085
:10a6d400b7f912301946786826f07cfe02217868b2
:10a6e40027f0eef9164bb3f8583001339ab2144bf5
:10a6f400a3f85820124bb3f84e3001339ab2104be2
:10a70400a3f84e20786818f0c4fa00bf0b4b00225f
:10a714001a600a4b00225a60084b00229a60074bc9
:10a7240000229a81054b00221a61044b00225a61cf
:10a73400002318462037bd4680bd00bf3069452040
:04a744003c5b452015
:020000040000fa
:020000040041b9
:10a748002de9f047aeb00746164605914ff00008d0
:10a75800059d2b78002b00f0e08000244ff0ff339c
:10a76800cde909430eab0c9380230b940d932b5d1d
:10a778000bb1252b30d134b1294622463846254421
:10a7880024f0eefb0595059b1a78252a40f0bc803d
:10a7980003f10109cdf814904a46002113782b2bb8
:10a7a800104602f1010223d02ed8202b24d0232bcf
:10a7b80026d001b105902a2b2ed022f06dfe059ae5
:10a7c8000b900020114601320b78303b092b79d9c8
:10a7d800002830d005912ee00134c8e7099b43f0ea
:10a7e800010309930121d9e7099b43f00203f8e724
:10a7f800099b43f00403f4e7099b43f00803f0e7df
:10a80800099b43f01003ece72d2be7d0302bebd05e
:10a818000029d2d00590d0e733681a1d1b68326032
:10a828000130002b05900b9305da099a5b4282f000
:10a83800010209920b93099bda0744bf23f0020334
:10a848000993059b1a782e2a0fd14ff0000acdf8ec
:10a8580028a05a785d1c2a2a059535d1023305931c
:10a8680033681a1d1b6832600a9305a824f094fe09
:10a87800059d0390287828f0d5fa2528039900f03b
:10a88800da806138172800f2e080172800f2dd80ae
:10a89800dfe810f02b00db00b6004700a700a70098
:10a8a800a700db004700db00db00db00db009e00cd
:10a8b80065008300db00db00c700db005600db001f
:10a8c800db00740001207de7284622f0e5fd5346b1
:10a8d8000a90294601350a78303a092a03d9002b0b
:10a8e800c3d00591c1e70123f3e7324606a826f055
:10a8f8003af9002872d06b1c059306aa2b7809a98f
:10a908003846fdf799fd04444444a04540f3a78028
:10a91800544b4f221a604ff0ff3840462eb0bde826
:10a92800f0873346012206a815f0e0ff002855d02d
:10a93800013506aa09a93846059519f001f9e2e793
:10a948003346002206a815f0d1ff002846d001356d
:10a9580006aa09a93846059520f061fed3e73346d3
:10a96800002206a815f0c2ff002837d0013506aa34
:10a9780009a9384605951df0e2fec4e733460022d2
:10a9880006a815f0b3ff48b36b1c05932b7806aaed
:10a9980009a938460ff078fcb5e733460022f021c4
:10a9a80006a815f0a3ffc8b1dde906320135134347
:10a9b80005950bd12c4827f031fe099b00932a49b5
:10a9c8000b9b024638461cf08bff9ce77823dee79a
:10a9d800334608eb040206a81ef01af9013505955e
:10a9e80092e7324606a826f0bef80028f6d06b1c7f
:10a9f800059306aa2b7809a93846fef7e9f882e7f5
:10aa08008029ebd1336801351a1d1b6832608df837
:10aa180018300595012306aa09a9384620f0a8fd93
:10aa280071e78029dad13268131d33600135126865
:10aa380005950023f0e78029d0d1099b00930135c3
:10aa48000b9b059509490122bce700234ff0ff3213
:10aa5800cdf8149009930b930a920093f2e7a0465d
:10aa680076e600bfc06c4520b50f4400bb0f44001c
:020000040000fa
:020000040041b9
:10aa780080b58eb000af7860944b5b8e01339ab28c
:10aa8800924b5a867b685b68bb62bb6a1b7803f093
:10aa98000f03dbb29b00dbb2142b08d08b4bb3f84f
:10aaa800443001339ab2894ba3f8442061e1bb6a70
:10aab800db889bb2184625f03fff0346c3f30c031f
:10aac8009bb2db00fb84bb6a5b889bb2184625f00f
:10aad80033ff0346bb84bb6a1b7803f00f03dbb26a
:10aae8009b0087f8233097f823309bb2ba8c9a42a0
:10aaf800c0f03c8197f823309bb2ba8cd31abb8440
:10ab0800786825f0a7fc03463b84714b1b881a46de
:10ab18003b8c13440a2b15dd3b8c1946b86a15f09b
:10ab2800bffd0346002b06d0694b1b881a463b8c99
:10ab380013440a2b06dd654b9b8f01339ab2634b96
:10ab48009a8716e1634b1b683b631ee03b6b5a69af
:10ab5800bb6adb689a4215d13b6b9a69bb6a1b6971
:10ab68009a420fd13b6b9a89bb6a9b889bb29a42e7
:10ab780008d1564bb3f8463001339ab2534ba3f879
:10ab8800462005e03b6b1b683b633b6b002bddd12c
:10ab98003b6b002b09d13b8c1946b86a1bf0aeff02
:10aba80038633b6b002b1cd1e3e0bb6adb889bb2ac
:10abb800184625f0c1fe0346c3f30c03002b10d141
:10abc8003b6bdb89184625f0b7fe0346c3f30c033d
:10abd800002b06d03b6b08331422b96a184627f0bd
:10abe80011fdbb6adb889bb203f02003002b0cbf6e
:10abf80001230023dbb2fb61fb69002b0ed0fa8c2a
:10ac0800bb8c13447b837a8bfb8c9a42c0f0a28066
:10ac18007b8b4ff6eb72934200f29c80fa6979685d
:10ac2800386b02f043ff78617b69b3f1ff3f00f0b6
:10ac38009380274b1a883b8c13449ab2244b1a8072
:10ac4800fb69002b0dd0fa8cbb8c13447b823b6bc9
:10ac58007a8a9a833b6b9b7f43f00103dab23b6ba2
:10ac68009a777b69012b73d13b6b9b8b14333b82a7
:10ac78003b6b5b685b681b687b633b6b5b685b6813
:10ac8800bb623b6b083314221946b86a27f0bafc3a
:10ac98003b8a184625f050fe03461a46bb6a5a807e
:10aca800bb6a00229a710022da71bb6a00229a728a
:10acb8000022da721421b86a26f054fb03461a46b9
:10acc800bb6a5a813b6b5b687b6013e03c5b452049
:10acd8002a6a4520146c45207b6b5b68fb60142155
:10ace800786b1df045fc796b786820f052f9fb68a9
:10acf8001b687b637b6b002beed1254b1b683a6b83
:10ad08009a4202d10023fb6210e0214b1b68fb62d0
:10ad180007e0fb6a1b683a6b9a4206d0fb6a1b681d
:10ad2800fb62fb6a002bf4d100e000bff96a386bc4
:10ad380024f062f8786825f08dfb03463b84154bb8
:10ad48001a883b8cd31a9ab2124b1a807b681ae085
:10ad5800002318e000bf00e000bf3b6b5b68002bde
:10ad680006d10021386b24f047f802e000bf00e06c
:10ad780000bf094bdb8e01339ab2074bda8678683d
:10ad880017f085ff002318463837bd4680bd00bf41
:0cad9800146c45202a6a45203c5b4520d5
:020000040000fa
:020000040041b9
:10ada400f0b59db006af78600b46fb707b6893f8f6
:10adb4002830012b05d07b6893f82830022b40f013
:10adc400ef800a22fb78934204d00d22fb78934251
:10add40040f0b8807b681b6d7a681344002283f8c6
:10ade400302000237b657b6893f82830012b06d143
:10adf4007b683033184625f02bfc786505e07b68ca
:10ae04003033184625f066ff78657b6d002b65d0de
:10ae14007b6893f82830012b01d1032200e004223f
:10ae24007b6883f828209349786825f0d0fa924902
:10ae3400786825f0ccfa7b6893f82830032b01d18d
:10ae44008e4b00e08e4b1946786825f0c0fa07f166
:10ae54004c03184625f0cafd97f84c301e4697f867
:10ae64004d3097f84e2097f84f1097f8500004464d
:10ae740097f85100054607f10c00049503940291dc
:10ae84000192009333467f4a402127f055f907f198
:10ae94000c031946786825f09afa7649786825f003
:10aea40096fa7549786825f092fa7749786825f01a
:10aeb4008efa7649786825f08afa7549786825f01b
:10aec40086fa7449786825f082fa6b49786825f027
:10aed4007efa6849786825f07afa2ee07b68db6aa6
:10aee4005a1c7b68da626349786825f070fa7b68db
:10aef400db6a0322934214db7b68002283f8282058
:10af04006549786825f063fa5a49786825f05ffa4c
:10af14005849786825f05bfa6049786825f057fa53
:10af24000be05f49786825f052fa5249786825f0b9
:10af34004efa5c49786825f04afa7b6800221a6563
:10af440000bf92e07f22fb78934216d17b681b6d91
:10af5400002b40f38a807b681b6d5a1e7b681a6540
:10af64007b689b6d082098477b689b6d20209847e1
:10af74007b689b6d0820984777e07b681b6d1e2bd0
:10af840073dc7b681b6d591c7a6811657a681344fd
:10af9400fa7883f830207b689b6d2a20984764e018
:10afa4007b6893f82830032b04d07b6893f828300f
:10afb400042b04d13c49786825f009fa56e00a22aa
:10afc400fb78934203d00d22fb7893421cd17b681b
:10afd4005b6a7a680021d1547b685b6a002b0addc6
:10afe4002449786825f0f3f9786816f0bff97b688e
:10aff40000225a623ae01f49786825f0e8f92749a7
:10b00400786825f0e4f931e07f22fb7893421ad185
:10b014007b685b6a002b29dd7b685b6a5a1e7b6850
:10b024005a627b685b6a7a680021d1547b689b6da5
:10b03400082098477b689b6d202098477b689b6d10
:10b044000820984712e07b685b6a1e2b0edc7b6845
:10b054005b6a591c7a6851627a68f978d1547b68c2
:10b064009b6dfa781046984700e000bf00bf5c373c
:10b07400bd46f0bd84c34100f8c3410020c4410073
:10b0840048c4410070c441009cc44100c0c4410094
:10b09400e4c4410008c541002cc5410088c34100f7
:0cb0a40058c54100a8c3410080c5410010
:020000040000fa
:020000040041b9
:10b0b00090b591b006aff860b9607a603b60bb684c
:10b0c00000221a607b6800221a60bb6b002b0ad139
:10b0d0003968f8681cf01ef878627b6a002b04d18e
:10b0e0006ff0020348e1bb6b7b6200233b620023ed
:10b0f000fb610023bb616ff002037b61786a1cf087
:10b1000007ff38613b69002b24d19d4b5b78002bf6
:10b1100019d07b6adb7bc3f34403dbb218467b6a3e
:10b120005b7bc3f30503dbb21a467b6a1b7b1946c4
:10b130007b6a5b890293019100920346914a92498e
:10b14000012013f0f7ff786a12f0f8fb6ff0660346
:10b150007b610de18a4b5b79002b1bd07b6adb7b2b
:10b16000c3f34403dbb218467b6a5b7bc3f305037e
:10b17000dbb219463b691b687a6a528913443a6903
:10b18000526802920193009103467e4a7f4905204e
:10b1900013f0d0ff3b691b68ba699a4229d0784bfb
:10b1a0005b78002b1ed07b6adb7bc3f34403dbb2ee
:10b1b0001c467b6a5b7bc3f30503dbb219463b6924
:10b1c0001b687a6a528910463a6952680492039061
:10b1d000ba6902920193009123466a4a6c490120a0
:10b1e00013f0a8ff786a12f0a9fb6ff066037b6189
:10b1f000bee03b6a002b29d13b695b68fb61f869c3
:10b2000027f02cf938623b6a002b1fd15c4b5b782e
:10b21000002b14d07b6adb7bc3f34403dbb21946fb
:10b220007b6a5b7bc3f30503dbb21a46fb690193c0
:10b2300000920b46534a5749012013f07bff786a6e
:10b2400012f07cfb4ff0ff337b6191e07b6a5b89fe
:10b250001a46bb691344fa699a4204d33b695b6896
:10b26000fa699a4229d0464b5b78002b1ed07b6a44
:10b27000db7bc3f34403dbb21c467b6a5b7bc3f31b
:10b280000503dbb219463b691b687a6a528910468e
:10b290003a6952680492fa6903920290019300910c
:10b2a0002346384a3c49012013f044ff786a12f0e3
:10b2b00045fb6ff066037b615ae03a6abb69d018c0
:10b2c0007b6a03f110017b6a5b891a4627f09ef9bd
:10b2d0007b6a5b891a46bb691344bb61ba69fb6927
:10b2e0009a420ad3786a12f029fbbb683a6a1a605c
:10b2f000fa697b681a6000233ee07b6a5b89002b59
:10b3000029d11f4b5b78002b1ed07b6adb7bc3f3fc
:10b310004403dbb21c467b6a5b7bc3f30503dbb2f1
:10b3200019463b691b687a6a528910463a69526825
:10b330000492fa6903920290019300912346114a04
:10b340001549012013f0f6fe786a12f0f7fa6ff053
:10b3500066037b610ce0786a12f0f0fa3968f868ed
:10b360001bf0d8fe78627b6a002b7ff4c7ae00bf6b
:10b37000386a27f0aaf97b6918462c37bd4690bd7c
:10b38000b0744520c02b4400008942003889420037
:0cb3900054894200a8894200cc89420088
:020000040000fa
:020000040041b9
:10b39c002de9b04f9cb002aff860b96011461a4667
:10b3ac000b46fb8013467b71fb88002b01d10023dd
:10b3bc0041e1fb68db687b657b6d002b5cd07b6db2
:10b3cc003b654ff0ff33fb643b6dbb64fb6c7b64f4
:10b3dc007b6c3b643b6cb3f1ff3f02d14ff0ff330e
:10b3ec0044e03b6c002b01d100233fe03b6c00227e
:10b3fc009846914642464b464ff000004ff00001f4
:10b40c00590141ead261500102460b46b2eb0804e5
:10b41c0063eb09054ff000024ff00003ab0043ea69
:10b42c009473a20014461d4614eb080a45eb090b55
:10b43c004ff000024ff000034feacb0343ea5a737c
:10b44c004feaca0292469b46504659464ff47a72ce
:10b45c004ff0000324f088ff02460b461346fb63b3
:10b46c00fb6b002b01d10123fb63fb6b1946b86c02
:10b47c0005f0f4f90346002b00bffb681b89a7f805
:10b48c006630fb685b89a7f85e30bb683b66fb687f
:10b49c00db79c3f3c013dbb283f00103dbb2002b07
:10b4ac0039d0fb689b88fb86b7f86630bb86b7f84b
:10b4bc005e307b86fb8e3b86bb8efb857b8ebb8595
:10b4cc00fa8dbb8dd31abb62bb6a002b02dbbb6a45
:10b4dc009bb206e03b8e5b009ab2bb6a9bb21344f4
:10b4ec009bb2fb84fa8efb8c9a4204d9fa8efb8cad
:10b4fc00d31a9bb200e00023a7f85a30fb887b8755
:10b50c00b7f85a303b877a8f3b8f934228bf13464c
:10b51c009bb2fb8052e0fb689b88fa889a4219d355
:10b52c007b79002b0ed1fb88fa6892889b1afa68fb
:10b53c00d288c2f30e0292b202fb03f31a463b6ea0
:10b54c0013443b66fb689b88fb80b7f85e30a7f81a
:10b55c00663033e0fb689b88bb84b7f866307b842d
:10b56c00b7f85e303b847a8c3b8cd31afb61fb6959
:10b57c00002b02dbfb699bb206e0bb8c5b009ab232
:10b58c00fb699bb213449bb2a7f85c30b7f85c2004
:10b59c00fb881a44fb689b885b009a420edbfb68b5
:10b5ac009888fb689a88fb88d31a9ab2b7f85e30f1
:10b5bc00194621f003fb0346a7f86630fb88002be5
:10b5cc0027d0fb689b887b83b7f866303b8303e00e
:10b5dc003a8b7b8bd31a3b837a8b3b8b9a42f7d972
:10b5ec003b8ba7f85830b7f85810fa887b79009342
:10b5fc000b46396ef86815f099fdfb689b88fa8844
:10b60c00b7f86610184621f0d9fa03461a46fb68bb
:10b61c001a81fb68db687b617b69002b09d07b6935
:10b62c003b61002300220021386905f011f8034624
:10b63c00002b00bffb8818466837bd46bde8b08fad
:020000040000fa
:020000040041b9
:10b64c0090b58db002af786039600023fb76934bd8
:10b65c00b3f87a3001339ab2904ba3f87a207b6816
:10b66c005b89072b13d88d4bb3f8823001339ab218
:10b67c008a4ba3f88220894bb3f87e3001339ab2ff
:10b68c00864ba3f87e20786817f0fffa05e17b68fb
:10b69c005b687b61824b5b69814a12681146184674
:10b6ac001bf032fe0346fb747b691b889bb2184669
:10b6bc0025f040f903463b827b695b889bb21846b8
:10b6cc0025f038f90346fb8100237b6200233b62a3
:10b6dc000023fb61734b1b687b625be07b6a5b8abc
:10b6ec00fa899a4251d1fb7c1a463968786a19f06a
:10b6fc004ffb0346002b48d07b6a1b7c03f00403f2
:10b70c00002b1bd1fb69002b02d17b6afb6115e07e
:10b71c00fb7c002b12d0624b5b69b3f1ff3f0dd168
:10b72c00fb691a683b681b689a4207d07b6a1a68e7
:10b73c003b681b689a4201d17b6afb617b6a9b8ade
:10b74c003a8a9a4221d17b6a5b68002b05d07b6ace
:10b75c005a68534b1b699a4217d13b6a002b0bd08a
:10b76c007b6ada683b6ada604e4b1a687b6ada608d
:10b77c004c4a7b6a136010e0484bb3f88e300133af
:10b78c009ab2464ba3f88e2007e07b6a3b627b6a39
:10b79c00db687b627b6a002ba0d17b6a002b01d11a
:10b7ac00fb697b627b6a002b02d00123fb7609e0ec
:10b7bc003b681a683a4b5b699a420cbf0123002321
:10b7cc00dbb2fb76fb7e002b63d07b69db889bb204
:10b7dc00002b0bd07b681a89334b0093334b112110
:10b7ec00786825f0bdf80346002b61d108217868f4
:10b7fc001cf0bcfe0346002b0bd0284bb3f87e305c
:10b80c0001339ab2254ba3f87e20786817f03dfae5
:10b81c0043e07b6a002b12d07b6a9b69002b0ad019
:10b82c007b6a9c697b6ad8693b8a00931f4b7a6858
:10b83c00796aa04750e0786817f027fa2de0fb7c76
:10b84c00002b12d1164b5b6903f0f003e02b0cd0ec
:10b85c00134b9b8908339bb21bb21946786825f0b1
:10b86c00b5fd0321786826f027f90c4bb3f8883026
:10b87c0001339ab2094ba3f88820084bb3f87e30f9
:10b88c0001339ab2054ba3f87e20786817f0fdf9c6
:10b89c0022e0786817f0f9f91ee01de03c5b4520ca
:10b8ac0030694520986c4520446945204069452005
:10b8bc0000bf0b4bb3f8803001339ab2084ba3f89e
:10b8cc008020074bb3f87e3001339ab2044ba3f8b7
:10b8dc007e20786817f0d9f92c37bd4690bd00bf93
:04b8ec003c5b45205c
:020000040000fa
:020000040041b9
:10b8f0002de9f04786468c460846089e1546744654
:10b900001946002b40f0c2808242b2fa82f245d939
:10b910004ab1c2f1200300fa02fc2efa03f395406b
:10b9200043ea0c0c94404fea154ea8b2bcfbfef85b
:10b93000230c0efb18cc08fb00f943ea0c43994595
:10b9400028d9eb1808f1ff3704d2994502d9a8f19c
:10b9500002072b44a3eb0903a4b2b3fbfefc0efbce
:10b960001c330cfb00f044ea0344a04214d92c1908
:10b970000cf1ff3304d2a04202d9acf102032c44f3
:10b98000241a43ea07401eb1d44000233460736098
:10b99000bde8f0874746dde76346f1e792bb431b0e
:10b9a00001214fea154eafb2b3fbfefc200c0efb9b
:10b9b0001c330cfb07f840ea0343984562d9eb18a7
:10b9c0000cf1ff3004d2984502d9acf102002b44af
:10b9d000a3eb0803a4b2b3fbfefc0efb1c330cfb71
:10b9e00007f744ea0344a7424ed92c190cf1ff3360
:10b9f00004d2a74202d9acf102032c44e41b43ea6f
:10ba00000040c0e7c2f1200320fa03f195409040c6
:10ba10002efa03f303434fea154eafb2b1fbfefc1f
:10ba20000efb1c10190c0cfb07f841ea004188457d
:10ba300004fa02f422d969180cf1ff3004d28845c7
:10ba400002d9acf102002944a1eb08019bb2b1fb81
:10ba5000fefc0efb1c110cfb07f743ea01439f425f
:10ba60000ed9eb180cf1ff3104d29f4202d9acf190
:10ba700002012b44db1b41ea004192e76046e3e709
:10ba80006146f7e76046a3e76346b7e7834206d916
:10ba900016b9002108467be7c6e900e0f9e7b3faea
:10baa00083f78fb9834201d3724508d8beeb0204f5
:10bab00060eb030301209c461eb9002168e738466d
:10bac000fae7c6e9004cf8e7c7f1200cbb4022fac0
:10bad0000cf41c432efa0cf120fa0cf3b84001438d
:10bae0004fea14490efa07f5b3fbf9f81ffa84fe82
:10baf00009fb18300b0c08fb0efa43ea00439a4589
:10bb000002fa07f240d9e31808f1ff3004d29a454f
:10bb100002d9a8f102002344a3eb0a0389b2b3fbc4
:10bb2000f9f809fb183308fb0efe41ea03418e4584
:10bb30002cd9611808f1ff3304d28e4502d9a8f13f
:10bb40000203214443ea0040a0fb0298a1eb0e014e
:10bb50004145ce46434602d306d14d4504d2b9eb0a
:10bb6000020e68eb04030138002ea6d0b5eb0e02de
:10bb700061eb030101fa0cfc22fa07f34cea030320
:10bb8000f940c6e9003198e74046c5e74346d9e7a2
:020000040000fa
:020000040041b9
:10bb900080b58eb004af78603960a14bb3f86230e5
:10bba00001339ab29e4ba3f862209e4b9b683b6286
:10bbb0003b6a1b7803f00f03dbb29b00dbb2fb8315
:10bbc000fb8b132b40f206817b685b89032b40f2d1
:10bbd00003817b685b681b787b777b7f002b00f0a1
:10bbe000f280082b40f0de808f4b7b628d4b5b69cf
:10bbf00003f0f003e02b01d13b687b62894b5b696a
:10bc0000884a1268114618461bf084fb0346002b35
:10bc100001d03b687b627b681b89072b40f2de808a
:10bc2000786818f00dfe0346002b0bd0786817f0eb
:10bc300032f87b4bb3f8683001339ab2784ba3f8f3
:10bc40006820e9e0fb8b0e331946786826f090f8ff
:10bc50000346002b45d07b681a89fb8b13447b83fa
:10bc60007b681b897a8b9a42c0f0c5807b8b4ff42e
:10bc7000207219460e2009f0ccff78617b69002bf9
:10bc800000f0bb807b695b891a46fb8b08339a42c4
:10bc900003d2786916f0ffffb2e07b695b68fa8b2c
:10bca000396a184626f0b2fcfb8b194678691cf0fd
:10bcb00063fc0346002b03d0786916f0ecff9fe08d
:10bcc000796878690ef0e4ff0346002b03d07869a9
:10bcd00016f0e1ff94e0786816f0ddff7b697b6089
:10bce00009e0fb8b0e33194678681cf045fc0346cf
:10bcf000002b40f084807b685b683b61fb8b1946be
:10bd0000786826f035f80346002b5ed17b685b68c7
:10bd1000fb607b6a1a68fb68da60424b1a69fb6851
:10bd20001a613b6900221a703b695b889bb24ff62f
:10bd3000f772934207d93b695b889bb209339ab289
:10bd40003b695a8006e03b695b889bb208339ab234
:10bd50003b695a80fb68ff221a72fb6800229a72c4
:10bd60000022da72fb8b1946f86825f0fffa0346c9
:10bd70001a46fb685a812a4bb3f8603001339ab2f5
:10bd8000274ba3f860203b68029301230193002313
:10bd90000093ff230022796a786820f05bf803465d
:10bda000fb7212e01e4bb3f8703001339ab21c4b99
:10bdb000a3f870201a4bb3f8663001339ab2184bcf
:10bdc000a3f8662002e000bf00e000bf786816f02c
:10bdd00062ff21e000bf02e000bf00e000bf786822
:10bde00016f059ff0e4bb3f86a3001339ab20c4b80
:10bdf000a3f86a2010e000bf02e000bf00e000bf2f
:10be0000786816f048ff064bb3f8743001339ab2e5
:10be1000034ba3f8742000bf2837bd4680bd00bf88
:0cbe20003c5b452030694520446945200a
:020000040000fa
:020000040041b9
:10be2c0080b58eb000af78600023fb627b68002b7e
:10be3c0022d00823db437a689a421bd808227b68fd
:10be4c0013447b607b6803f00703002b14d07b68e2
:10be5c0003f00703c3f10803bb62bb6adb437a68d8
:10be6c009a4204d87a68bb6a13447b6004e00023ce
:10be7c007b6001e000237b6026f03cf8804b1b6864
:10be8c00002b01d116f08efc7b68002bc0f2d98000
:10be9c007b68002b00f0d5807a4b1b687a689a423d
:10beac0000f2cf80784b3b63774b1b687b637b6bdb
:10bebc00764a934205d37b6b754a934201d8012392
:10becc0000e00023002b2bd14ff0800372b683f3dc
:10bedc001188bff36f8fbff34f8f62b63b6200bf09
:10beec00fee77b6b3b637b6b1b687b637b6b674aff
:10befc00934205d37b6b664a934201d8012300e041
:10bf0c000023002b0cd14ff0800372b683f3118801
:10bf1c00bff36f8fbff34f8f62b6fb6100bffee7bd
:10bf2c007b6b5b687a689a4203d97b6b1b68002b2e
:10bf3c00d7d1534b1b687a6b9a4200f082803b6bd3
:10bf4c001b6808221344fb62fb6a504a934205d3d8
:10bf5c00fb6a4f4a934201d8012300e00023002bd7
:10bf6c000cd14ff0800372b683f31188bff36f8f3f
:10bf7c00bff34f8f62b6bb6100bffee77b6b1a68e5
:10bf8c003b6b1a607b6b5b687a689a420cd94ff0fa
:10bf9c00800372b683f31188bff36f8fbff34f8f9b
:10bfac0062b67b6100bffee77b6b5a687b68d21a76
:10bfbc0008235b009a4225d97a6b7b6813447b6219
:10bfcc007b6a03f00703002b0cd04ff0800372b692
:10bfdc0083f31188bff36f8fbff34f8f62b63b6152
:10bfec0000bffee77b6b5a687b68d21a7b6a5a608b
:10bffc007b6b7a685a603b6b1a687b6a1a603b6b86
:10c00c007a6a1a601f4b1a687b6b5b68d31a1d4add
:10c01c0013601c4b1a681f4b1b689a4203d2194bb6
:10c02c001b681c4a13607b6b5b6843f000427b6ba4
:10c03c005a607b6b00221a60174b1b680133164a3f
:10c04c00136004f0f1f8fb6a002b01d123f044fedd
:10c05c00fb6a03f00703002b0cd04ff0800372b681
:10c06c0083f31188bff36f8fbff34f8f62b6fb6002
:10c07c0000bffee7fb6a18463837bd4680bd00bfdf
:10c08c00606b4520646b4520cc6a45202000402025
:0cc09c001f204320686b45206c6b452082
:020000040000fa
:020000040041b9
:10c0a800f0b5afb006aff860b9607a600121b86842
:10c0b80023f08efac7f89c00d7f89c30002b0dd1de
:10c0c80007f13003884a6421184626f033f807f14f
:10c0d80030031946f86818f055f801e18349d7f894
:10c0e8009c0026f03bfb0346002b04d18049f868ee
:10c0f80018f048f8f0e07f49d7f89c0026f02efbae
:10c108000346002b26d107f12803184624f06cfcbf
:10c1180097f82b301e4697f82c3097f82d2097f873
:10c12800281097f82900044697f82a00054607f1d1
:10c1380030000495039402910192009333466e4aad
:10c14800642125f0f7ff07f130031946f86818f065
:10c1580019f8c1e06949d7f89c0026f0fffa0346b0
:10c16800002b2ed100237b62002387f82330002385
:10c1780087f82230002387f8213007f1210307f1df
:10c18800220207f1230107f124001ff099f997f81b
:10c1980023301c4697f8223097f82120796ac9b2d3
:10c1a80007f130000291019200932346544a64211a
:10c1b80025f0c0ff07f130031946f86817f0e2ffd1
:10c1c8008ae05049d7f89c0026f0c8fa0346002bad
:10c1d80012d125f01dffc7f8940007f13000d7f8f9
:10c1e8009430494a642125f0a5ff07f13003194628
:10c1f800f86817f0c7ff6fe04449d7f89c0026f0ad
:10c20800adfa0346002b5ad107f11803184624f05b
:10c21800ebfbfb7e1e463b7f7a7f397e787e0446a9
:10c22800b87e054607f13000049503940291019207
:10c2380000933346304a642125f07cff07f1300330
:10c248001946f86817f09eff00237b610023fb74f2
:10c258000023bb7400237b7407f1110307f112025a
:10c2680007f1130107f114001ff02af9fb7c1c46a3
:10c27800bb7c7a7c7969c9b207f1300002910192de
:10c28800009323461e4a642125f054ff07f130032a
:10c298001946f86817f076ff25f0bafec7f8980037
:10c2a80007f13000d7f89830174a642125f042ff8b
:10c2b80007f130031946f86817f064ff0ce007f13e
:10c2c8003003134a6421184625f034ff07f1300380
:10c2d8001946f86817f056ff0e49f86817f052ff2c
:10c2e800a437bd46f0bd00bfe0d040000cd14000ef
:10c2f80014d1400030d1400038d1400074d1400002
:10c308007cd14000b0d14000b8d14000c8d1400035
:08c31800ccd14000dcd0400054
:020000040000fa
:020000040041b9
:10c320007573657231323340000000000d0a5365a9
:10c330007373696f6e2074696d6564206f75742006
:10c3400064756520746f20696e61637469766974c1
:10c35000792e0d0a000000001b5b324a000000002d
:10c360001b5b303b304800004558503a205b53413e
:10c370004d202d3e204558505d0000001b5b303b9a
:10c38000314800000d0a00004c6f67696e20617330
:10c39000205b61646d696e2f757365725d3a200074
:10c3a00061646d696e00000050617373776f726431
:10c3b0003a2000007573657200000000556e7375b9
:10c3c00070706f727465642074686973207573652a
:10c3d00072206e616d652e205b61646d696e2f75d4
:10c3e0007365725d0d0a000048656c6c6f576f7263
:10c3f0006c640d0a000000005f5f5f5f5f5f5f5f5e
:10c400005f5f5f5f5f5f5f5f5f5f5f5f5f5f5f5f3c
:10c410005f5f5f5f5f5f5f5f5f5f0d0a000000004f
:10c420004c6f6767656420696e2061732061646d7d
:10c43000696e3a20534c542d4558502076312e3099
:10c440002e31620d0a0000004c6f67676564206939
:10c450006e20617320757365723a20534c542d45dc
:10c4600058502076312e302e31620d0a0000000027
:10c470004e6f772d5254433a20253032642f2530a9
:10c4800032642f32302530326420253032643a2530
:10c490003032643a25303264000000002020205ff2
:10c4a0005f5f5f5f5f205f5f5f5f5f5f5f205f5f1a
:10c4b0005f5f5f20205f5f205f5f200d0a0000004c
:10c4c00020202f205f5f2f202f2f5f20205f5f28ed
:10c4d0005f29205f5f2f207c2f5f2f205f205c0d66
:10c4e0000a000000205f5c205c2f202f5f5f2f2060
:10c4f0002f205f202f205f2f5f3e20203c2f205fca
:10c500005f5f2f0d0a0000002f5f5f5f2f5f5f5f8f
:10c510005f2f5f2f20285f295f5f5f2f5f2f7c5f7a
:10c520002f5f2f202020200d0a000000546f6f2065
:10c530006d616e79206661696c65642061747465f3
:10c540006d7074732e20506c656173652074727900
:10c5500020616761696e2e00496e636f7272656358
:10c56000742070617373776f72642e20506c6561f4
:10c5700073652074727920616761696e2e00000016
:0bc5800048656c6c6f3132330d0a000f
:020000040000fa
:020000040041b9
:10c58c00b0b5cab004af07f58c74a4f586742060fe
:10c59c000846114607f58c72a2f58a72136007f5ee
:10c5ac008c73a3f5877302461a8007f58c73a3f27c
:10c5bc000f130a461a7007f58c73a3f586731b6864
:10c5cc00002b01d1864b05e107f58c73a3f587731e
:10c5dc001a88d7f828311a4407f58c73a3f586739b
:10c5ec001b685b699a4201d97e4bf3e0d7f82c317a
:10c5fc0003f48063002b2cd026f0cbfa034683f097
:10c60c000103dbb2002b24d0d7f82831b3f5807f9f
:10c61c0002d96ff04a03dde007f58c73a3f58a733a
:10c62c0007f11400d7f82821196825f0e9ff07f164
:10c63c00140207f58c73a3f20f131b7811461846de
:10c64c0011f054fb07f58c73a3f58a7307f11402f0
:10c65c001a604ff6a173a7f8163107f58c73a3f582
:10c66c0086731b68db69002b2cd007f58c73a3f544
:10c67c0086731b68dc6907f58c73a3f586731b68de
:10c68c00986907f58c73a3f20f131d7807f58c735b
:10c69c00a3f587731a8807f58c73a3f58671d7f801
:10c6ac002c310293d7f82831019307f58c73a3f53d
:10c6bc008a731b6800932b460968a0470346a7f8aa
:10c6cc00163162e007f58c73a3f586731b681b6942
:10c6dc00002b5ad007f58c73a3f58673186824f0d9
:10c6ec0059fb07f58c73a3f586731b681a6907f55c
:10c6fc008c73a3f587731b88d11807f58c73a3f57e
:10c70c008a7207f58c73a3f20f131878d7f82831b7
:10c71c00126824f042ff07f58c73a3f58673186832
:10c72c0024f04cfb07f58c73a3f586731b685b6ccc
:10c73c00002b27d0d7f82c3103f00103002b21d08c
:10c74c0007f58c73a3f586731b685c6c07f58c730b
:10c75c00a3f58a7307f58c72a2f20f12157807f500
:10c76c008c72a2f58772118807f58c72a2f586700f
:10c77c00d7f82c210192d7f8282100921b682a4661
:10c78c000068a0470023a7f81631b7f91631002b23
:10c79c001ed107f58c73a3f586731b681b6b002bde
:10c7ac0016d0d7f82c3103f00403002b10d107f569
:10c7bc008c73a3f586731b681b6b07f58c72a2f543
:10c7cc00867207f58c71a1f58771088811689847f6
:10c7dc00b7f91631184607f58c77bd46b0bd00bfca
:08c7ec0030f8ffff2df8fffffc
:020000040000fa
:020000040041b9
:10c7f40080b58eb000aff860b9607a60fb70012339
:10c804007b63bb68002b0cd04ff0800372b683f3bc
:10c814001188bff36f8fbff34f8f62b63b6200bfc7
:10c82400fee7fb68002b0cd14ff0800372b683f354
:10c834001188bff36f8fbff34f8f62b6fb6100bfe8
:10c84400fee7fb683b631df06bf83b6c002b07d0e5
:10c854003a6bbb6814339b0013445a683b6c1a60f0
:10c864003a6bbb68134458331b7887f82f303a6b04
:10c87400bb681344583302221a70fb78042b41d846
:10c8840001a252f823f000bf2bc94100a1c8410006
:10c89400bfc84100dbc84100ebc841003a6bbb682c
:10c8a40014339b0013445a687b681a43396bbb6882
:10c8b40014339b000b445a6038e03a6bbb68143362
:10c8c4009b0013445b685a1c396bbb6814339b0090
:10c8d4000b445a602ae03a6bbb6814339b00134440
:10c8e4007a685a6022e097f82f30022b07d03a6b0f
:10c8f400bb6814339b0013447a685a6016e0002323
:10c904007b6313e04f4b1b68002b0ed04ff080036a
:10c9140072b683f31188bff36f8fbff34f8f62b684
:10c92400bb6100bffee700bf00e000bf97f82f30f7
:10c93400012b7fd13b6b5b69bb623b6b9b683a6ba2
:10c94400d2689a603b6bdb683a6b92685a60bb6a48
:10c954005a683b6b04339a4203d13b6bda68bb6a77
:10c964005a603b6b00225a61bb6a1b685a1ebb6a41
:10c974001a603b6bdb6a01229a40334b1b681343fa
:10c98400314a13603b6bda6a304913469b00134407
:10c994009b000b4404331b687b623b6b7a6a9a608e
:10c9a4007b6a9a683b6bda607b6a9b683a6b0432f9
:10c9b4005a603b6b1a1d7b6a9a603b6bda6a1346ba
:10c9c4009b0013449b00214a1a443b6b5a613b6b06
:10c9d400da6a1e4913469b0013449b000b441b68f0
:10c9e4003a6bd26a591c194813469b0013449b00a6
:10c9f400034419603b6b9b6a002b0cd04ff08003ff
:10ca040072b683f31188bff36f8fbff34f8f62b693
:10ca14007b6100bffee70e4b1b68da6a3b6bdb6a87
:10ca24009a4207d20b4b4ff080521a60bff34f8fdc
:10ca3400bff36f8f1ef06afc7b6b18463837bd4618
:10ca440080bd00bf886b45208c6b4520a0614520cc
:08ca5400746b452004ed00e0c5
:020000040000fa
:020000040041b9
:10ca5c0080b5eeb002af07f5d873a3f5d2731860aa
:10ca6c0007f5d873a3f5d473196007f5d873a3f53c
:10ca7c00d6731a6007f5d873a3f5d473012118681f
:10ca8c0022f0a4fdc7f8a00107f5d873a3f5d47361
:10ca9c000221186822f09afdc7f89c01d7f8a03142
:10caac00002b03d0d7f89c31002b10d107f5d8738d
:10cabc00a3f5d2737749186817f062fb07f5d873a2
:10cacc00a3f5d2737449186817f05afbdde0002205
:10cadc000021d7f8a00126f013f8c7f8980100221e
:10caec000021d7f89c0126f00bf80346a7f89631e5
:10cafc00b7f89631002b04d0b7f89631b3f5807f98
:10cb0c0008d907f5d873a3f5d2736449186817f0e0
:10cb1c0037fbbae025f054ffc7f89001d7f89031f5
:10cb2c001b78002b0cd1b7f8962107f1100319468e
:10cb3c00d7f8980115f0dcfd034687f8af3116e005
:10cb4c00b7f8962107f110031946d7f8980118f099
:10cb5c003bf8034687f8af3197f8af31002b06d17d
:10cb6c004ff47a701ef0a2fb034687f8af3197f8aa
:10cb7c00af31002b6fd1b7f8962107f58870d7f835
:10cb8c00983100931346464a802125f0d1fa07f5d7
:10cb9c00887207f5d873a3f5d2731146186817f08d
:10cbac00effa0023a7f8ac314ee0b7f8ac3107f53b
:10cbbc0088703c4a802125f0bbfa07f5887318462b
:10cbcc0025f02afdc7f8a8010023a7f8a6311fe01d
:10cbdc0007f58872d7f8a831d018d7f8a831c3f167
:10cbec008001b7f8ac21b7f8a631134407f5d87219
:10cbfc00a2f5d072d35c2c4a25f09afad7f8a8315a
:10cc0c000333c7f8a831b7f8a6310133a7f8a6311a
:10cc1c00b7f8a6310f2b08d8b7f8ac21b7f8a63166
:10cc2c001a44b7f896319a42d2db07f5887207f5a9
:10cc3c00d873a3f5d2731146186817f0a1fab7f898
:10cc4c00ac311033a7f8ac31b7f8ac21b7f896314a
:10cc5c009a42aad311e097f8af3107f58870134abe
:10cc6c00802125f065fa07f5887207f5d873a3f5ce
:10cc7c00d2731146186817f083fa07f5d873a3f529
:10cc8c00d2730b49186817f07bfa07f5d877bd46b5
:10cc9c0080bd00bfd4d44000f4d4400010d5400077
:10ccac002cd5400054d5400060d5400068d54000dc
:04ccbc00dcd0400088
:020000040000fa
:020000040041b9
:10ccc00090b58bb002af786026f06af8b8617b68e7
:10ccd0001b69002b20d07b685a697b681b6b13444f
:10cce0001946b86925f036f90346002b14d0834b5a
:10ccf0005b78002b0bd07b685b697a68126b0192c2
:10cd00000093bb697a687e49012012f013fa07216b
:10cd1000786810f08bfeeee07b681b7f042b11d14e
:10cd20007b685a697b681b6b13441946b86925f008
:10cd300011f90346002b00f0dd800621786810f021
:10cd400075fed7e07b68db6c184625f093fb7861b5
:10cd50000023fb61a7e07b68db6c07f10801694aef
:10cd6000184624f05ffe0346012b02d1bb68002b5e
:10cd70000ad1624b5b78002b00f09b807a68624995
:10cd8000012012f0d7f995e0bb68184624f0cafae2
:10cd900038613b69b3f801309bb2184625f0e8f8da
:10cda00003461a467b681b8c1946104623f086fd05
:10cdb0000346002b1dd0514b5b79002b14d0bb6870
:10cdc0005c683b69b3f801309bb2184625f0d0f897
:10cdd00003461a467b681b8c0193009223467a68af
:10cde0004a49052012f0a6f9bb68184610f0a6fdc6
:10cdf00056e0bb685a687b685b6b13441946b86998
:10ce000025f0a8f80346002b42d03c4b5b79002b61
:10ce10000cd03b69b3f801309bb2184625f0a8f856
:10ce200003467a683a49052012f084f97b689b8ca6
:10ce3000184623f059fd03461a463b69a3f8032020
:10ce4000bc6825f0adff03466360bb68184621f05f
:10ce50004df9f8607b685b89c3f30413dbb21846b5
:10ce600023f016fd024678680023f968806805f013
:10ce700089fa0346002b0bd0204b5b78002b04d0a3
:10ce80007a682449012012f055f9f86810f056fd2f
:10ce90007b68db6c07f108011a4a184624f0a5fbf1
:10cea000fb690133fb61fa697b699a42fff653af74
:10ceb00000e000bf7b681b7f032b1cd17b689b6b52
:10cec000002b02d0786819f0dbfd786822f0dcfadc
:10ced0000346002b0fd0094b5b79002b04d07a68f6
:10cee0000d49052012f026f97b684833184620f0da
:10cef000e3fe00e000bf2437bd4690bdb07445207e
:10cf0000fc07410004754520440841007c084100ad
:0ccf1000b0084100e408410004094100a1
:020000040000fa
:020000040041b9
:10cf1c0080b594b002aff860b9607a600023a7f8ce
:10cf2c004630bb681b8c143b002b00da0733db103c
:10cf3c007b871423fb87fb685b687b637b6b3b63a2
:10cf4c003b6b1b7803f00f03dbb29b00dbb2142ba3
:10cf5c0002d06ff0050300e1fb685b89132b02d84c
:10cf6c006ff00503f9e03b6bdb889bb2184623f0ae
:10cf7c00e1fc0346bb87bb8fc3f30c03a7f840301f
:10cf8c00bb8f03f40053fb62fb681b89143ba7f8af
:10cf9c004230d8e07b8fdb009bb2b7f84220934243
:10cfac0028bf13467b854ff4207214210e2008f005
:10cfbc002afe78627b6a002b00f0cc807b6a5b686f
:10cfcc001422796b184625f01bfb7b6a5b683b636c
:10cfdc007b8da7f8443058e0fb685a89fb8fd31a35
:10cfec00fb83fa8bb7f84430934228bf1346a7f85b
:10cffc004630b7f84630002b05d10023fb87fb6881
:10d00c001b68fb6041e025f0ddfdb861bb69002bbe
:10d01c0003d1786a15f039fe9de0b869fb685a684f
:10d02c00fb8f1344b7f84610b7f8462001920093d3
:10d03c000346412200201cf041fd78617b69002be6
:10d04c0006d1b86925f058fa786a15f01efe82e010
:10d05c00f86823f014fabb69fa685a61bb69414a53
:10d06c001a617969786a1df092ffb7f84420b7f815
:10d07c004630d31aa7f84430b7f84430002b04d00c
:10d08c000023fb87fb681b68fb60b7f84430002b60
:10d09c00a2d1fa8fb7f846301344fb87bb681b8cc0
:10d0ac00a3f11302b7f842309a42ccbf01230023fc
:10d0bc00dbb23b62b7f84030c3f30c03bb873b6a6f
:10d0cc00002b02d0fb6a002b03d0bb8f43f4005320
:10d0dc00bb87bb8f184623f02dfc03461a463b6bcf
:10d0ec00da807b8d14339bb2184623f023fc034665
:10d0fc001a463b6b5a803b6b00229a720022da7202
:10d10c001421386b24f02cf903461a463b6b5a81d8
:10d11c00bb681b697a68796ab8689847124b1b8e92
:10d12c0001339ab2104b1a86786a15f0aefdb7f837
:10d13c0042207b8dd31aa7f84230b7f840207b8f62
:10d14c001344a7f84030b7f84230002b7ff422afdd
:10d15c00002302e000bf4ff0ff3318464837bd46ae
:0cd16c0080bd00bf150944003c5b45205d
:020000040000fa
:020000040041b9
:10d1780090b58fb000af78607b68db68bb61012336
:10d1880087f8373000233b630de0bb69da693b6bf6
:10d1980013441b78202b03d0002387f8373008e08e
:10d1a8003b6b01333b63bb691b8c1a463b6b934259
:10d1b800ebdb97f83730002b40f0fa80bb691a1d7b
:10d1c800bb69db691946104612f0bdfd0023fb62fe
:10d1d8000023bb62002387f8273000233b6230e03e
:10d1e800bb69da693b6a13441b78fb75fb7d202b0e
:10d1f8000fd1bb6a002b05d1bb69da693b6a1344be
:10d2080000221a70fb6a002b18d0012387f82730f8
:10d2180014e0fb6a002b05d1bb69da693b6a134449
:10d22800fb620be0bb6a002b08d197f82730002b74
:10d2380004d0bb69da693b6a1344bb623b6a0133b9
:10d248003b62bb691b8c1a463b6a9342c8dbbb69cd
:10d25800da69bb691b8c0133134400221a70fb6a1c
:10d26800002b00f0a7800023fb6172e0bb69596abc
:10d27800fa6913465b001344db000b445b681946ec
:10d28800f86a25f06bfa0346002b5fd1bb69596a2f
:10d29800fa6913465b001344db000b445b69002bff
:10d2a8005ed0bb69596afa6913465b001344db0018
:10d2b8000b441b7b002b02d0b86a10f0f1febb694f
:10d2c80093f8333043f01003dab2bb6983f83320a4
:10d2d800bb6a002b1ad03949b86a25f03ffa0346d1
:10d2e800002b06d03649b86a25f038fa0346002bd9
:10d2f8000cd1bb69596afa6913465b001344db0019
:10d308000b441946786821f091f815e0bb69596a11
:10d31800fa6913465b001344db000b445c69bb6984
:10d32800596afa6913465b001344db000b441b6916
:10d338001a46b96a7868a047bb6993f8333023f076
:10d348001003dab2bb6983f8332034e0fb69013398
:10d35800fb61bb699b8d1a46fb69934286db00e043
:10d3680000bf7b685b68002b1dd0fb6afb60bb6a53
:10d378003b61bb6993f8333043f01003dab2bb6901
:10d3880083f833207b685b6807f10c0211467868e4
:10d398009847bb6993f8333023f01003dab2bb69be
:10d3a80083f8332007e0f96a786820f01bfc02e074
:10d3b80000bf00e000bf3c37bd4690bd245f42007f
:04d3c800285f420098
:020000040000fa
:020000040041b9
:10d3cc0080b59cb002af03460a46fb711346bb7195
:10d3dc00bb79013bdbb2184623f040fdf865fb6dd1
:10d3ec00002b03d0fb6d5b78022b0ad0814b7b6347
:10d3fc007b6b1b6803f00103002b00d000be0023e5
:10d40c00f4e0fb6ddb799b1103f00103d9b27a4a8e
:10d41c00d37861f30003d370fb6d09337b66fb6d2e
:10d42c005b889bb21a46fb6d1344bb65c0e07b6ef8
:10d43c003b633b6b01331b780b2b0ad17b6efb627e
:10d44c00fb6abb62bb6a1b781a46bb6a13447b66d9
:10d45c00aee07b6e7b627b6a01331b78042b0ad0b7
:10d46c00644bbb63bb6b1b6803f00103002b00d048
:10d47c0000be0023bae07b6e7b65ba6d7b6ed31a5f
:10d48c00a7f85230002387f8633076e097f86330c2
:10d49c0087f823300023fb61584b1b7897f8232027
:10d4ac009a420ad2564b196897f823201346db0090
:10d4bc0013449b000b44fb6113e0504b1b7897f813
:10d4cc002320d31a87f8233097f82330002b08d168
:10d4dc0097f823201346db0013449b00494a13445e
:10d4ec00fb61fb69fb64fb6c002b0ad1414b3b6479
:10d4fc003b6c1b6803f00103002b00d000be002323
:10d50c0074e0fb6c1b69b7f85220f879796d984779
:10d51c000346a7f84a30b7f84a30082b28d9b7f891
:10d52c004a20b7f852309a4222d897f86300b7f8dd
:10d53c004a3001937b6e00931023334a33490df02c
:10d54c00fbf9034683f00103dbb2002b0ad0294b15
:10d55c007b647b6c1b6803f00103002b00d000bec6
:10d56c00002343e0b7f84a307a6e13447b660ce034
:10d57c0097f86330013387f86330204b1b78013305
:10d58c00dbb297f863209a4280d31c4b1b78013393
:10d59c00dbb297f863209a420ad3164bfb63fb6b02
:10d5ac001b6803f00103002b00d000be00231de01c
:10d5bc007b6ebb61bb6d7b61ba697b699a420dd294
:10d5cc00bb693b613b69fb60fb681b781a46fb68d7
:10d5dc0013447a699a4201d3012300e0002303f03b
:10d5ec000103dbb2002b7ff422af0123184668370e
:10d5fc00bd4680bdf0ed00e08c6645208a6a452072
:10d60c009c6c45206814440093664520a366452015
:020000040000fa
:020000040041b9
:10d61c0080b58eb000aff8600b467a60fb727b6809
:10d62c005b689b7887f8363097f8363003f00f0339
:10d63c00874a52f823303b6397f8363003f03003b7
:10d64c00302b00f0cb80302b00f3f380202b23d039
:10d65c00202b00f3ee80002b02d0102b09d0e8e039
:10d66c007b6859687b681a693b6bf8689847034676
:10d67c00eae07b685a697b681b699a4203d07b6835
:10d68c005b6901221a707b6859687b681a693b6b6d
:10d69c00f86898470346d7e0fb7a022b6ad197f8d3
:10d6ac00363003f00f03042b64dc012387f837308a
:10d6bc007b685b69fb6207f110031946f8681af086
:10d6cc004bfd034683f00103dbb2002b26d0002375
:10d6dc00bae07b681b697a685268b2f8072092b28c
:10d6ec001146fa6a128801fb02f21344bb627b6892
:10d6fc00596807f110003b6bba6a9847034683f0f0
:10d70c000103dbb2002b03d0002387f8373011e084
:10d71c00fb6a1b8801339ab2fb6a1a80bb69002b27
:10d72c0008d0fb6a1a887b685b68b3f809309bb237
:10d73c009a42ced3bb69002b0bd0fb68db68002b65
:10d74c0002d0fb68db6800e0424bfa68d360002330
:10d75c007ae007f110031946f8681ff0edfa03465a
:10d76c0083f00103dbb2002b01d000236ce097f8af
:10d77c00373069e07b685b697b627b681b697a6820
:10d78c005268b2f8072092b211467a6a128801fbed
:10d79c0002f213443b627b6a1a887b685b68b3f8bd
:10d7ac0009309bb29a420bd3fb68db68002b02d08a
:10d7bc00fb68db6800e0274bfa68d360002343e08a
:10d7cc007b6a1b8801339ab27b6a1a807b68596822
:10d7dc003b6b3a6af8689847034635e07b685a68b1
:10d7ec007b685b69128892b21a8097f8363003f026
:10d7fc000f03072b14d17b6818697b685b68b3f83f
:10d80c0007309bb21a46002125f052f97b685b6801
:10d81c00d3f80b207b681b69194610461ff0d6fb0a
:10d82c007b6859687b681a693b6bf86898470346b4
:10d83c000ae0fb68db68002b02d0fb68db6800e0c9
:10d84c00054bfa68d360002318463837bd4680bdb7
:0cd85c00000d440090724200a0724200d7
:020000040000fa
:020000040041b9
:10d868002de9f04192b008af78613961fa60bb6088
:10d878003b69002b0cd1142012f0b0fe38613b69d3
:10d88800002b02d14ff0ff3303e13b6900225a819c
:10d8980038691ff04dfd78627b6a002b0ed17f4bf3
:10d8a8001b78002b04d07a697d49002011f03efcda
:10d8b800386910f03ff84ff0ff33eae0bb689bb2dd
:10d8c800184623f00df803461a467b6aa3f8012090
:10d8d8003b6c9bb2184623f003f803461a467b6a52
:10d8e800a3f80320fb685b1003f00103d9b27a6a3e
:10d8f800137861f382031370fb689b1003f0010334
:10d90800d9b27a6a137861f341031370fb6803f0a4
:10d918000103d9b27a6a137861f3c3031370fb6801
:10d92800db1003f00103d9b27a6a137861f30003bc
:10d938001370fb6803f00103002b1ed0386920f038
:10d94800d1fb0346fb61fb69002b02d14ff0ff338b
:10d958009fe0fc6925f020fa034663607b69db6c75
:10d9680007f11c010022184623f0a2fa0346012bf6
:10d9780003d0fb6918460ff0ddff7b699b683b62ab
:10d988007b69db7a23f03f03dbb2002b05d17b698f
:10d99800db7ac3f38113dab200e0012297f823306f
:10d9a80062f3871387f823303c4b5b79002b42d016
:10d9b8007b691b7f98467b6a1b78c3f3c003dbb285
:10d9c8001c467b6a1b78c3f38003dbb21d467b6a67
:10d9d8001b78c3f34003dbb21e467b6a1b78c3f394
:10d9e8000003dbb27b607b6ab3f801309bb2184658
:10d9f80024f0bafa03463b607b6ab3f803309bb263
:10da0800184624f0b1fa03461a463b695b89194661
:10da18003b695b89053b0793069105923a68049236
:10da28007b68039302960195009443467a691d49e1
:10da3800052011f07bfb7b8cc3f30413dbb2184683
:10da480022f022ff024600233969386a04f096fc66
:10da58000346002b0ed0114b1b78002b04d07a699b
:10da68001149002011f062fb38690ff063ff6ff075
:10da780005030ee0fb6803f00203002b08d03b6ca3
:10da88009ab27b691a8525f087f902467b695a6440
:10da9800002318462837bd46bde8f081b0744520fc
:0cdaa800f8044100200541008405410005
:020000040000fa
:020000040041b9
:10dab40080b58cb000aff860b9607a600023bb62b7
:10dac40001233b62bb685b68fb61fb695b889bb2bb
:10dad400184622f033ff03467b83fb691b7803f06f
:10dae4000f03dbb29b007b767b7e9bb27a8b9a42e0
:10daf40002d24ff0ff33fbe07b7e9bb27a8bd31aca
:10db04007b83fb69db889bb2184622f017ff034630
:10db1400c3f30c039bb2db00fb82bb685b68fb6254
:10db2400fb6a00221a7000225a7000229a700022a6
:10db3400da70fb6afa8a9a80fa8a7b8b13449ab267
:10db4400fb6ada80fb6adb889bb2fa8a9a4202d9c2
:10db54004ff0ff33cce0fb685b687b6268e07b6a74
:10db64005b683b61fb6a9b889ab23b699b889bb26a
:10db74009a4235d2fb6a7a6a1a60bb6a002b20d0bb
:10db8400fb6a9b889ab2bb6adb889bb29a4207d332
:10db9400fb6adb889ab23b699b889bb29a4202d9a2
:10dba4004ff0ff33a4e0bb6aba681a60bb6adb8833
:10dbb4009ab2fb6a9b889bb29a423dd000233b6297
:10dbc4003ae0fb6adb889ab23b699b889bb29a4233
:10dbd40002d94ff0ff338be0fb68ba685a602be040
:10dbe400fb6a9b889ab23b699b889bb29a4202d19a
:10dbf4004ff0ff337ce0fb6a9b889ab23b69db8879
:10dc04009bb29a4202d24ff0ff3371e0bb6a002b01
:10dc140009d0bb6adb889ab23b699b889bb29a4263
:10dc240001d000233b623b691b687b623b69bb629a
:10dc34007b6a002b93d100e000bf7b6a002b17d1d5
:10dc4400bb6a002b11d0bb6adb88fb6a9b88bb6a6a
:10dc5400ba681a60bb6adb889ab2fb6a9b889bb27b
:10dc64009a4205d000233b6202e0fb68ba685a601e
:10dc74007b68002b05d1fb689b7f03f00103002b1d
:10dc840035d03b6a002b2bd0fb685b68002b06d099
:10dc9400fb685b685b689b889bb2002b02d0002307
:10dca4003b621de0fb6abb62fb6a1b687b6212e09d
:10dcb4007b6a5b68fb62bb6adb889ab2fb6a9b88ff
:10dcc4009bb29a4202d000233b6207e0fb6abb622c
:10dcd400fb6a1b687b627b6a002be9d13b6a002be1
:10dce4003b6a002b14bf01230023dbb200e00023b6
:08dcf40018463037bd4680bd23
:020000040000fa
:020000040041b9
:10dcfc002de9f0418eb008aff860b960fb681b7f6e
:10dd0c00032b30d0824b1b78002b06d0fb681b7f7b
:10dd1c00fa688049002011f007fa6ff00703f2e06f
:10dd2c007b4b5b79002b06d0fb68db8bfa687a495e
:10dd3c00052011f0f9f9fb6803f14802fb681b6b35
:10dd4c00194610461ef0a2fe0346012b0bd0704b59
:10dd5c001b78002b04d0fa687049002011f0e4f90c
:10dd6c006ff00203cfe0fb681b7f032b08d1f86830
:10dd7c0021f084fb034683f00103dbb2002bcfd1ef
:10dd8c00fb681b7f032b0dd0614b1b78002b06d03f
:10dd9c00fb681b7ffa686249002011f0c5f96ff02f
:10ddac000703b0e0b8681ff0c1fa78617b69002bfb
:10ddbc000bd1574b1b78002b04d0fa685949002023
:10ddcc0011f0b2f94ff0ff339de0fb689b8c1846c5
:10dddc0022f084fd03461a467b69a3f80320fb68f6
:10ddec00db8b184622f07afd03461a467b69a3f8b2
:10ddfc0001207a69137843f004031370b86820f09b
:10de0c006ff903463b613b69002b0bd1404b1b78f0
:10de1c00002b04d0fa684449002011f085f94ff02a
:10de2c00ff3370e03c6924f0b5ff034663603b6947
:10de3c0000221a60fb68db6c07f110010022184607
:10de4c0023f034f80346012b0fd0314b1b78002bf9
:10de5c0004d0fa683549002011f066f93b69184680
:10de6c000ff066fd6ff008034de0294b5b79002b3a
:10de7c0042d0fb681b7f98467b691b78c3f3c003b9
:10de8c00dbb21c467b691b78c3f38003dbb21d46f7
:10de9c007b691b78c3f34003dbb21e467b691b789e
:10deac00c3f30003dbb27b607b69b3f801309bb238
:10debc00184624f057f803463b607b69b3f80330ef
:10decc009bb2184624f04ef803461a46bb685b8991
:10dedc001946bb685b89053b0793069105923a6826
:10deec0004927b6803930296019500944346fa686a
:10defc000f49052011f018f9fb68db8b01339ab23e
:10df0c00fb68da83002318461837bd46bde8f0815c
:10df1c00b0744520d40e4100080f4100400f410061
:10df2c005c0f41009c0f4100c40f4100f00f4100f9
:04df3c002010410070
:020000040000fa
:020000040041b9
:10df400080b592b000af0346fb718c4b5b68bb633e
:10df50008a4b1b69ba6b1340bb63bb6b03f00803ae
:10df6000002b5dd0854bd3f80038844a23f48043de
:10df7000c2f8003800bf814bd3f8043803f4804363
:10df8000002bf8d001237b6419e07c4bdb697a6cb1
:10df90001032012101fa02f21146784a0b43d36193
:10dfa000764bdb697a6c1032012101fa02f2d2431e
:10dfb0001146724a0b40d3617b6c01337b647b6cee
:10dfc000092be2dd6e49002004f0b0fb6b4b082208
:10dfd0009a606a4b10229a60684b01229a60674be4
:10dfe00001229a6121f03afd03461a46fb7987f82f
:10dff0003730134687f83630012387f8353097f8e5
:10e0000037303b7201237b7297f836303b7397f8b9
:10e01000352007f1080311461846f5f793fb00bfba
:10e02000bb6b03f01003002b30d0544bd3f80038f7
:10e03000524a23f48043c2f8003800bf4f4bd3f854
:10e04000043803f48043002bf8d04c4b10229a6024
:10e050004a4b10225a61494b01229a61002387f8ea
:10e060003430052387f83330012387f8323097f8ae
:10e0700034303b7597f833307b7597f8322007f1d1
:10e08000140311461846f5f75dfb00bfbb6b03f0a8
:10e090000103002b3ad0394bd3f80038374a23f428
:10e0a0008043c2f8003800bf344bd3f8043803f47f
:10e0b0008043002bf8d0314b01229a602f4b012274
:10e0c0005a612e4b10229a612c4bd3f800382b4a00
:10e0d00043f48043c2f80038002387f8313004232a
:10e0e00087f83030012387f82f3097f8313087f8e0
:10e0f000203097f8303087f8213097f82f2007f13b
:10e10000200311461846f5f71dfb00bf00233b64b2
:10e110000fe04ff480523b6c9a40bb6b1340002bd6
:10e1200004d03b6cdbb21846f8f748fb3b6c01337c
:10e130003b643b6c092becdd0023fb6316e0fb6bbf
:10e14000002b10ddfb6b062b0ddcfb6b013b4ff056
:10e1500000729a40bb6b1340002b04d0fb6bdbb208
:10e1600018460ef02ffbfb6b0133fb63fb6b092b97
:10e17000e5dd00bf00bf4837bd4680bd00800340dd
:04e180003c2f4400ec
:020000040000fa
:020000040041b9
:10e1840090b5adf2544d04af07f58863a3f2344360
:10e19400186007f58863a3f58763196007f588633a
:10e1a400a3f23c431a601623c7f8343424f03cf934
:10e1b400c7f8300407f11400d7f83034734a4ff429
:10e1c400807123f0b9ff07f1140207f58863a3f205
:10e1d40034431146186815f0d7ff07f58a730022f7
:10e1e400d7f8341418460cf01dfbc7f82c04d7f8e4
:10e1f4002c34002b10d107f58863a3f2344364490f
:10e20400186815f0c1ff07f58863a3f23443614928
:10e21400186815f0b9ffb4e007f11400d7f82c34ee
:10e224005d4a4ff4807123f087ff07f1140207f56c
:10e234008863a3f234431146186815f0a5ff07f567
:10e244008863a3f234435549186815f09dff07f518
:10e254008863a3f234435249186815f095ff0023ec
:10e26400c7f83c3477e007f58863a3f54b71d7f81a
:10e274003c241346db0013449b000b440c331b78f3
:10e28400042b21d801a252f823f000bfa5e24100db
:10e29400ade24100b5e24100bde24100c5e241000a
:10e2a400404bc7f8383413e03f4bc7f838340fe01d
:10e2b4003e4bc7f838340be03d4bc7f8383407e021
:10e2c4003c4bc7f8383403e03b4bc7f8383400bf45
:10e2d40007f58863a3f54b71d7f83c241346db009c
:10e2e40013449b000b4404331c6807f58863a3f5af
:10e2f4004b71d7f83c241346db0013449b000b44ba
:10e304001033196807f58863a3f54b70d7f83c24dc
:10e314001346db0013449b00034420331b6807f1be
:10e32400140002930191d7f8383400932346234a0a
:10e334004ff4807123f000ff07f1140207f588639e
:10e34400a3f234431146186815f01effd7f83c3485
:10e354000133c7f83c34d7f83c24d7f82c349a421c
:10e3640081d307f58863a3f234430d49186815f087
:10e374000bff07f58863a3f234430649186815f0c8
:10e3840003ff07f24447bd4690bd00bf40d24000a2
:10e3940060d24000dcd0400084d2400098d24000db
:10e3a400c8d24000f4d24000fcd2400004d3400064
:10e3b4000cd3400014d340001cd3400024d34000ad
:020000040000fa
:020000040041b9
:10e3c40052582071756575652025702066756c6cd2
:10e3d4002077697468202575206974656d73000061
:10e3e400416c6c6f636174696f6e20666f72202577
:10e3f4007520636f6e6e656374696f6e73206661fa
:10e40400696c6564000000006373705f62696e5f2d
:10e4140073656d5f6372656174652826636f6e6ee4
:10e424005f6c6f636b29206661696c656400000032
:10e434006373705f62696e5f73656d5f637265615c
:10e444007465282673706f72745f6c6f636b292018
:10e454006661696c6564000072785f7175657565e5
:10e46400203d206373705f71756575655f637265c8
:10e474006174652829206661696c65640000000088
:10e484006373705f7264705f616c6c6f63617465f9
:10e4940028636f6e6e29206661696c6564000000f4
:10e4a4004661696c656420746f206c6f636b2063d4
:10e4b4006f6e6e2061727261790000004e6f20668b
:10e4c40072656520636f6e6e656374696f6e732c1d
:10e4d400206d617820257500436f6e6e20616c722b
:10e4e4006561647920636c6f73656400417474655d
:10e4f4006d707420746f2063726561746520484d7b
:10e5040041432061757468656e7469636174656400
:10e5140020636f6e6e656374696f6e2c2062757410
:10e52400204353502077617320636f6d70696c656d
:10e534006420776974686f757420484d4143207373
:10e544007570706f72740000417474656d7074201e
:10e55400746f206372656174652058544541206569
:10e564006e6372797074656420636f6e6e65637434
:10e57400696f6e2c20627574204353502077617349
:10e5840020636f6d70696c656420776974686f755a
:10e5940074205854454120737570706f7274000074
:10e5a4005b253032752025705d20533a25752c206b
:10e5b4002575202d3e2025752c202575202d3e20e7
:10e5c40025752c20736f636b3a2025700d0a0000ab
:10e5d4005b253032752025705d20533a25752c203b
:10e5e4002575202d3e2025752c202575202d3e20b7
:0ee5f40025752c20736f636b3a2025700a008a
:020000040000fa
:020000040041b9
:02e6020070475f
:020000040000fa
:020000040041b9
:10e6040080b596b000aff860b9607a6000237b6390
:10e614000023bb634ff0ff33bb6400237b6507f12a
:10e624001c037a68b96818461bf03ff892e007f1ba
:10e63400160307f1180207f11701f8681af090fba6
:10e64400034683f00103dbb2002b05d0bb7d002b16
:10e6540040f086800023ebe0ba6907f11c03114601
:10e6640018461ef0e7f8034683f00103dbb2002be3
:10e674003ed0bb697a6d9a422dd807f11c03184627
:10e6840020f020fd034683f00103dbb2002b03d00e
:10e694004ff0ff337b6503e03b6a1b889bb27b65cd
:10e6a400bb697a6d9a4216d8fb689b683b64b9696a
:10e6b400fa7d07f11c03f86818f0eafb034683f0bf
:10e6c4000103dbb2002b01d00023b1e0fb689b689f
:10e6d4003a6c9a423bd1fb7d1946f86818f008f968
:10e6e400034683f00103dbb2002b32d000239fe00a
:10e6f4003b6a9b7803f03003002b19d17b6a3f2bd4
:10e7040016d87b6a03f01f03012202fa03f37b6429
:10e714007b6a5b099b0058333b4453f8241c7b6a97
:10e724005b097a6c0a439b0058333b4443f8242c1e
:10e73400fb7d07f11c021946f86818f0e3fe034656
:10e7440083f00103dbb2002b04d0002370e000bf90
:10e7540000e000bffb689b68002b7ff468af00e01b
:10e7640000bf7b6a3b653b6a9b7887f83f3007f1c3
:10e774001c0318460df0f2f80346002bf1d197f86c
:10e784003f3003f03003002b07d13b6a1b889bb258
:10e79400002b02d03b6d01333b653b6d402b01d90f
:10e7a40040233b653b6d002b41d00023fb6417e005
:10e7b400fb6c9b0058333b4453f8243cba6c9a429c
:10e7c4000bd0fb68db68002b02d0fb68db6800e041
:10e7d400194bfa68d36000232ae0fb6c0133fb6415
:10e7e4003b6d5b09fa6c9a42e2d33b6d03f01f0365
:10e7f400002b1cd03b6d5b099b0058333b4453f802
:10e80400242c3b6d03f01f03c3f12003b96c21fae0
:10e8140003f39a420bd0fb68db68002b02d0fb6841
:10e82400db6800e0044bfa68d360002300e00123b6
:0ce8340018465837bd4680bdd87242001f
:020000040000fa
:020000040041b9
:10e8400090b587b000aff860b9607a60fb70ba6ac3
:10e850008949b86816f00afa78617b69002b1dd1e6
:10e86000bb689b0c03f00103002b0fd1b96ab86899
:10e870000ef0aaf878617b69002b0fd1fb681b6a48
:10e880005a1cfb681a624ff0ff33f1e0fb68db6a49
:10e890005a1cfb68da626ff00103e9e00023fb74a5
:10e8a000bb689b0c03f00103002b02d0012b7ad034
:10e8b000d7e0fb78052b09d8fb68db6a5a1cfb689c
:10e8c000da62b96a78691cf043f9d0e07b69db68e9
:10e8d000002b05d0fb68db6a5a1cfb68da621be080
:10e8e000bb6a002b04d000201bf020fa034603e093
:10e8f000002011f077fe03467a69d3607b69db68fc
:10e90000002b09d1fb68db6a5a1cfb68da62b96a22
:10e9100078691cf01df9aae07b69db680c337a6822
:10e9200012681a607b69db68da687b69dc6810460c
:10e9300023f0d0fd0346e3607b69db680a337a6825
:10e940000432128892b21a807b69db685a897b692b
:10e95000dc68104623f00cfb034663817b69db68af
:10e960005b8940f2fa72934208d87b69db685b8965
:10e970001c4623f0a3fd03469c4209d9fb681b6a91
:10e980005a1cfb681a62b96a78691cf0e1f86ee0fb
:10e990007b6900221a800623fb74bb689b0adbb2ea
:10e9a0005a1c7b695a60bb689b0adab27b695b6858
:10e9b000013b9a4209d0b96a78691cf0c9f8fb6832
:10e9c000db6a5a1cfb68da6251e07b695b685a1e9d
:10e9d0007b695a607b691b881a46fb781a44fb7c6a
:10e9e000d31a7a69d2685289934209ddfb68db6adf
:10e9f0005a1cfb68da62b96a78691cf0a9f836e03b
:10ea00007b69da687b691b881033d018fb7c7a68d5
:10ea1000d118fa78fb7cd31a1a4623f0f7fd7b69ec
:10ea20001a88fb7899b2fb7c9bb2cb1a9bb2134439
:10ea30009ab27b691a807b691a887b69db685b897b
:10ea40009a4213d17b69db68ba6af96818460ef0fe
:10ea50009ffc7b690022da60b96a78691cf078f85b
:10ea600005e0b96a78691cf073f800e000bf002384
:0cea700018461c37bd4690bdff03f81f80
:020000040000fa
:020000040041b9
:10ea7c00b0b58ab000af78603960786823f045f99a
:10ea8c000346062b00f2f08001a252f823f000bfdf
:10ea9c00b9ea4100d1ea4100e5ea4100d3eb41007b
:10eaac00f7eb41002dec410051ec410039687868de
:10eabc0013f0d2fe0346002b00f0da8038680ef01b
:10eacc0037ffe6e0744b1b78002b00f0d3807349c2
:10eadc00002010f029fbcde03b685b89012b03d1b2
:10eaec003b681b7c552b05d038680ef021ff0023aa
:10eafc003b60c0e023f0eefd38623b6a184623f021
:10eb0c00a7fcf861fb69002b15d13b681033644af4
:10eb1c001d4614460fcc28606960aa60eb60238800
:10eb2c002b823b681033184623f076fd03469ab2cd
:10eb3c003b685a819fe0f86923f0eaf93b6a194671
:10eb4c00f86923f014fe0346bb6100237b6230e0be
:10eb5c003b68002b03d1c42011f03efd38603b68ac
:10eb6c00002b2bd0ba697b6ad31ac42ba8bfc42341
:10eb7c009ab23b685a813b6803f110007b6afa69d0
:10eb8c00d1183b685b891a4623f03afd3b685b89d8
:10eb9c001a467b6a13447b6200223968786816f047
:10ebac00e3ff0346002b02d138680ef0c1fe0023b0
:10ebbc003b607a6abb699a42cadb00e000bff86925
:10ebcc0023f07dfd57e024f0def803467b617b6982
:10ebdc00184620f0a3ff03467b613b6810337a692b
:10ebec001a603b6804225a8145e03b6810331b686d
:10ebfc003b613b69184623f067fc03463b613b696c
:10ec0c00284a934202d11ff02ffd05e03b69264aaa
:10ec1c00934201d11ff048fd38680ef089fe38e0b0
:10ec2c0023f02efc0346fb60fb68184620f076ffb1
:10ec3c000346fb603b681033fa681a603b68042299
:10ec4c005a8118e021f0e8fa0346bb60bb6818460d
:10ec5c0020f064ff0346bb603b681033ba681a604f
:10ec6c003b6804225a8106e038680ef061fe10e021
:10ec7c0000bf00e000bf3b68002b0ad000223968bf
:10ec8c00786816f071ff0346002b02d138680ef03d
:10ec9c004ffe2837bd46b0bdb0744520247b4300e1
:0cecac003c7b4300078007809a52e5d1b2
:020000040000fa
:020000040041b9
:10ecb8005265636569766564205854454120656ee0
:10ecc80063727970746564207061636b65742c205d
:10ecd800627574204353502077617320636f6d70a1
:10ece800696c656420776974686f75742058544539
:10ecf8004120737570706f72742e2044697363615c
:10ed08007264696e67207061636b6574000000004f
:10ed18005265636569766564207061636b6574200c
:10ed28007769746820484d41432c206275742043ec
:10ed380053502077617320636f6d70696c65642030
:10ed4800776974686f757420484d414320737570f6
:10ed5800706f72742e2044697363617264696e67a0
:10ed6800207061636b6574004352433332207665cb
:10ed780072696669636174696f6e206572726f7219
:10ed8800212044697363617264696e6720706163ee
:10ed98006b657400526563656976656420706163ac
:10eda8006b657420776974682043524333322c2092
:10edb800627574204353502077617320636f6d70c0
:10edc800696c656420776974686f75742043524371
:10edd800333220737570706f72742e2041636365cf
:10ede8007074696e67207061636b65740000000061
:10edf8005265636569766564207061636b6574202c
:10ee0800776974686f75742052445020686561642e
:10ee180065722e2044697363617264696e6720703d
:10ee280061636b6574000000494e503a20532025f9
:10ee3800752c20442025752c2044702025752c2005
:10ee480053702025752c2050722025752c20466c77
:10ee5800203078253032582c20537a2025752056ba
:10ee680049413a2025730000526f75746572206617
:10ee780061696c656420746f2073656e64000000be
:10ee8800436f6e6e2d6c65737320736f636b65745f
:10ee98002071756575652066756c6c004e6f206d08
:10eea8006f726520636f6e6e656374696f6e732031
:10eeb800617661696c61626c6500000052544500be
:10eec8004661696c656420746f2073746172742084
:10eed800726f75746572207461736b2c2065727221
:07eee8006f723a202564005f
:020000040000fa
:020000040041b9
:10eef00080b58ab000af00237b627f4b1b68002b7c
:10ef000040f0f0807d4b1b6801333b627b4a3b6adb
:10ef100013603b6a002b22d1794b1b681b68002bc6
:10ef20000cd04ff0800372b683f31188bff36f8f5c
:10ef3000bff34f8f62b67b6000bffee7704b1b686c
:10ef4000fb61704b1b686e4a13606e4afb6913606d
:10ef50006d4b1b6801336c4a136020f041fa6b4b18
:10ef60001b683a6a9a42c0f0a880654b1b681b6810
:10ef7000002b04d1654b4ff0ff321a609de0604bcf
:10ef80001b68db68db68bb61bb695b687b613a6af5
:10ef90007b699a4203d25d4a7b6913608de0bb694d
:10efa0005b693b61bb699b68ba69d2689a60bb695f
:10efb000db68ba6992685a603b695a68bb69043376
:10efc0009a4203d1bb69da683b695a60bb69002287
:10efd0005a613b691b685a1e3b691a60bb699b6a90
:10efe000002b1ed0bb699b6afb60bb69db69ba69f9
:10eff000126a9a60bb691b6aba69d2695a60fb6877
:10f000005a68bb6918339a4203d1bb691a6afb6814
:10f010005a60bb6900229a62fb681b685a1efb6833
:10f020001a60bb69db6a01229a40394b1b681343a3
:10f03000374a1360bb69da6a364913469b001344aa
:10f040009b000b4404331b68bb60bb69ba689a60c1
:10f05000bb689a68bb69da60bb689b68ba690432ae
:10f060005a60bb691a1dbb689a60bb69da6a1346ad
:10f070009b0013449b00274a1a44bb695a61bb6931
:10f08000da6a244913469b0013449b000b441b6817
:10f09000ba69d26a591c1f4813469b0013449b004f
:10f0a00003441960bb69da6a1b4b1b68db6a9a422e
:10f0b0007ff65baf01237b6257e7174b1b68da6a69
:10f0c000144913469b0013449b000b441b68012bff
:10f0d00001d901237b62114b1b68002b07d0012350
:10f0e0007b6204e00e4b1b6801330d4a13607b6aa0
:10f0f00018462837bd4680bdac6b4520886b45203f
:10f10000786b45207c6b45209c6b4520a46b45208b
:10f110008c6b4520a0614520746b4520986b452081
:04f12000946b452087
:020000040000fa
:020000040041b9
:10f124005b5441424c4520305d20426f6172642043
:10f13400506172616d657465723a20257520726f35
:10f1440077732c2025752062797465732c2063688d
:10f1540065636b73756d2042453d307825303458b6
:10f164000a0000005b5441424c4520315d20537934
:10f17400732d636f6e66696720506172616d65748b
:10f1840065723a20257520726f77732c20257520bf
:10f1940062797465732c20636865636b73756d2085
:10f1a40042453d3078253034580a00005b544142d2
:10f1b4004c4520325d204d616e75616c2d436f6e40
:10f1c40074726f6c20506172616d657465723a205f
:10f1d400257520726f77732c2025752062797465ec
:10f1e400732c20636865636b73756d2042453d30f5
:10f1f40078253034580a00005b5441424c45203392
:10f204005d204578706572696d656e742050617219
:10f21400616d657465723a20257520726f77732c61
:10f224002025752062797465732c20636865636b8f
:10f2340073756d2042453d3078253034580a0000fe
:10f244005b5441424c4520345d2054656c656d65ca
:10f2540074727920506172616d657465723a20250b
:10f264007520726f77732c2025752062797465730d
:10f274002c20636865636b73756d2042453d30785f
:10f28400253034580a000000496e697469616c695c
:10f294007a696e67203520646174612070617261df
:10f2a4006d65746572207461626c65732e2e2e0018
:10f2b400416c6c2035207461626c657320696e69e1
:10f2c4007469616c697a65642073756363657373cb
:10f2d40066756c6c790a0000426f6172642050613b
:10f2e40072616d65746572005379732d636f6e6618
:10f2f400696720506172616d657465720000000079
:10f304004d616e75616c2d436f6e74726f6c20501d
:10f314006172616d65746572000000004578706506
:10f3240072696d656e7420506172616d6574657289
:10f334000000000054656c656d657472792050613d
:10f3440072616d6574657200556e6b6e6f776e00d9
:020000040000fa
:020000040041b9
:10f35400f0b5b3b006aff860b9607a600121b8685f
:10f3640020f038f9c7f8ac000221b86820f032f96f
:10f37400c7f8a8000321b86820f02cf9c7f8a40046
:10f384000421b86820f026f9c7f8a0000521b86860
:10f3940020f020f9c7f89c000621b86820f01af97b
:10f3a400c7f89800d7f8ac30002b13d0d7f8a830a2
:10f3b400002b0fd0d7f8a430002b0bd0d7f8a030f7
:10f3c400002b07d0d7f89c30002b03d0d7f8983007
:10f3d400002b0dd107f11c035e4a6421184622f06c
:10f3e400abfe07f11c031946f86814f0cdfeade03e
:10f3f400d7f8ac001ef052f8c7f89400d7f8a8006c
:10f404001ef04cf8c7f89000d7f8a4001ef046f898
:10f41400c7f88c00d7f8a0001ef040f8c7f88800a1
:10f42400d7f89c001ef03af8c7f88400d7f8980083
:10f434001ef034f8c7f88000d7f89430002b03dbb3
:10f44400d7f89430172b04dd4349f86814f09cfe78
:10f454007ce0d7f89030002b03dbd7f890303b2bbf
:10f4640004dd3e49f86814f08ffe6fe0d7f88c3065
:10f47400002b03dbd7f88c303b2b04dd3849f868cc
:10f4840014f082fe62e0d7f88830002b03ddd7f851
:10f4940088301f2b04dd3349f86814f075fe55e0fd
:10f4a400d7f88430002b03ddd7f884300c2b04dd2f
:10f4b4002d49f86814f068fe48e0d7f88030002b36
:10f4c40003dbd7f88030632b04dd2849f86814f097
:10f4d4005bfe3be0d7f89430dbb2fb75d7f8903095
:10f4e400dbb23b76d7f88c30dbb27b76d7f888304a
:10f4f400dbb23b75d7f88430dbb27b75d7f880304c
:10f50400dbb2bb7507f11403184621f085fafb7dc5
:10f514001e463b7e7a7e397d787d0446b87d05465d
:10f5240007f11c0004950394029101920093334661
:10f534000f4a642122f000fe07f11c031946f86803
:10f5440014f022fe0b49f86814f01efeb437bd46d1
:10f55400f0bd00bf24cf400064cf400098cf4000ee
:10f56400cccf400000d0400030d0400064d04000f8
:08f57400acd04000dcd04000e7
:020000040000fa
:020000040041b9
:10f57c0080b588b000aff860b9607a60fb7000238a
:10f58c00fb617b68002b00f0c3801423fb821421e9
:10f59c00f86822f0e7fb0346002b0ad07a4bb3f84d
:10f5ac005c3001339ab2784ba3f85c206ff0010306
:10f5bc00e6e0fb685b68bb61bb69fa781a72bb69f1
:10f5cc0097f82c205a7297f82c20fb781b021343c7
:10f5dc001bb21b021ab297f82c10fb781b020b43c0
:10f5ec001b121bb2dbb21bb213431bb29bb21a46eb
:10f5fc00fb691344fb617b681a68bb691a61bb69c0
:10f60c001b699bb2fa691344fb61bb691b691b0c38
:10f61c00fa691344fb61fb8a9b089bb2dbb243f093
:10f62c004003dab2bb691a70bb6997f828205a708c
:10f63c0097f82820bb691b781b0213431bb21b02d3
:10f64c001ab297f82810bb691b781b020b431b12cc
:10f65c001bb2dbb21bb213431bb29bb21a46fb6943
:10f66c001344fb61fb681b89184621f063f90346c0
:10f67c001a46bb695a80bb695b889bb21a46fb6908
:10f68c001344fb61bb6900229a710022da713f4b73
:10f69c001b88184621f04ef903461a46bb699a801e
:10f6ac00bb699b889bb21a46fb691344fb61374bc1
:10f6bc001b8801339ab2354b1a80bb68002b04d1de
:10f6cc00334b1a68bb69da6003e0bb681a68bb6924
:10f6dc00da60bb69db689bb2fa691344fb61bb69f6
:10f6ec00db681b0cfa691344fb61fb691a0cfb69a0
:10f6fc009bb21344fb61fb691b0cfa691344fb615d
:10f70c00fb69db43fb61fb699ab2bb695a8117e069
:10f71c00fb685b89132b0ad81b4bb3f85c300133a5
:10f72c009ab2194ba3f85c206ff0010328e0fb6838
:10f73c005b68bb61bb691b693b6107f110037b60b4
:10f74c00114bb3f8483001339ab20f4ba3f8482051
:10f75c003b6b1b8c002b0cd0fb681a893b6b1b8cf6
:10f76c009a4206d97a68396bf868fdf7d1fb0346e3
:10f77c0006e03b6b1b697a68f968386b984703465f
:10f78c0018462037bd4680bd3c5b45201e6a45208f
:04f79c0004c743005b
:020000040000fa
:020000040041b9
:10f7a00090b58bb002af78600b467b800023bb61c5
:10f7b00000237b6100233b617b68db6e7b617b699f
:10f7c000002b02d14ff0ff33f6e07b88002b02d1f3
:10f7d0006ff00503f0e07b691b897a889a4201d3b8
:10f7e0000023e9e07b699b7afb73fb7b9b00dbb228
:10f7f00003f00403bb737b691a897b88d31abb812e
:10f80000bb7b9ab2bb8913449bb24ff4207219465a
:10f81000362006f0fef938613b69002b00f0b78016
:10f820007b695b681a897b691b89d31a9ab27b88ca
:10f8300013447b817b6958683b695a68bb7bd1184c
:10f840007b89ba8912f026fc03461a46bb8993428b
:10f8500040f09f807b69db689b899bb2184621f052
:10f860006ff80346dbb203f03f03fb770023bb775f
:10f87000fb7f03f00803002b07d0fb7f23f0080376
:10f88000fb77bb7f43f00803bb77fb7f03f00103eb
:10f89000002b07d0fb7f23f00103fb77bb7f43f0f6
:10f8a0000103bb777b69db685b68184620f055f97c
:10f8b00002467b88d118ba7ffb7b00930b463969df
:10f8c00078680df07ffab861bb69002b63d07b6963
:10f8d0005b68184620f0c2fd03461a467b68b3f801
:10f8e00066309b1a9ab27b68a3f866207b695868d9
:10f8f0007b695b681a89bb89d31a9bb2194611f0e0
:10f900005dfb7b691a89bb89d31a9ab27b691a811c
:10f910007b69db689b899cb2fb7f9bb2184621f018
:10f920000ff803461a467b69db68224392b29a813c
:10f930007b695b68184620f091fd03461a467b6898
:10f94000b3f8663013449ab27b68a3f86620bb69ab
:10f950005b68184620f082fd03461a467b68b3f8c0
:10f96000663013449ab27b68a3f866207b691a68f4
:10f97000bb691a607b69ba691a60bb691b68002b96
:10f9800003d17b680022a3f86820002314e000bfa5
:10f9900002e000bf00e000bf094bb3f89c30013328
:10f9a0009ab2074ba3f89c203b69002b02d0386920
:10f9b00013f071f94ff0ff3318462437bd4690bd60
:04f9c0003c5b452047
:020000040000fa
:020000040041b9
:10f9c400b0b58cb000aff860b9607a603b603b685a
:10f9d400002b01d10123fce0bb689b7803f0c0033a
:10f9e400802b13d0bb68b3f809309bb21a463b682e
:10f9f40093420bd9fb681b69002b02d0fb681b697f
:10fa040000e0764bfa6813610023e2e0bb689b7860
:10fa140003f00f03042b00f38e80bb681b889bb29a
:10fa24001a460221f8681cf0c1f9034683f0010369
:10fa3400dbb2002b01d00023cbe0bb689b7803f042
:10fa44000f03032b03d13b689b007b6235e0bb684b
:10fa54009b7803f00f03042b03d13b68db007b622c
:10fa64002be007f1100300221a605a609a60da60f2
:10fa74001a617b68bb620023fb6218e007f1100087
:10fa84003b6cba6ab9689847034683f00103dbb25a
:10fa9400002b01d000239ce0bb68b3f807309bb275
:10faa4001a46bb6a1344bb62fb6a0133fb62fa6aff
:10fab4003b689a42e2d3fb697b627b6a00221c4664
:10fac400154622462b46f86814f08ef8034683f058
:10fad4000103dbb2002b01d000237ae0fb681b6832
:10fae400002b06d17a6a0021f86816f033fa03462f
:10faf4006fe07b68bb620023fb6217e03b6cba6a71
:10fb0400b968f8689847034683f00103dbb2002b19
:10fb140001d000235de0bb68b3f807309bb21a46fe
:10fb2400bb6a1344bb62fb6a0133fb62fa6a3b683b
:10fb34009a42e3d34ce07b68bb620023fb6243e060
:10fb4400b968f86815f0cafb034683f00103dbb219
:10fb5400002b01d000233ce0bb689b7803f0c0037a
:10fb6400802b19d1bb689b7803f00f03062b05d0bb
:10fb7400bb689b7803f00f03052b0dd1bb6a1a6891
:10fb84003b6cb968f8689847034683f00103dbb21d
:10fb9400002b0ed000231ce03b6cba6ab968f868ed
:10fba4009847034683f00103dbb2002b01d0002306
:10fbb4000fe0bb68b3f807309bb21a46bb6a134424
:10fbc400bb62fb6a0133fb62fa6a3b689a42b7d3b1
:10fbd400012318463037bd46b0bd00bfd0094300ed
:020000040000fa
:020000040041b9
:10fbe40080b58cb002aff860b9607a60fb682233ec
:10fbf4007b61ff2387f8273000233b62bb681b68c7
:10fc0400f968184617f084fb0346002b0cd1bb6837
:10fc14001b6803f0f003e02b06d0bb68002b03d075
:10fc2400bb681b68002b02d16ff00f03dde0fa689c
:10fc34000121b86800f006fc03467b82b7f9123054
:10fc4400002b0bda7b68002b05d06a4b9b8c0133ad
:10fc54009ab2684b9a847b8a5bb2c6e07b8a7b74d7
:10fc64007a7c654913465b001344db000b44143370
:10fc74001b78002b15d101233b627a7c5e49134625
:10fc84005b001344db000b44143301221a707a7caa
:10fc9400594913465b001344db000b440833fa68ec
:10fca4001a607a7c544913465b001344db000b440e
:10fcb40014331b78012b3b6a002b02d17b68002b89
:10fcc4000cd1b968f86821f03dfb034687f827306a
:10fcd4007b68002b02d197f9273086e07a7c46496d
:10fce40013465b001344db000b4414331b78012bd5
:10fcf40017d9424a7b7c13707a7c13465b00134409
:10fd0400db0008333c4a134404334ff4006200928e
:10fd14007a697968f86817f02bfd034687f827306d
:10fd240061e07a7c344913465b001344db000b44e6
:10fd340014331b78012b56d10023bb617b68fb6114
:10fd440010e0fb695a89fb691b899a42fb691b7b9a
:10fd540003f04003002b02d00123bb6105e0fb69e3
:10fd64001b68fb61fb69002bebd1bb69002b07d03f
:10fd74007a684ff420710e201ef03afdf86104e019
:10fd84007b68fb61f86920f07efbfb69002b21d0c6
:10fd94007a7c194913465b001344db000b441b684f
:10fda400002b0ad07a7c144913465b001344db0011
:10fdb4000b441b68184612f06cff7a7c0e491346fc
:10fdc4005b001344db000b44fa691a60002387f8d4
:10fdd400273008e0074b9b8c01339ab2054b9a8479
:10fde400ff2387f8273097f9273018462837bd4670
:10fdf40080bd00bf3c5b4520345c4520b36045209a
:020000040000fa
:020000040041b9
:10fe040080b584b000af03460a46fb711346bb714c
:10fe14000023bb810023fb81fb79072b00f2f480d4
:10fe240001a252f823f000bf4dfe410085fe4100bf
:10fe3400bdfe4100f5fe41002dff410065ff41007c
:10fe44009dff4100d5ff410022f004f80346bb8129
:10fe5400bb79642b02d10123fb810ce0bb79c3f194
:10fe64006403ba8902fb03f36a4a82fb0312521148
:10fe7400db17d31afb81fb89184621f0c1f9c4e0d2
:10fe840022f0a6f90346bb81bb79642b02d101237e
:10fe9400fb810ce0bb79c3f16403ba8902fb03f371
:10fea4005c4a82fb03125211db17d31afb81fb89d4
:10feb400184621f085fca8e022f08af90346bb81ac
:10fec400bb79642b02d10123fb810ce0bb79c3f124
:10fed4006403ba8902fb03f34e4a82fb03125211f4
:10fee400db17d31afb81fb89184621f079fc8ce0df
:10fef40021f0b0ff0346bb81bb79642b02d10123ff
:10ff0400fb810ce0bb79c3f16403ba8902fb03f300
:10ff1400404a82fb03125211db17d31afb81fb897f
:10ff2400184621f05bf970e022f09af90346bb8190
:10ff3400bb79642b02d10123fb810ce0bb79c3f1b3
:10ff44006403ba8902fb03f3324a82fb031252119f
:10ff5400db17d31afb81fb89184621f081fc54e09e
:10ff640022f04ef90346bb81bb79642b02d10123f5
:10ff7400fb810ce0bb79c3f16403ba8902fb03f390
:10ff8400244a82fb03125211db17d31afb81fb892b
:10ff9400184621f035fc38e022f04af90346bb81cb
:10ffa400bb79642b02d10123fb810ce0bb79c3f143
:10ffb4006403ba8902fb03f3164a82fb031252114b
:10ffc400db17d31afb81fb89184621f029fc1ce0be
:10ffd40022f02ef90346bb81bb79642b02d10123a5
:10ffe400fb810ce0bb79c3f16403ba8902fb03f320
:10fff400084a82fb03125211db17d31afb81fb89d7
:020000040042b8
:10000400184621f01dfc00e000bf00bf1037bd46bc
:0800140080bd00bf1f85eb5108
:020000040000fa
:020000040042b8
:10001c0080b586b000af3b600346fb710b46bb71ed
:10002c0013467b717a4bdb693a6a13433b62fb796b
:10003c0003f00303dab2fb7b62f38713fb73744b9d
:10004c001b7803f01f03dab2fb8962f30813fb8100
:10005c00bb7903f01f03dab2fb7b62f34503fb733e
:10006c007b7903f03f03dab27b7b62f305037b738e
:10007c0000233b73fb7903f00303dab2fb7a62f3e0
:10008c008713fb72bb7903f01f03dab27b8962f32f
:10009c0008137b815e4b1b7803f01f03dab2fb7aeb
:1000ac0062f34503fb727b7903f03f03dab2bb6862
:1000bc0062f39333bb6000233b723b6a03f0800313
:1000cc00002b03d03b6a23f040033b623b6a03f0f6
:1000dc000103002b09d03b7b43f00203dbb23b73e3
:1000ec003b7a43f00203dbb23b723b6a03f004033e
:1000fc00002b09d0474b1b78002b03d0464900201e
:10010c000ff012f800237fe03b6a03f01003002b82
:10011c0009d0404b1b78002b03d0404900200ff036
:10012c0003f8002370e03b6a03f04003002b09d076
:10013c003b7a43f00103dbb23b723b7b43f00103a0
:10014c00dbb23b7300237b614ff0ff3134481cf072
:10015c009dfc0346012b01d0002355e0314b1b784d
:10016c00fb742ae02f4b1b783f2b05d9284bdb7ceb
:10017c000133dab22b4b1a702a4b1b7803f03f0376
:10018c00dab27b7a62f305037b72264b1b7803f0a1
:10019c003f03dab2fb6862f39333fb60fb684ff406
:1001ac007c21184618f0faf80346002b05d1b968e3
:1001bc00f8681ef077fc78610ae01a4b1b78013363
:1001cc00dab2184b1a70174b1b78fa7c9a42c9d1c9
:1001dc0013481df06bfd7b69002b01d1002313e04c
:1001ec007b693a6a9a613b7a03f00203002b0ad0ce
:1001fc00786902f05ffc0346002b04d0786921f08b
:10020c008aff002300e07b6918461837bd4680bd85
:10021c009c684520b0744520f0e441004ce5410059
:08022c00f06b4520ab5f45209b
:020000040000fa
:020000040042b8
:1002340080b588b000af0023fb610023bb6119f0d7
:100244006ffb00233b61764b1b68002b0cd14ff0f6
:10025400800372b683f31188bff36f8fbff34f8fa0
:1002640062b63b6000bffee76d4b1b68013b6c4a06
:1002740013606b4b1b68002b40f0ca80694b1b68f2
:10028400002b00f0c5808ee0674bdb68db68fb6108
:10029400fb699b6afb60fb69db69fa69126a9a6015
:1002a400fb691b6afa69d2695a60fb685a68fb6980
:1002b40018339a4203d1fb691a6afb685a60fb69d6
:1002c40000229a62fb681b685a1efb681a60fb696d
:1002d4005b69bb60fb699b68fa69d2689a60fb69d9
:1002e400db68fa6992685a60bb685a68fb69043330
:1002f4009a4203d1fb69da68bb685a60fb69002241
:100304005a61bb681b685a1ebb681a60fb69db6aca
:1003140001229a40454b1b681343444a1360fb690e
:10032400da6a434913469b0013449b000b4404338d
:100334001b687b60fb697a689a607b689a68fb69d2
:10034400da607b689b68fa6904325a60fb691a1d9b
:100354007b689a60fb69da6a13469b0013449b002e
:10036400334a1a44fb695a61fb69da6a3049134615
:100374009b0013449b000b441b68fa69d26a591c06
:100384002b4813469b0013449b0003441960fb69ec
:10039400da6a284b1b68db6a9a4204d9264a3b690d
:1003a400012142f82310204b1b68002b7ff46caf13
:1003b400fb69002b01d01ff011f8204b1b687b61f7
:1003c4007b69002b12d0fef791fd0346002b04d06d
:1003d400194a3b69012142f823107b69013b7b6187
:1003e4007b69002befd1154b00221a60124a3b693e
:1003f40052f82330002b0bd00123bb610d4b1b683b
:100404000f4b4ff080521a60bff34f8fbff36f8fc3
:100414001af07cffbb6918462037bd4680bd00bf7b
:10042400ac6b4520846b4520706945208c6b45205e
:10043400a0614520746b4520986b4520946b452042
:0404440004ed00e0e3
:020000040000fa
:020000040042b8
:1004480080b58ab000aff8600b467a60fb720a2369
:10045800fb840a23bb840a237b8400233b840a236e
:10046800fb830023bb8300237b8300233b83002380
:100478003b8493e0b7f92020754913465b00134489
:10048800db000b4414331b78fb75b7f922300a2bb9
:1004980005d1fb7d002b02d13b8c7b847ae0fb7d70
:1004a800002b77d0fb68002b10d0fb681968b7f9d0
:1004b8002020674813465b001344db0003440433e1
:1004c8001b68994202d1b7f92030bde0fb7d012bb2
:1004d80040d1b7f920205e4913465b001344db0086
:1004e8000b441b68002b1ad0b7f920205849134633
:1004f8005b001344db000b4412331b88ba8b9a420f
:1005080048d83b8cfb83b7f92020514913465b0040
:100518001344db000b4412331b88bb833ae0b7f962
:1005280020204b4913465b001344db000b44123375
:100538001b887a8b9a422dd83b8cfb84b7f92020f4
:10054800434913465b001344db000b4412331b88fa
:100558007b831fe0fb7d012b1cd9fb7d042b19d865
:10056800b7f920203a4913465b001344db000b44db
:1005780012331b883a8b9a420cd83b8cbb84b7f950
:100588002020334913465b001344db000b4412332d
:100598001b883b833b8c01339bb23b84b7f92030eb
:1005a800092b7ff767affb7a03f00203002b08d112
:1005b800b7f922300a2b07d1fb7a03f00103002b8d
:1005c80002d14ff0ff333fe0b7f92230092b02dcac
:1005d8007b8c3b841ce0b7f92430092b02dcbb8cf4
:1005e8003b8410e0b7f92630092b02dcfb8c3b84f6
:1005f80009e0b7f91e30092b02dcfb8b3b8402e0d3
:100608004ff0ff3320e0b7f92030184619f0bcfb53
:10061800fb68002b0bd0b7f92020fb6819680c4841
:1006280013465b001344db00034404331960b7f935
:100638002020074913465b001344db000b441233a8
:1006480000221a80b7f9203018462837bd4680bde9
:04065800345c4520a9
:020000040000fa
:020000040042b8
:10065c0080b58eb000aff860b9607a603b60002363
:10066c007b63fb683b633b6b002b0cd14ff080032f
:10067c0072b683f31188bff36f8fbff34f8f62b6df
:10068c00bb6200bffee7bb68002b03d13b6b1b6c4e
:10069c00002b01d1012300e00023002b0cd14ff0e3
:1006ac00800372b683f31188bff36f8fbff34f8f44
:1006bc0062b67b6200bffee73b68022b03d13b6b4b
:1006cc00db6b012b01d1012300e00023002b0cd1ab
:1006dc004ff0800372b683f31188bff36f8fbff3b3
:1006ec004f8f62b63b6200bffee71ef065fb034610
:1006fc00002b02d17b68002b01d1012300e00023e9
:10070c00002b0cd14ff0800372b683f31188bff32a
:10071c006f8fbff34f8f62b6fb6100bffee719f01e
:10072c00fbf83b6b9a6b3b6bdb6b9a4202d33b68df
:10073c00022b29d13a68b968386b0ef021fcf862ab
:10074c003b6b5b6a002b10d03b6b2433184602f0da
:10075c004dfc0346002b13d03f4b4ff080521a60d8
:10076c00bff34f8fbff36f8f0ae0fb6a002b07d0ec
:10077c00394b4ff080521a60bff34f8fbff36f8f1e
:10078c001af0c0fd012363e07b68002b03d11af043
:10079c00b9fd00235ce07b6b002b06d107f1140341
:1007ac00184620f043f801237b631af0abfd21f0cf
:1007bc00a1fb19f0b1f83b6b93f844305bb2b3f189
:1007cc00ff3f03d13b6b002283f844203b6b93f833
:1007dc0045305bb2b3f1ff3f03d13b6b002283f892
:1007ec0045201af08ffd3a1d07f1140311461846e7
:1007fc000ef030fc0346002b24d1386b1ff0c4fce8
:10080c000346002b18d03b6b10337a681146184600
:10081c001cf0f0f8386b13f09bf8fff705fd03465e
:10082c00002b7ff47caf0c4b4ff080521a60bff35f
:10083c004f8fbff36f8f72e7386b13f089f8fff7a8
:10084c00f3fc6ce7386b13f083f8fff7edfc002337
:0c085c0018463837bd4680bd04ed00e0b2
:020000040000fa
:020000040042b8
:1008680080b58cb000af786039600023fb627b688c
:100878007b620023bb627b6a002b0cd14ff08003a4
:1008880072b683f31188bff36f8fbff34f8f62b6d1
:10089800bb6100bffee77b6a1b6c002b0cd04ff0de
:1008a800800372b683f31188bff36f8fbff34f8f46
:1008b80062b67b6100bffee71ef080fa0346002b9c
:1008c80002d13b68002b01d1012300e00023002b5b
:1008d8000cd14ff0800372b683f31188bff36f8f8a
:1008e800bff34f8f62b63b6100bffee719f016f801
:1008f8007b6a9b6b3b623b6a002b24d03b6a5a1e87
:100908007b6a9a637b6a1b68002b04d11ff06efc1c
:1009180002467b6a9a607b6a1b69002b0fd07b6a50
:100928001033184602f064fb0346002b07d04d4bea
:100938004ff080521a60bff34f8fbff36f8f1af0da
:10094800e3fc012389e03b68002b03d11af0dcfcaf
:10095800002382e0fb6a002b06d107f10803184642
:100968001ff066ff0123fb621af0cefc21f0c4fae7
:1009780018f0d4ff7b6a93f844305bb2b3f1ff3fc1
:1009880003d17b6a002283f844207b6a93f84530c0
:100998005bb2b3f1ff3f03d17b6a002283f84520a5
:1009a8001af0b2fc3a4607f10803114618460ef051
:1009b80053fb0346002b32d1786a1ff023ff03460e
:1009c800002b26d07b6a1b68002b09d118f0a6ffe4
:1009d8007b6a9b68184607f091fab8621af094fc93
:1009e8007b6a24333a68114618461cf005f8786a81
:1009f80012f0b0fffff71afc0346002b7ff476af26
:100a0800184b4ff080521a60bff34f8fbff36f8fb0
:100a18006ce7786a12f09efffff708fc66e7786ad1
:100a280012f098fffff702fc786a1ff0ebfe03460e
:100a3800002b3ff45bafbb6a002b0dd018f06effa4
:100a4800786a1ff08bfbf8617b6a9b68f969184626
:100a580004f0a4fe1af058fc002318463037bd46af
:080a680080bd00bf04ed00e0b9
:020000040000fa
:020000040042b8
:100a700090b593b002af03463960fb7121f092f854
:100a80000346002b01d00123d9e03b68002b0ad19b
:100a90006d4b3b623b6a1b6803f00103002b00d0e7
:100aa00000be0023cbe03f220021684822f006f878
:100ab000674b00221a70674bbb6100bf664bfb613e
:100ac000f96901201ef0befd0346644a1360634bc2
:100ad0001b68002b0ad15c4b7b627b6a1b6803f0ae
:100ae0000103002b00d000be0023a8e05c4b7b611b
:100af0007b691b8818467b695b881c467b695a6842
:100b00007b690c330021009121460ff0b1fa386166
:100b10007b699b681946386913f0aaf93b69514a09
:100b20001360504b1b68002b0ad1474bbb62bb6a5a
:100b30001b6803f00103002b00d000be00237ee001
:100b4000494821f04dfa0346484a1360464b1b784a
:100b5000ff2b0ad13c4bfb62fb6a1b6803f00103cd
:100b6000002b00d000be002369e0002387f83f304f
:100b70003fe097f83f30fb730023bb603a4b1b7894
:100b8000fa7b9a4209d2394b1968fa7b1346db008b
:100b900013449b000b44bb600fe0334b1b78fa7b84
:100ba000d31afb73fb7b002b07d1fa7b1346db00c8
:100bb00013449b002e4a1344bb60bb687b637b6b72
:100bc000002b03d07b6b5b68002b0ad11e4b3b6371
:100bd0003b6b1b6803f00103002b00d000be002319
:100be0002de07b6b5b68984797f83f30013387f8bf
:100bf0003f301d4b1b780133dbb297f83f209a4200
:100c0000b7d31c4afb791370fb793968184621f079
:100c1000cdf8034683f00103dbb2002b0ad00a4b68
:100c2000bb63bb6b1b6803f00103002b00d000be4d
:100c3000002304e0fb79184621f0c4fc0123184688
:100c40004437bd4690bd00bff0ed00e08c66452006
:100c50007f6a4520a06c452028654520a86c45206a
:100c600084714520a46c45208a6a45209c6c4520ef
:080c700068144400cb6c452020
:020000040000fa
:020000040042b8
:100c780080b5adf59f6d02af07f59e63a3f2ec4317
:100c880018600023c7f8e4340023c7f8e03407f5f8
:100c98009c6207f2e44107f59e63a3f2ec4041f23f
:100ca8008833006820f064f80346002b03d06548b9
:100cb80015f05efec1e007f58663b02200211846f4
:100cc80021f0f8fed7f8e434d7f8e024114607f508
:100cd800866218461af072fe0346a7f8ee34d7f873
:100ce800e434184621f0edfcb7f9ee34002b03d0bc
:100cf800554815f03dfea0e0b7f834340a2b06d06d
:100d0800b7f834341946514815f032fe95e007f526
:100d18008663083319464e4815f02afe0023c7f8a3
:100d28002c3407f22c4207f5866303f108001346ba
:100d38004ff40072474916f05ffcd7f82c34194677
:100d4800454815f015fe07f59e63a3f59c63434ad5
:100d5800184611464ff483631a4621f053fcd7f81e
:100d6800302407f59e63a3f59c631a6007f59e631c
:100d7800a3f59c630a229a8007f110030833c7f889
:100d8800e834d7f8e8340022c3f80823d7f8e83461
:100d9800012283f80c23d7f8e83400221a80d7f808
:100da8002c34002b12d0d7f8e834012283f80d2315
:100db800d7f8e83403f20e33ff222649184622f00a
:100dc8006ff8d7f8e834002283f80d2407f59e63fe
:100dd800a3f2e44340f241421a6007f10c0207f122
:100de80010031f49184614f0c1fa0346002b03d01c
:100df8001c4815f0bdfd20e007f59e63a3f2e4430f
:100e08001a6807f59e63a3f2ec4041f28833009319
:100e1800e223134900681ff011f90346002b03d0a1
:100e2800114815f0a5fd08e007f59e63a3f2e44319
:100e38001b6819460d4815f09bfd07f59e67bd46d2
:100e480080bd00bf0459410020594100405941006c
:100e580064594100e44d452078594100e05941006a
:100e6800a035452090594100ac594100c85941006e
:020000040000fa
:020000040042b8
:100e780090b589b000af0346fb80fb88002b01d1f9
:100e88000023e2e0fb8803339bb223f00303bb8318
:100e9800bb8b0b2b01d80c23bb83bb8bb3f5c86f63
:100ea80003d8ba8bfb889a4201d20023cde0694867
:100eb80020f074fd684b1b68184620f077fa03464b
:100ec800fb83afe0fb8b184620f05efa78617b6904
:100ed8001b79002b40f09f807b691b881a46fb8b8f
:100ee800d31aa3f10802bb8b9a42c0f094807b69a5
:100ef8001b881a46fb8bd31aa3f10802bb8b143349
:100f08009a4241d3fa8bbb8b13449bb208337b8242
:100f18007b8a184620f038faf860fb6800221a71bc
:100f28007b691a88fb681a80fb68fa8b5a807b6990
:100f38007a8a1a807b6901221a71fb681b88b3f5cb
:100f4800c86f07d0fb681b88184620f01dfa0246b8
:100f58007b8a5380414bb3f8ac20bb8b13449bb2c4
:100f680008339ab23d4ba3f8ac203c4bb3f8ae2003
:100f78003a4bb3f8ac309a4227d2384bb3f8ac208e
:100f8800364ba3f8ae2020e07b6901221a71334b5f
:100f9800b3f8ac207b691b8813449cb2786920f0b5
:100fa80005fa0346e31a9ab22c4ba3f8ac202b4b54
:100fb800b3f8ae20294bb3f8ac309a4205d2274b90
:100fc800b3f8ac20254ba3f8ae20234b1b687a69f5
:100fd8009a421ad1204b1b68bb6105e0bb691b888c
:100fe800184620f0d1f9b861bb691b79002b04d0f1
:100ff8001b4b1b68ba699a42f0d1174abb69136048
:10100800154b1a68164b1b689a42124820f066ff67
:101018007b69083319e0fb8b184620f0b5f90346c5
:101028001b88fb83fa8bbb8bc3f5c8639a42fff41a
:1010380049af0a4bb3f8a83001339ab2074ba3f86b
:10104800a820044820f04aff002318462437bd464c
:1010580090bd00bf206c4520246c45203c5b45209a
:041068001c6c452097
:020000040000fa
:020000040042b8
:10106c0080b59cb002af03463960fb711346bb8060
:10107c00754b9b78002b0ad0744b7b647b6c1b6884
:10108c0003f00103002b00d000be0023d7e03b6827
:10109c009a786d4bda700923a7f866303b683b648d
:1010ac003b6cfb63fb6b1b781a46fb6b13443b6678
:1010bc0013e03b6e3b633b6b1b781a46b7f866300c
:1010cc001344a7f866303b6ebb63bb6b7b637b6bd7
:1010dc001b781a467b6b13443b663b6efb62fb6ac8
:1010ec0001331b78242b04d1b7f86620bb889a42b5
:1010fc00dfd93b6ebb62bb6a01331b78052b0ad070
:10110c00524bbb64bb6c1b6803f00103002b00d07b
:10111c0000be002393e0fb79396e184615f0d8fa1f
:10112c00034683f00103dbb2002b0ad0474bfb6470
:10113c00fb6c1b6803f00103002b00d000be0023e6
:10114c007de03b6e9a78404b9a703b6efb61fb697d
:10115c001b781a46b7f866301344a7f866303b6e16
:10116c007b627b6a3b623b6a1b781a463b6a134480
:10117c003b6624e03b6efb65fb6d5b790a2b0ad06a
:10118c00324bbb65bb6d1b6803f00103002b00d019
:10119c0000be002353e03b6e3b613b691b781a4653
:1011ac00b7f866301344a7f866303b6ebb61bb6979
:1011bc007b617b691b781a467b6913443b663b6eeb
:1011cc00fb60fb6801331b78042b04d1b7f8662055
:1011dc00bb889a42ced93b6ebb60bb6801331b788f
:1011ec00052b0ad0194b3b653b6d1b6803f00103c3
:1011fc00002b00d000be002321e0f879124b0193a4
:10120c00134b009302230222396e0ef069fa034647
:10121c0083f00103dbb2002b0ad00c4b7b657b6d9a
:10122c001b6803f00103002b00d000be002306e076
:10123c00b7f866300e33a7f86630b7f86630184644
:10124c006837bd4680bd00bf04674520f0ed00e067
:04125c0005674520bd
:020000040000fa
:020000040042b8
:1012600080b5dab002af07f5b073a3f5ae731860be
:101270006d4b1b78dbb283f00103dbb2002b40f037
:10128000ce8007f5b073a3f5ae731b68002b00f09a
:10129000c680664b1b68c7f84c3107f5b073a3f5e1
:1012a000ae731a68d7f84c319a4206d907f5b07375
:1012b000a3f5ae73d7f84c211a6007f5b073a3f508
:1012c000ae731b68002b04d159495a481ef01aff0f
:1012d000a6e007f5b073a3f5ae73d7f84c211b68f1
:1012e000d31ac7f84831544b1b68c7f83c31002368
:1012f000c7f85c3145e0d7f83c31ff2b04d94f49a2
:101300004c481ef0fffe8be0d7f83c31c7f858314f
:101310000023c7f8543115e007f19402d7f854318f
:1013200013444749d7f858210a4412781a70d7f85d
:1013300058310133dbb2c7f85831d7f85431013393
:10134000c7f85431d7f85431042be5d997f89830c1
:10135000002b03d097f89830802b04d939493548b1
:101360001ef0d0fe5ce097f898301a46d7f8583156
:101370001344dbb2c7f83c31d7f85c310133c7f80e
:101380005c31d7f85c21d7f848319a42b3d30023b7
:10139000c7f8503139e00023c7f8903007f19003c7
:1013a00007f10c0107f59e7081220bf0fdfe03464c
:1013b00087f8473197f84731002b1cd1d7f8902098
:1013c00007f19c0007f10c03009313461e4aa0216d
:1013d00020f0b4fec7f84001d7f84031002b0fddf4
:1013e000d7f840319f2b0bdc07f19c0319461148bd
:1013f0001ef088fe04e015490e481ef083fe0fe043
:10140000d7f850310133c7f8503107f5b073a3f561
:10141000ae73d7f850211b689a42bcd300e000bfde
:1014200007f5b077bd4680bd2f564520186b452087
:1014300058044300001a0e40146b4520a8044300d2
:101440003c5a4520d004430074044300f804430090
:020000040000fa
:020000040042b8
:1014500090b58bb004af78606e4b1b7803f004033b
:10146000002b40f0d0806b4b1b7803f01003002b57
:1014700019d0694b1968694b1b881a46684b1b6861
:10148000d018684b1b685b889bb2664a126812884a
:1014900092b202920193644b0093644b02467868c7
:1014a00018f06ff9b1e05b4b1b7803f00203002bdf
:1014b00000f0ab807b685b7d184605f011fa78611f
:1014c0007b69002b19d15a4bb3f89c3001339ab287
:1014d000574ba3f89c207b689b69002b0ad07b6844
:1014e0009b697a6810694ff0ff32002198470346e4
:1014f000bb738be0f023bb7388e04e4b5a697b696a
:101500001a604c4b1a697b695a607b68da8a7b697e
:10151000da82444b1b681b889ab27b691a837b6909
:1015200003221a753e4b1b685a1c7b695a627b6901
:101530005a6a7b69da6278691ef0ecfe38617b6971
:101540003a699a657b693a691a657b693a695a64ae
:101550007b693a69da65324b1b685a1e7b695a65aa
:101560007b681a697b691a617b697a68da677b68cc
:101570005b7a03f00c03dab27b695a727b681a7ae1
:101580007b691a722c4b1a687b69da602a4a7b697c
:1015900013601df04ff9294b01221a7078690ef083
:1015a0000bfb204b1b68db899ab27b69a3f8602098
:1015b0007b69b3f860207b69a3f862207b695c8e4d
:1015c0007b690433184617f07ffa01467b690433c0
:1015d0001a46204619f020ff03461a467b695a86b0
:1015e0001221786905f080fd0346fb7397f90f30ef
:1015f000002b04d00021786906f05af906e07869da
:10160000f7f790fe01e000bf00e000bf1c37bd46c9
:1016100090bd00bf736a4520806c4520666a4520f6
:101620007c6c4520746c4520406945204469452008
:101630003c5b4520306945206c6c45206f67452038
:020000040000fa
:020000040042b8
:101640002de9f04f87b08ded000bdde9003cdb1894
:101650004ceb0c0313f5001f80f0a580b4ee411b8a
:10166000f1ee10fa40f09f80b5ee401bf1ee10fa5b
:1016700000f09980b0eec00bb0eec11bb4eec10b10
:10168000f1ee10fa76d4b4ee410bf1ee10fa00f060
:10169000c08011ee90eacef30a5c11ee10aa40f27f
:1016a000ff73bcf1000f00f083809c4514bfacf2c7
:1016b000fe384ff00008b4eec10bf1ee10fa66db15
:1016c00040f2ff739c455bd0bcf1000f76d0cde9b2
:1016d0000267424621e00ef0004848f0ff4100203a
:1016e00041f4e00141ec170bb4eec70bf1ee10fa38
:1016f0000cd5013b6344bb4240f3838048f0ff4577
:10170000002445f4e00545ec174b00bf30ee470bd5
:10171000b4eec01bf1ee10fa39d810ee903ac3f3d4
:101720000a5340f2ff7723b1bb4214bfa3f2fe334a
:1017300000239b1a0ceb030940f2fe77b945cadc83
:10174000b9f1000f49dd2ef0ff4828f4e00848ea1f
:101750000956cdf808a003969ded027bb4eec07b40
:10176000f1ee10fad2dd013b6344bb4243dd0ef0e3
:101770000048c3e79ded000b07b0bde8f08f00bf48
:1017800030ee410bb4eec01bf1ee10faf8d99ded2e
:10179000007bb5eec07bf1ee10faedd5b1ee400b5b
:1017a00007b0bde8f08f9fed200b07b0bde8f08fcc
:1017b000b4eec10bf1ee10fae9db00bf30ee410be5
:1017c000b4eec01bf1ee10fae1d830ee410bb4eeee
:1017d000c01bf1ee10faf1d9d9e7002604960ef0fd
:1017e000004605969ded047bb4eec70bf1ee10fab2
:1017f0008cd5013b6344002b03dc00240ef0004534
:1018000081e72ef0ff4727f4e007544647ea0355e7
:1018100079e700220cf0004343ec102b07b0bde841
:10182000f08f00bfaff30080000000000000f87fe1
:020000040000fa
:020000040042b8
:101830005b52504152414d5d204745543a20696efc
:1018400076616c6964207461626c655f6964000034
:101850005b52504152414d5d204745543a206261f0
:101860006420636865636b73756d00005b52504163
:1018700052414d5d204745543a2041636365707481
:101880006564207265717565737400005b52504128
:1018900052414d5d204745543a206e6f2062756677
:1018a000666572005b52504152414d5d2047455480
:1018b0003a2073656e64206661696c65640000009f
:1018c0005b52504152414d5d204745543a2061647e
:1018d0006472206c69737420746f6f206c6f6e6714
:1018e000000000005b52504152414d5d2053455471
:1018f0003a20696e76616c6964207461626c655f20
:10190000696400005b52504152414d5d2053455483
:101910003a2062616420636865636b73756d0000d3
:101920005b52504152414d5d205345543a2064650d
:1019300073657269616c697a65206661696c65645a
:10194000000000005b52504152414d5d2053455410
:101950003a204163636570746564207265717565d2
:10196000737400005b52504152414d5d205441421e
:101970004c453a20696e76616c6964207461626cd2
:10198000650000005b52504152414d5d2054414280
:101990004c453a20416363657074656420726571db
:1019a00075657374000000005b52504152414d5dfb
:1019b000205441424c453a207366705f73656e64f3
:1019c000206661696c6564005b52504152414d5d17
:1019d0002073657276657220696e697469616c69dd
:1019e0007a6564005b52504152414d5d20706163e5
:1019f0006b657420746f6f20736d616c6c000000f8
:101a00005b52504152414d5d20756e6b6e6f776e2b
:081a100020616374696f6e0030
:020000040000fa
:020000040042b8
:101a180080b5ecb002af07f5d473a3f5ce731860a8
:101a280007f5d473a3f5d073196007f5d473a3f53c
:101a3800d2731a6007f5d473a3f5d073012118681f
:101a48001df0c6fdc7f89c01d7f89c31002b10d1ba
:101a580007f5d473a3f5ce736049186812f092fbaa
:101a680007f5d473a3f5ce735d49186812f08afba5
:101a7800b0e000220021d7f89c0121f043f8c7f814
:101a880098010023a7f8a6310223a7f8a43127e07c
:101a9800b7f8a42107f5d473a3f5d07311461868d5
:101aa8001df096fdc7f89401d7f89431002b21d08a
:101ab80000220021d7f8940121f024f80146b7f854
:101ac800a6315a1ca7f8a6211a46c9b207f5d4733d
:101ad800a3f5cc739954b7f8a4310133a7f8a4310e
:101ae800b7f8a431b3f5817f05d2b7f8a631ff2b3b
:101af800ced900e000bfb7f8a631002b08d107f512
:101b0800d473a3f5ce733749186812f03bfb61e034
:101b180020f058ffc7f89001d7f890311b78002bb8
:101b28000cd1b7f8a62107f110031946d7f8980188
:101b38000ef036fa034687f8a33116e0b7f8a62167
:101b480007f110031946d7f898010ff041fe034634
:101b580087f8a33197f8a331002b06d14ff47a7098
:101b680019f0a6fb034687f8a33197f8a331002b99
:101b780016d1b7f8a62107f58870d7f898310093e1
:101b88001346194a802120f0d5fa07f5887207f51f
:101b9800d473a3f5ce731146186812f0f3fa11e066
:101ba80097f8a33107f58870104a802120f0c2fa0f
:101bb80007f5887207f5d473a3f5ce731146186834
:101bc80012f0e0fa07f5d473a3f5ce730849186844
:101bd80012f0d8fa07f5d477bd4680bd24d440006a
:101be80050d440007cd4400094d44000bcd4400081
:041bf800dcd04000fd
:020000040000fa
:020000040042b8
:101bfc0080b58ab002aff860b9607a6007f117035c
:101c0c00fb61bb689b7803f00f036f4a52f82330db
:101c1c00bb61bb68b3f905301bb2002b08d0bb68a5
:101c2c00b3f905301bb21a467b681344fb6119e00b
:101c3c00bb689b7803f03003102b11d17968b8681e
:101c4c0002f056f90346002b14bf01230023dbb22c
:101c5c0083f00103dbb203f00103dbb2fb7501e09f
:101c6c000123fb75bb689b7803f0c003802b09d163
:101c7c007b681b687b607b68002b14bf01230023ef
:101c8c00dbb2fb75bb689b7803f03003302b63d061
:101c9c00302b00f38180202b4bd0202b7cdc002bb5
:101cac0002d0102b28d077e07b68002b0bd1fb687f
:101cbc001b69002b02d0fb681b6900e0434bfa68e0
:101ccc00136100237ce0b968f86813f003fb03464a
:101cdc0083f00103dbb2002b01d0002370e0bb6961
:101cec007a68b968f8689847034683f00103dbb259
:101cfc00002b5dd0002363e0fb691b78002b59d0cf
:101d0c00b968f86813f0e6fa034683f00103dbb216
:101d1c00002b01d0002353e0bb697a68b968f868de
:101d2c009847034683f00103dbb2002b42d000231b
:101d3c0046e0fb691b881a46bb69009313467a6818
:101d4c00b968f868fdf738fe034683f00103dbb28f
:101d5c00002b31d0002333e0fb691a88bb681b8849
:101d6c009bb29a422ad1b968f86813f0b3fa0346c9
:101d7c0083f00103dbb2002b01d0002320e0bb6910
:101d8c007a68b968f8689847034683f00103dbb2b8
:101d9c00002b13d0002313e0fb681b69002b02d02f
:101dac00fb681b6900e00a4bfa681361002307e02b
:101dbc0000bf04e000bf02e000bf00e000bf012351
:101dcc0018462037bd4680bd280d4400e809430065
:041ddc00000a4300b6
:020000040000fa
:020000040042b8
:101de00080b588b000af78600b467b807b8803337a
:101df0009bb223f00303fb83fb8b0b2b01d80c233b
:101e0000fb83fb8bb3f5c86f03d8fa8b7b889a42b0
:101e100001d20023c8e0664b1b687a689a42644b83
:101e20001b687a689a4204d3624b1b687a689a42ac
:101e30000fd320f0a7ffb8605f4bb3f8b030013389
:101e40009ab25d4ba3f8b020b86820f0c9fd7b685a
:101e5000aae07b68083bbb61b8691ff0abfa034698
:101e6000fb82bb691a88fb8ad31a9bb2083bbb82f0
:101e7000fa8bbb8a9a4201d9002395e0fa8bbb8a80
:101e80009a4201d17b688fe04c481ff08bfdbb6903
:101e90001b8818461ff07cfa38613b691b79002bc0
:101ea0003fd13b691b88bb81fa8afb8b13449bb2f1
:101eb0000833fb81424b1b683a699a4206d1fb8981
:101ec00018461ff065fa03463d4a1360fb89184621
:101ed0001ff05efa38613b6900221a713b69ba89ca
:101ee0001a803b69fa8a5a80bb69fa891a803b6971
:101ef0001b88b3f5c86f07d03b691b8818461ff0d5
:101f000047fa0246fb8953802b4bb3f8ac20f98b80
:101f1000bb8acb1a9bb213449ab2274ba3f8ac20ce
:101f20003ee0fb8b03f11402bb8a9a4238d8fa8a4e
:101f3000fb8b13449bb20833fb81fb8918461ff0cf
:101f400027fa38611e4b1b683a699a4202d21c4a32
:101f50003b6913603b6900221a71bb691a883b69af
:101f60001a803b69fa8a5a80bb69fa891a803b69f0
:101f70001b88b3f5c86f07d03b691b8818461ff054
:101f800007fa0246fb8953800b4bb3f8ac20f98b60
:101f9000bb8acb1a9bb213449ab2074ba3f8ac206e
:101fa00006481ff09fff7b6818462037bd4680bd5e
:101fb000186c45201c6c45203c5b4520206c45205e
:041fc000246c452028
:020000040000fa
:020000040042b8
:101fc40080b592b000af3a601a460346fb710b46e7
:101fd400bb711346bb80bb7987f8363097f836302f
:101fe40003f00f03dbb287f84330bb7987f837304f
:101ff40097f83730db09dbb287f8423097f8433083
:102004001b01654a1344fb63fb6b3a681a60fb6b64
:10201400ba889a80fb6b0022da80fb6b0022da60bc
:1020240097f84330002b00f09f8097f84330062b3d
:1020340000f29a80bb88002b00f096803b68bb615d
:1020440004237b617b695a42bb6913401a46bb88ef
:102054001f333a63fb62514b5b6903f48033002bfb
:1020640025d03b6bbb62fb6a7b627b6a002b24dd61
:10207400bb6a03f01f027b6a13443b62bb6afb61c9
:10208400bff34f8f00bf454afb69c2f87032fb694a
:102094002033fb613b6a203b3b623b6a002bf2dc52
:1020a400bff34f8f00bfbff36f8f00bf05e0bff3d7
:1020b4004f8f00bfbff36f8f00e000bf00bfbb882e
:1020c4001b047b6497f84230002b04d17b6c43f0f3
:1020d40014037b6403e07b6c43f008037b643049a6
:1020e40097f84330013b3a6831331b010b44043306
:1020f4001a607b6c43f021037b64eff310833b6134
:102104003b69bb6372b600bf254a97f84330013b75
:102114001b01134403f547731b6803f01003002be2
:102124001ad11f4a97f84330013b1b01134403f5ae
:1021340046737a6c1a6097f84330013b184a4ff0a3
:10214400007101fa03f39361bb6bfb60fb6883f3db
:10215400108800bf01231ae0bb6bbb60bb6883f32c
:10216400108800bf002312e097f84230002b07d1fb
:102174000b4a97f843307c33022142f8231005e0e0
:1021840097f843301946f86b0ef050fb01231846bc
:102194004837bd4680bd00bf885e452000ed00e0a5
:0421a4000080034074
:020000040000fa
:020000040042b8
:1021a80080b5eab000af07f5d473a3f5ce73186015
:1021b80007f5d473a3f5d073196007f5d473a3f5a5
:1021c800d2731a6007f5d473a3f5d0730121186888
:1021d8001df0fef9c7f8a00107f5d473a3f5d07375
:1021e800022118681df0f4f9c7f89c01d7f8a0314e
:1021f800002b03d0d7f89c31002b10d107f5d473ee
:10220800a3f5ce735649186811f0bcff07f5d473cf
:10221800a3f5ce735349186811f0b4ff9be0002270
:102228000021d7f8a00120f06dfcc7f89801002222
:102238000021d7f89c0120f065fc0346a7f89631e9
:10224800b7f89631002b04d0b7f89631b3f5807ff4
:1022580008d907f5d473a3f5ce734349186811f06c
:1022680091ff78e020f0aefbc7f89001d7f89031e5
:102278001b78002b0cd1b7f8962107f110031946eb
:10228800d7f8980110f036fa034687f8a73116e018
:10229800b7f8962107f110031946d7f8980112f0fc
:1022a80095fc034687f8a73197f8a731002b06d18c
:1022b8004ff47a7018f0fcff034687f8a73197f8b7
:1022c800a731002b2dd1b7f89631013b07f5d47211
:1022d800a2f5cc720021d15407f58870d7f898314f
:1022e800224a80211ff026ff07f5887207f5d4736c
:1022f800a3f5ce731146186811f044ff07f11003d7
:1023080007f588701a4a80211ff014ff07f58872b4
:1023180007f5d473a3f5ce731146186811f032ff90
:1023280011e097f8a73107f58870124a80211ff04d
:1023380001ff07f5887207f5d473a3f5ce7311462c
:10234800186811f01fff07f5d473a3f5ce730a4977
:10235800186811f017ff07f5d477bd4680bd00bf98
:1023680028d640004cd6400068d6400088d64000a9
:0c2378001cd6400068d54000dcd04000be
:020000040000fa
:020000040042b8
:10238400f0b58fb008aff860b9607a603b60bb68a5
:10239400002b09d1694b1b78002b00f0c5806849dc
:1023a40000200cf0c5febfe07b68002b0fd1634b0f
:1023b4001b78002b00f0ba80fb89c3f30413dbb253
:1023c4001a46fb685f4900200cf0b2feaee07b6861
:1023d4001b687b61594b1b79002b37d0fb7bc3f304
:1023e4004403dbb29c46fb89c3f30413dbb29e4671
:1023f400fb68c3f38533dbb219467b7bc3f3050368
:10240400dbb21846fb7bc3f38113dbb21c463b7b78
:102414001d46bb685b891e467b691b687a68127916
:10242400ff2a02d07a68127903e0fa89c2f304120f
:10243400d2b20692059304960395029401900091fa
:1024440073466246404904200cf072fefa68bb6889
:10245400da60fb7bc3f34403dbb21a463b4b1b78c5
:102464009a4230d13b7b03f00803002b08d0334b56
:102474005b78002b49d0364901200cf059fe44e02a
:102484003b7b03f00103002b0fd00021b86814f04c
:1024940013f80346002b08d0284b5b78002b36d06a
:1024a4002c4901200cf044fe31e03b7b03f0040393
:1024b400002b08d0214b5b78002b2ad02649012021
:1024c4000cf036fe25e0bb685b897b827b691b8a46
:1024d4003b823b8a002b03d07a8a3b8a9a421ad8e1
:1024e4007b69db68b968786898470346002b14d188
:1024f4007b695b695a1c7b695a617b691a6b7b8aad
:102504001a447b691a63002313e000bf06e000bf8e
:1025140004e000bf02e000bf00e000bf7b69db69ac
:102524005a1c7b69da6102e000bf00e000bf6ff073
:10253400090318461c37bd46f0bd00bfb0744520e2
:10254400549e41007c9e41009c9e41009c68452015
:0c255400e09e4100409f4100589f410064
:020000040000fa
:020000040042b8
:1025600080b58cb000aff860b9607a600023fb6280
:10257000fb68bb62bb6a002b0cd14ff0800372b6c4
:1025800083f31188bff36f8fbff34f8f62b63b6247
:1025900000bffee7bb68002b03d1bb6a1b6c002b9e
:1025a00001d1012300e00023002b0cd14ff0800368
:1025b00072b683f31188bff36f8fbff34f8f62b68c
:1025c000fb6100bffee71cf0fdfb0346002b02d1c0
:1025d0007b68002b01d1012300e00023002b0cd1ec
:1025e0004ff0800372b683f31188bff36f8fbff390
:1025f0004f8f62b6bb6100bffee717f093f9bb6a6d
:102600009b6b7b627b6a002b1fd0b968b86a1af09b
:10261000d1f97b6a5a1ebb6a9a63bb6a1b69002b9d
:102620000fd0bb6a1033184600f0e6fc0346002bbf
:1026300007d03d4b4ff080521a60bff34f8fbff36e
:102640006f8f18f065fe012369e07b68002b03d1d2
:1026500018f05efe002362e0fb6a002b06d107f152
:10266000100318461ef0e8f80123fb6218f050fe34
:102670001ff046fc17f056f9bb6a93f844305bb282
:10268000b3f1ff3f03d1bb6a002283f84420bb6a49
:1026900093f845305bb2b3f1ff3f03d1bb6a002230
:1026a00083f8452018f034fe3a1d07f11003114657
:1026b00018460cf0d5fc0346002b23d1b86a1ef057
:1026c000a5f80346002b17d0bb6a24337a6811465d
:1026d00018461af095f9b86a11f040f9fdf7aafd0d
:1026e0000346002b89d1104b4ff080521a60bff384
:1026f0004f8fbff36f8f80e7b86a11f02ff9fdf7a6
:1027000099fd7ae7b86a11f029f9fdf793fdb86ae7
:102710001ef07cf80346002b3ff46faf00231846f1
:0c2720003037bd4680bd00bf04ed00e076
:020000040000fa
:020000040042b8
:10272c0080b489b000af03463960fb713b689b787d
:10273c00bb73bb7b03f00f03dbb2fb763b689b7870
:10274c00fb73fb7bdb09dbb2bb763b683b613b6914
:10275c009b889bb2c3f30a039bb23b833b68db7839
:10276c00c3f30103dbb2fb750023fb770823bb83a8
:10277c003b8b002b0ad005e0fb7f0133fb77bb8b37
:10278c005b00bb83ba8b3b8b9a42f5d3fb7e554add
:10279c001b01134408333a8b1a80534bdb69fa7ec6
:1027ac001032012101fa02f211464f4a0b43d36158
:1027bc004d4bdb69fa7e1032012101fa02f2d24351
:1027cc001146494a0b40d361fb7e002b2ad1464b64
:1027dc00db69454a43f00103d361fb7f1b01424a8d
:1027ec0043f00203c2f800313f4b4ff48022c3f890
:1027fc00f0213d4b4ff40022c3f820223a4bd3f882
:10280c00303103f48023b3f5802f09d1364b0422e9
:10281c00c3f8f021344b4ff480529a6101235ae0f3
:10282c00002358e0304bdb69fa7e012101fa02f2f9
:10283c0011462d4a0b43d361fb7f1a01fb7ddb0252
:10284c0013431a46bb7e1b0203f480731a432649ba
:10285c00fb7e42f40072403341f82320fb7d012bb8
:10286c000bd1214afb7e403352f823201e49fb7ebc
:10287c0042f40052403341f823201b4afb7e403384
:10288c0052f823201849fb7e42f00202403341f8f3
:10289c002320154afb7e7c334ff4802142f8231011
:1028ac00114afb7e88334ff4002142f823100e4a64
:1028bc00fb7e4c3352f8233003f48023b3f5802f86
:1028cc0008d1fb7e012202fa03f3074a1b03936132
:1028dc00012300e0002318462437bd465df8047b35
:0c28ec00704700bf885e4520008003405c
:020000040000fa
:020000040042b8
:1028f80080b58ab000af3b1d00221a605a609a600a
:10290800da60c6e07b68002b1ada3b1d04337b6271
:102918007b6a002b0cd14ff0800372b683f31188c9
:10292800bff36f8fbff34f8f62b6bb6100bffee787
:102938007b6a1b687a6a50687a6a92681146984777
:102948007b68002bc0f2a580fb683b623b6a5b6931
:10295800002b04d03b6a0433184619f059f83b465b
:1029680018461bf063fef8617b68013b082b00f2f8
:102978008f8001a252f823f0a5294200a529420020
:102988000d2a4200212a42006f2a4200a52942004e
:10299800a52942000d2a4200212a42003b6a93f8e9
:1029a800283043f00103dab23b6a83f82820ba687a
:1029b8003b6a9b69d118bb68fa69386a14f01af83f
:1029c8000346002b65d03b6a93f8283003f00403d4
:1029d800002b09d0ba683b6a9b691344fa69194607
:1029e800386a1bf05efb08e03b6a93f8283023f056
:1029f8000103dab23b6a83f828203b6a1b6a386a0b
:102a0800984746e03b6a93f8283023f00103dab28e
:102a18003b6a83f828203ce03b6a93f8283043f06f
:102a28000103dab23b6a83f82820ba683b6a9a61e4
:102a38003b6a9b69002b0cd14ff0800372b683f37d
:102a48001188bff36f8fbff34f8f62b67b6100bff2
:102a5800fee73b6a9a69fb69d118fb69fa69386a2b
:102a680013f0c8ff15e03b6a93f8283003f002031f
:102a7800002b03d1386a0af00dfc0ae03b6a93f890
:102a8800283023f00103dab23b6a83f8282000e0fb
:102a980000bf084b1b68391d00221846fff75cfd74
:102aa8000346002b7ff42eaf00bf00bf2837bd467a
:082ab80080bd00bfb86b452092
:020000040000fa
:020000040042b8
:102ac00080b584b000af78600123fb605e4b1a686c
:102ad0007b68da625d4b1a687b681a635c4b1a6824
:102ae0007b685a635b4b1a687b689a635a4b1a6817
:102af0007b68da63594b1a687b681a6420f050f9d6
:102b000002467b685a64564b5b79002b06d07b6883
:102b10001b7f7a68534905200cf00cfb7b681b7ff8
:102b2000032b0bd14e4b1b78002b04d07a684e49f7
:102b300000200cf0fffa6ff0060381e01ff07efd2d
:102b400003469ab27b685a847b685b8c01339ab2e5
:102b50007b68da837b685a8c7b681a84404b5b798c
:102b6000002b04d07a68414905200cf0e3fa7b6819
:102b700048330021184619f08fff7b6801221a772d
:102b800078680ef087fe0346002b44d1344b5b7906
:102b9000002b04d07a68364905200cf0cbfa7b680c
:102ba00003f148027b681b6b1946104619f074ff4d
:102bb000b860bb68012b30d17b681b7f032b0ad127
:102bc000274b5b79002b04d07a682a4905200cf04a
:102bd000b1fa002334e07b681b7f012b1dd1fb6819
:102be000002b0ed01e4b5b78002b04d07a68224954
:102bf00001200cf09ffa78680af05afa0023fb6073
:102c000081e7174b1b78002b09d07a681b490020fd
:102c10000cf090fa03e000bf02e000bf00e000bf4c
:102c20000f4b5b79002b04d07a68154905200cf016
:102c300081fa00220221786805f042fb6ff002035e
:102c400018461037bd4680bdec744520f074452011
:102c5000f4744520f8744520fc7445200075452027
:102c6000b07445208c0d4100b40d4100d40d4100dd
:102c7000ec0d4100180e4100340e4100740e41006d
:042c8000b40e41004d
:020000040000fa
:020000040042b8
:102c840090b58fb000af786039607b681b683b6398
:102c94003b6b5b68fb62fb6a1b68591cfa6a116038
:102ca400bb623b685b8940f2fa72934202d96ff0cf
:102cb4000903bfe07b681b79ff2b02d07b681b797b
:102cc40004e03b68db89c3f30413dbb287f82730e5
:102cd4003b68db7bc3f34403dbb21a0697f8273067
:102ce400db0403f478031a43bb6ac3f309031a43ee
:102cf4003b685b890533db089b0203f47f33134392
:102d04003b620223fb773b685a89fb7f9bb29a4262
:102d140003d83b685b89dbb200e0fb7fbb773b6891
:102d2400db6818461cf0fefe03467b613b685b894a
:102d340018461df0d7fd03467b827b69bb6007f113
:102d4400080304337a8a1a8007f1080306333a68c1
:102d540002f11001ba7f18461ff056fcbb7ffb86b8
:102d6400fb6a5b68bb613b6b9868bb7f0633dbb275
:102d740007f10802bc69396aa0470346002b50d00a
:102d84003b6bdb695a1c3b6bda616ff00a0351e061
:102d94003b685b891a46fb8ed31a082ba8bf08230d
:102da400bb773b68db7bc3f34403dbb21a0697f8bb
:102db4002730db0403f478031a43bb6ac3f3090323
:102dc4001a433b685b891946fb8ec91abb7fcb1a31
:102dd4000733002b00da0733db109b0203f47f3345
:102de400134343f480233b62bb7f9ab2fb8e1344ac
:102df400fb863b6b98683b6803f11002f98ebb7f3e
:102e0400cb1a1a44bb7fbc69396aa0470346002b1e
:102e140007d03b6bdb695a1c3b6bda616ff00a032a
:102e240008e03b685b89fa8e9a42b1d338680af0ad
:0c2e340083fd002318463c37bd4690bdce
:020000040000fa
:020000040042b8
:102e400000000204010074696d655f6e6f77000019
:102e500000000000040002040100757074696d65d3
:102e6000000000000000000008000502010062727e
:102e7000645f74656d700000000000000a000001ce
:102e800001007273745f6361757365000000000078
:102e90000b0000010100626f6f745f636175736501
:102ea000000000000c0001020100626f6f745f639c
:102eb0006e740000000000000e0000010100646557
:102ec000765f747970650000000000000f000e0846
:102ed00001006465765f73746174757300000000af
:102ee00017000e0408006e74635f6e616d6500006c
:102ef000000000003700050208006e74635f766111
:102f00006c7565000000000047000e040500736545
:102f10006e5f6e616d650000000000005b000502e1
:102f2000050073656e5f76616c75650000000000da
:102f300065000e040200616270735f6e616d650072
:102f4000000000006d0005020200616270735f7690
:102f5000616c75650000000071000e040700696d6a
:102f6000755f6e616d650000000000008d00050258
:102f70000700696d755f76616c7565000000000083
:102f80009b000e040a00765f6e616d650000000014
:102f900000000000c30005020b00765f76616c75cf
:102fa0006500000000000000d9000e040a00635f05
:102fb0006e616d6500000000000000000101050267
:102fc0000a00635f76616c75650000000000000018
:102fd00015010e1001006e6f775f6d6f6465000064
:102fe000000000002501010201006e6f775f636e33
:082ff00074657200000000008e
:020000040000fa
:020000040042b8
:102ff80080b48bb000af78607b68db68db683b62cd
:103008003b6a002b0cd14ff0800372b683f3118812
:10301800bff36f8fbff34f8f62b6fb6000bffee751
:103028003b6a9b6afb613b6adb693a6a126a9a608f
:103038003b6a1b6a3a6ad2695a60fb695a683b6afa
:1030480018339a4203d13b6a1a6afb695a603b6a91
:1030580000229a62fb691b685a1efb691a604b4b77
:103068001b68002b60d13b6a5b697b613b6a9b688c
:103078003a6ad2689a603b6adb683a6a92685a6030
:103088007b695a683b6a04339a4203d13b6ada681f
:103098007b695a603b6a00225a617b691b685a1e29
:1030a8007b691a603b6adb6a01229a40384b1b68cd
:1030b8001343374a13603b6ada6a364913469b0062
:1030c80013449b000b4404331b683b613b6a3a6919
:1030d8009a603b699a683b6ada603b699b683a6a1e
:1030e80004325a603b6a1a1d3b699a603b6ada6a85
:1030f80013469b0013449b00264a1a443b6a5a61b4
:103108003b6ada6a234913469b0013449b000b442d
:103118001b683a6ad26a591c1e4813469b0013441e
:103128009b00034419601be01b4b5b68bb613b6a57
:10313800ba69da61bb699a683b6a1a62bb699b68bb
:103148003a6a18325a603b6a03f11802bb699a60fe
:103158003b6a114a9a62104b1b6801330e4a13608e
:103168003b6ada6a0d4b1b68db6a9a4205d9012370
:103178007b620b4b01221a6001e000237b627b6ab1
:1031880018462c37bd465df8047b7047ac6b45206c
:103198008c6b4520a061452070694520746b4520e3
:0431a800986b4520bb
:020000040000fa
:020000040042b8
:1031ac0080b594b000af03463960fb713b685b8817
:1031bc009bb2bb84bb8c1b0a9bb2dbb287f84b3037
:1031cc003b685b889bb2fb84fb8cdbb287f84a3094
:1031dc0097f84b30013b0e2b00f2b48001a252f851
:1031ec0023f000bf2d32420091324200f7324200f0
:1031fc0051334200513342002b3342009132420092
:10320c00513342005133420051334200513342009a
:10321c005133420051334200513342005f3242007d
:10322c001ff0e2fbf862fb6a002b0ad1484bbb6231
:10323c00bb6a1b6803f00103002b00d000be002307
:10324c0081e0f8791223fa6a39680bf009fc03461d
:10325c0079e01ff0d3fb03467b647b6c002b01d120
:10326c00002370e07b6c02333b623b6a1b88a7f83f
:10327c0042307a6cb7f84230f87939680bf0f0fbd1
:10328c00034660e097f84b30022b14d197f84a3084
:10329c0018461df0e3fd0346fb64fb6c002b16d1b6
:1032ac002b4b7b637b6b1b6803f00103002b00d063
:1032bc0000be002347e097f84a3018461ff058f933
:1032cc000346fb64fb6c002b01d100233be0fb6c41
:1032dc000233fb61fb691b887b86fa6c7b8ef87969
:1032ec0039680bf0bdfb03462de03b689b889ab216
:1032fc0097f84a301146184606f006fab863bb6bcd
:10330c00002b01d100231ee0bb6bbb61bb691b789a
:10331c00f879ba6b39680bf0a3fb034613e01ff086
:10332c00d1fcf863fb6b002b01d100230be0fb6b92
:10333c007b617b691b78f879fa6b39680bf090fb31
:10334c00034600e0002318465037bd4680bd00bf41
:04335c00f0ed00e0b0
:020000040000fa
:020000040042b8
:1033600080b592b002aff860b9607a603b60fb68ec
:103370007b630023fb637b68bb6300233b63bb6809
:10338000002b0cd14ff0800372b683f31188bff38a
:103390006f8fbff34f8f62b6bb6200bffee77b6be0
:1033a000002b0cd14ff0800372b683f31188bff36a
:1033b0006f8fbff34f8f62b67b6200bffee77b6b00
:1033c0009b68013b3b637b6b1b7f03f00103002b7e
:1033d0001ad0bb6b0433bb63ba6b7b689a420cd8c0
:1033e0004ff0800372b683f31188bff36f8fbff382
:1033f0004f8f62b63b6200bffee7ba6b3b6b9a42ef
:1034000008d900233b6005e0ba6b3b6b9a4201d9b7
:103410003b6bbb633b68002b46d007f11403184697
:1034200018f0d2fe16f07efa786b14f0d8faf86332
:10343000fa6bbb6b9a421cd27b6b5b6a194600200d
:1034400014f0b2fc7b6b5b69002b0cd04ff0800357
:1034500072b683f31188bff36f8fbff34f8f62b6dd
:10346000fb6100bffee71ef0bdfa02467b6b5a61ae
:1034700002e017f04dff17e017f04aff7b6b586a28
:103480003b68009300230022002105f0c3fd7b6b05
:1034900000225a613a4607f11403114618460bf010
:1034a000dffd0346002bbdd0fb6b002b03d1786bf7
:1034b00014f095faf863bb6b0093fb6b7a68b968fc
:1034c000786b12f035f8f862fb6a002b1cd0786b31
:1034d0001bf090f802467b6bdb689a4214d31ef017
:1034e0000ffd7b6b1b69002b0cd07b6b18697b6b12
:1034f000596a0023009300230022f9f77bf97b6bc4
:1035000000221a61fcf796fefb6a18464037bd465a
:0235100080bd7c
:020000040000fa
:020000040042b8
:02351200704700
:020000040000fa
:020000040042b8
:1035140080b5aeb002aff860b9607a600121b868d6
:103524001cf058f8c7f8a800d7f8a830002b0cd125
:103534005849f86810f028fe5749f86810f024fe3e
:103544005649f86810f020fea0e000220021d7f8c8
:10355400a8001ff0d9fac7f8a400002387f8af30f9
:1035640007f1140300221a605a60002387f8ae3072
:10357400022387f8ad300221b8681cf02bf8c7f895
:10358400a000d7f8a030002b0dd04549d7f8a000f3
:103594001ff0e6f80346002b05d1012387f8af306e
:1035a400032387f8ad3097f8af3083f00103dbb223
:1035b400002b0dd0d7f8a430b3f5006f08d33949e8
:1035c400f86810f0e1fd3849f86810f0ddfd5de0c1
:1035d40097f8ad3087f8ac3022e097f8ac309bb266
:1035e4001946b8681bf0f6ffc7f89c00d7f89c3062
:1035f400002b1ad000220021d7f89c001ff084fa77
:10360400014697f8ae305a1c87f8ae20cab2b033e0
:103614003b4403f89c2c97f8ac30013387f8ac306a
:1036240097f8ae30072bd8d900e000bf97f8af3039
:1036340097f8ae2007f11401d7f8a4000ef0b7fbf9
:103644000346002b1ad097f8af30002b01d0174a4d
:1036540000e0174a97f8ae3007f11c000193d7f841
:10366400a43000931346134a80211ef065fd07f130
:103674001c031946f86810f087fd03e00e49f8684a
:1036840010f082fd0d49f86810f07efdb037bd469c
:1036940080bd00bff8d8400024d9400050d9400074
:1036a4007cd9400080d94000b0d94000ccd940003a
:1036b400d0d94000d4d94000f4d94000dcd0400037
:020000040000fa
:020000040042b8
:1036c40090b5c7b000af044607f58c70a0f58870bc
:1036d4000160114607f58c72a2f58a72136007f532
:1036e4008c73a3f2091322461a7007f58c73a3f5a1
:1036f40086730a461a80d7f8283103f40063002b36
:1037040001d0002200e0022207f58c73a3f5887330
:103714001b681a44d7f834311b681344d7f8302196
:103724009a4202d26ff04a039ce0d7f8283103f49e
:103734000063002b2cd1d7f8283103f40073002b3d
:1037440009d007f58c73a3f586731b8818461ef001
:103754009dfb034604e007f58c73a3f586731b8871
:10376400a7f81631d7f8283103f48073002b08d159
:10377400d7f834311b68d7f82c211344b7f8162135
:103784001a80d7f834311b689a1cd7f834311a6080
:10379400d7f8283103f48073002b56d1d7f8283199
:1037a40003f40073002b3ed007f58c73a3f20913c6
:1037b4001b78184619f056fc0346002b33d007f546
:1037c4008c73a3f588731b68b3f5807f02d96ff0ff
:1037d4004a0347e007f58c73a3f5887207f58c73e9
:1037e400a3f58a7307f11400126819681ef00cff20
:1037f40007f1140207f58c73a3f209131b78114621
:1038040018460af0edfad7f834311b68d7f82c21a2
:10381400d01807f58c73a3f5887307f114011a689f
:103824001ef0f2fe11e0d7f834311b68d7f82c21d2
:10383400d01807f58c73a3f5887207f58c73a3f57c
:103844008a73126819681ef0dffed7f834311a68db
:1038540007f58c73a3f588731b681a44d7f83431c1
:0e3864001a600023184607f58e77bd4690bd0a
:020000040000fa
:020000040042b8
:1038720090b5d1b004af07f59874a4f592742060a6
:1038820007f59870a0f59470016007f59871a1f59d
:1038920096710a6007f59872a2f59872136007f59f
:1038a2009873a3f594731b68db78c7f8203107f58a
:1038b2009873a3f594731b681b7987f81f31012352
:1038c200c7f8183197f81f21d7f818319342b8bfbb
:1038d2001346c7f8143107f59873a3f594731b6860
:1038e2009b7887f81331d7f82031d7f8142102fbdf
:1038f20003f3c7f82c3107f59873a3f596731b6889
:1039020003f40063002b07d1d7f814315b00d7f81a
:103912002c211344c7f82c31d7f844311a68d7f850
:103922002c311344d7f840219a4202d26ff04a0355
:103932006ce0d7f82031b3f5807f02d96ff04a03eb
:1039420064e00023a7f82a310023c7f8243151e0ac
:1039520007f59873a3f594731b681b889ab2d7f87e
:10396200203199b2d7f824319bb211fb03f39bb2f9
:103972001344a7f8103107f1100497f81321b7f890
:10398200101107f59873a3f5927000230193d7f8ed
:1039920020310093234600680bf0dbff0346a7f8b3
:1039a2002a31b7f92a31002b1fd107f59873a3f5f5
:1039b200967307f11004b7f8101107f59872a2f583
:1039c2009470d7f844210292d7f84021019207f56a
:1039d2009872a2f59872126800921b6822460068db
:1039e2001bf095f90346a7f82a31d7f824310133a1
:1039f200c7f82431d7f82421d7f814319a4203d2d8
:103a0200b7f92a31002ba3d0b7f92a31184607f5a6
:063a12009a77bd4690bd4d
:020000040000fa
:020000040042b8
:103a18002de9f04f91b000af7861002387f83e3070
:103a28007b699b68184619f0dffe7b69db681846de
:103a380019f0dafe78691cf0b1fc78691cf0edf831
:103a4800034687f83e307b699b68184619f0aafe42
:103a58000121786919f08cfd034687f83e3043f65a
:103a680001220021786917f005fe034687f83e30e9
:103a78004ff07f4178691df0e2fa034687f83e303f
:103a880000220121786917f0f5fd034687f83e30da
:103a980001201ef0c3f843f601220021786917f0cf
:103aa800e9fd034687f83e304ff07f4012f0aefb49
:103ab800c7e90c01002012f0a9fbc7e90a0100239d
:103ac80087f83f3046e0d7e90a01d7e90c23841a82
:103ad80061eb030597f83f3000229846914608fbb2
:103ae80005f204fb09f31344a4fb08ab5b449b46b3
:103af80052465b46002b06dad11cb96043f100033d
:103b0800fb60d7e902234ff000004ff00001900856
:103b180040ea83709910d7e90c2316183e604b4190
:103b28007b60d7e90023c7e90823d7e9080118f023
:103b3800e7fdf861fb69194678691df080fa0346cc
:103b480087f83e3001201ef069f897f83f300133be
:103b580087f83f3097f83f30042bb4d97b69db688e
:103b6800184619f01ffe0121786919f024fd034653
:103b780087f83e3001201ef051f897f93e30002baf
:103b880007d17b691b7c43f00703dab27b691a749f
:103b980002e07b6900221a7479694ff000024ff045
:103ba8000003c1e9062397f93e3018464437bd465d
:043bb800bde8f08fe5
:020000040000fa
:020000040042b8
:103bbc000000000101007369675f6d707500000003
:103bcc000000000001000e040400736c6e5f6e6157
:103bdc006d65000000000000110000010100736c15
:103bec006e5f6d6f64650000000000001200000144
:103bfc000400736c6e5f6374726c00000000000054
:103c0c0016000e040800736c5f6772310000000030
:103c1c000000000036000e040800736c5f677232ff
:103c2c000000000000000000560000010100736c51
:103c3c005f6d6f646500000000000000570000011c
:103c4c000800736c5f6374726c310000000000003c
:103c5c005f0000010800736c5f6374726c320000cb
:103c6c000000000067000e0408006864345f6e6199
:103c7c006d65000000000000870000010100686411
:103c8c00345f6d6f64650000000000008800000167
:103c9c0008006864345f6374726c000000000000fc
:103cac0090000001010076616c5f636667000000a4
:103cbc000000000091000001010076616c5f6374ec
:103ccc00726c00000000000092000e040400746589
:103cdc00635f6e616d65000000000000a2000001d2
:103cec0001007465635f6d6f646500000000000087
:103cfc00a300050204007465635f74656d700000b9
:103d0c0000000000ab000e040800687465725f6e62
:103d1c00616d650000000000cb00000101006874bb
:103d2c0065725f6d6f64650000000000cc000102dd
:103d3c000800687465725f74656d700000000000a7
:103d4c00dc000e1001006374726c5f737461747527
:043d5c0073000000f0
:020000040000fa
:020000040042b8
:103d600080b489b000af87ed010a614b93ed087a0a
:103d7000604bd3ed007a67ee277ac7ed077a5c4b8c
:103d800093ed097a5b4bd3ed006a5a4bd3ed007a81
:103d900066eea77a67ee277ac7ed067a544b93ed65
:103da0000a7a544bd3ed006a524bd3ed007a66ee9b
:103db000a76a504bd3ed007a66eea77a67ee277ab2
:103dc000c7ed057a4a4b93ed077ad7ed077a37eec0
:103dd000277ad7ed067a77ee277a97ed057a77ee90
:103de000277ac7ed047a424b93ed047a414bd3ed29
:103df000007a67ee277ac7ed077a3d4b93ed057a97
:103e00003c4bd3ed006a3b4bd3ed007a66eea77acc
:103e100067ee277ac7ed067a354b93ed067a354b78
:103e2000d3ed006a334bd3ed007a66eea76a314bcf
:103e3000d3ed007a66eea77a67ee277ac7ed057aaa
:103e40002b4b93ed037ad7ed077a37ee277ad7ed30
:103e5000067a37ee277ad7ed057a77ee277a97ed4f
:103e6000017a67ee277ac7ed037ad7ed017a67ee1c
:103e7000a77ac7ed077a1e4b93ed0b7a1c4bd3ed57
:103e80000c6a1c4bd3ed007a66eea77a77ee277aa0
:103e9000c7ed067a97ed077ad7ed067a67ee277aaf
:103ea000c7ed057ad7ed017a27eea77ad7ed017a2b
:103eb00027ee277a0e4bd3ed0d7a67ee277a97ed32
:103ec000057a77ee277ac7ed027a97ed047ad7ed77
:103ed000037a37ee277ad7ed027a77ee277a064b08
:103ee000c3ed007a00bf2437bd465df8047b704700
:0c3ef000cc664520ec6a4520f06a4520b5
:020000040000fa
:020000040042b8
:103efc0090b58db000af786039607b689b7887f89f
:103f0c002d307b68b3f905301bb21a463b6813445d
:103f1c00bb6297f82d3003f03003002b01d1002346
:103f2c00afe097f82d3003f03003202b07d1bb6a9c
:103f3c001b88002b0cbf01230023dbb2a1e097f8f8
:103f4c002d3003f03003302b07d1bb6a1b88002bbc
:103f5c000cbf01230023dbb293e097f82d3003f064
:103f6c003003102b13d17b68b3f905301bb2002b37
:103f7c000dd0bb6a1b78002b14bf01230023dbb2ce
:103f8c0083f00103dbb203f00103dbb279e097f8b5
:103f9c002d3003f0c003002b5bd197f82d3003f0cc
:103fac000f03052b09d13b687b627b6a1b88002bb6
:103fbc000cbf01230023dbb263e097f82d3003f034
:103fcc000f03062b07d13b681b78002b0cbf01237a
:103fdc000023dbb255e097f82d3003f00f03092bcb
:103fec0009d17b68b3f807309bb2002b0cbf0123bf
:103ffc000023dbb245e097f82d3003f00f03072bbd
:10400c0027d17b68d3f80b4038681ef050f8024675
:10401c0007f108032146184615f043fb0346002b15
:10402c0015d0fb68ba6911461846fff761ff0346c5
:10403c0083f00103dbb2002b01d0002321e007f158
:10404c000803184607f086fc0346002be9d1012330
:10405c0017e03b683b620023fb850ae0fb8d3a6a64
:10406c0013441b78002b01d000230ae0fb8d013395
:10407c00fb857b68b3f807309bb2fa8d9a42edd37f
:0a408c00012318463437bd4690bded
:020000040000fa
:020000040042b8
:02409600704771
:020000040000fa
:020000040042b8
:1040980080b58ab000af5a4b1b687b627b6a2c33b1
:1040a8001b68584a93420cd04ff0800372b683f3d2
:1040b8001188bff36f8fbff34f8f62b6fb6100bfec
:1040c800fee77b6a38331b684f4a93420cd04ff0a7
:1040d800800372b683f31188bff36f8fbff34f8fde
:1040e80062b6bb6100bffee70023bb60474b3b6283
:1040f8003b6a1b78dbb2fb733b6aff221a703b6a90
:104108001b78dbb2fb71fb79dbb223f07f03dab2f9
:104118003f4b1a703e4b1b78002b0cd14ff080039d
:1041280072b683f31188bff36f8fbff34f8f62b6f8
:104138007b6100bffee7fb79dbb2db4303f0800362
:10414800002b14d04ff0800372b683f31188bff3ad
:104158006f8fbff34f8f62b63b6100bffee7bb684e
:104168000133bb60fb79dbb25b00dbb2fb71fb792f
:10417800dbb203f08003802bf1d0bb68082b03d19e
:10418800244b00221a6004e0bb68c3f10703214aec
:104198001360204b1b681b021e4a13601d4b1b68d3
:1041a80003f4e0631b4a1360fb7bdab23b6a1a70c4
:1041b800194b1b68184a43f47f031360164b1b689e
:1041c800154a43f07f431360144b00221a601bf01a
:1041d800cbf8134b00221a601ef00cf9114b1b6828
:1041e800104a43f0404313601cf0f6fa07f046fd0e
:1041f80015f0e4ff002318462837bd4680bd00bff0
:1042080008ed00e0910e44009199430000e400e0bd
:10421800875e45205c6b452020ed00e01ced00e04a
:08422800e874452034ef00e0ca
:020000040000fa
:020000040042b8
:1042300080b582b000af17f071fb78607b68544a9c
:10424000da607b684ff440621a827b6810229a80a1
:104250007b684022da807b6880221a817b6820227a
:104260005a817b6801229a747b684a4a1a601ef060
:10427000f9fa02467b685a611ef089fc03461a4629
:104280007b681a83786806f024f90346424a136073
:10429000414b1b68002b01d1012375e03e4b1b688d
:1042a0003e4a1a6017f03afb78607b683c4ada6055
:1042b0007b684ff440621a827b6810229a807b6888
:1042c0004022da807b6880221a817b6820225a8112
:1042d0007b6800229a747b68324a1a601ef0c2fa28
:1042e00002467b685a611ef052fc03461a467b6800
:1042f0001a83786806f0edf803462b4a13602a4bc0
:104300001b68002b01d101233ee0274b1b68274a85
:104310001a6017f003fb78607b68254ada607b68d7
:104320004ff400621a827b6880229a807b68802228
:10433000da807b6800221a817b6820225a817b68a0
:1043400000229a747b681b4a1a601ef08bfa0246a0
:104350007b685a611ef01bfc03461a467b681a8371
:10436000786806f0b6f80346134a1360124b1b68d0
:10437000002b01d1012307e00f4b1b680f4a1a6085
:104380000f4b01221a70002318460837bd4680bd26
:104390004c074520fc164400286b4520d9c043003b
:1043a0004c1345200c1744002c6b4520ad064400ef
:1043b0004c2745201c174400306b4520659c43006a
:0443c0003758452005
:020000040000fa
:020000040042b8
:1043c40090b5cfb004af07f59474a4f58e74206053
:1043d40007f59470a0f59070016007f59471a1f54c
:1043e40092710a6007f59472a2f59472136007f54e
:1043f4009473a3f58e731b68002b01d1544ba1e079
:104404000023a7f8263107f59473a3f594731b686a
:104414001b68c7f820317de0d7f820315b0007f531
:104424009472a2f5907212681344188807f5947375
:10443400a3f58e731b68996807f59473a3f58e73bf
:104444001b68db681a4611f0b1fcc7f81c01d7f8e9
:104454001c31002b58d0d7f81c319b7887f81b31be
:10446400d7f81c31db78c7f81431d7f81431b3f519
:10447400807f04d94ff6b573a7f8263158e0d7f8f2
:1044840020315b0007f59472a2f590721268134410
:10449400198807f1140497f81b2107f59473a3f501
:1044a4008e7000230193d7f81431009323460068db
:1044b4000bf04efa0346a7f82631b7f92631002b44
:1044c40033d1d7f820315b0007f59472a2f59072ce
:1044d40012681344198807f11402d7f8443102937f
:1044e400d7f840310193d7f83c310093d7f83831ed
:1044f400d7f81c011af00afc0346a7f82631b7f9cd
:104504002631002b13d100e000bfd7f8203101334e
:10451400c7f8203107f59473a3f59273d7f82021d7
:104524001b689a42fff478af02e000bf00e000bfce
:1045340007f59473a3f594731b68d7f820211a60c8
:10454400b7f92631184607f59677bd4690bd00bfea
:0445540030f8ffff3d
:020000040000fa
:020000040042b8
:1045580090b58db002af786039607b68db6c184627
:104568001df084ffb86100237b62a7e07b68db6ce9
:1045780007f10c01002218461cf074fd0346012bbc
:104588000ad0544b1b78002b00f09e807a68524961
:1045980000200af0cbfd97e0fb6818461cf0befe31
:1045a80078614c4b5b79002b10d0fb685c687b69a9
:1045b800b3f801309bb218461df0d6fc03460093b1
:1045c80023467a68454905200af0b0fd0023fb61bf
:1045d80000233b6246e03b683a6a083233f81230ff
:1045e80018461df0c1fc03461c467b69b3f8013030
:1045f8009bb218461df0b8fc03469c4201d101232a
:10460800fb613b683a6a083233f8123018461df0ed
:10461800abfc03461c467b69b3f801309bb21846d5
:104628001df0a2fc03469c4219d91ef0b5fb386167
:10463800fb681b68194638691df088fc0346002b87
:104648000dd07b685b6b3a69d21afb68013a5a60f5
:104658007b685b6b5908fb683a690a441a603b6ad5
:1046680001333b623b685b89053b5b081a463b6a42
:104678009342b0dbfb69002b08d17b68db6c07f148
:104688000c01002218461cf013fc14e0114b5b7956
:10469800002b0cd07b69b3f801309bb218461df093
:1046a80063fc03467a680e4905200af03ffdfb6863
:1046b800184609f03ff97b6a01337b627a6abb6965
:1046c8009a42fff653af00e000bf00bf2c37bd464b
:1046d80090bd00bfb0744520f40641002807410092
:0446e800580741002e
:020000040000fa
:020000040042b8
:1046ec0080b58ab002aff860b9607a607b68bb6154
:1046fc007b681b68f968184612f006fe0346002b0f
:10470c0002d0574bfb619ae07b681b6803f0f00307
:10471c00e02b18d101233b7400237b745e23bb7404
:10472c007b6801331b7803f07f03dbb2fb747b687f
:10473c0002331b783b757b6803331b787b7507f161
:10474c001003fb617be07b681a68fb681b685a40ae
:10475c00fb6804331b681340002b12d07b681b686a
:10476c009bb24ff6a96293420bd0fb6808331b68cf
:10477c00002b03d0fb680833bb6102e06ff003032e
:10478c0069e0384b1b781946374a0b465b000b44e3
:10479c00db00134414331b78012b1dd9bb691a6839
:1047ac00304b1b781846304903465b000344db0052
:1047bc000b4404331b689a420ed12c4bdb8d013316
:1047cc009ab22a4bda85274b1b781a46b968f868d7
:1047dc0007f06cfe03463ee00023fb7525e0fa7df6
:1047ec00214913465b001344db000b4414331b7844
:1047fc00012b17d9bb691968fa7d1b4813465b005e
:10480c001344db00034404331b6899420ad1154a54
:10481c00fb7d1370fb7d1a46b968f86807f046fefd
:10482c00034618e0fb7d0133fb75fb7d092bd6d9c4
:10483c00ba68b969f868fbf7cff903460be0fb6877
:10484c0003f122024ff400630093fb69b968f86826
:10485c0012f08aff034618462037bd4680bd00bfc4
:10486c00682f4400b3604520345c45203c5b4520f8
:020000040000fa
:020000040042b8
:10487c0080b584b000af554b1b7c542118461af000
:10488c0011ff0346524a1360514b1b68002b0dd18c
:10489c00504b1b78002b06d04c4b1b7c1a464e49b8
:1048ac0000200af041fc4ff0ff338be04b481af02c
:1048bc00adfd0346012b0ad0464b1b78002b03d0d1
:1048cc00474900200af030fc4ff0ff337ae01ef02d
:1048dc0061fa034618461ef0e7fa1df0a9fe0246df
:1048ec003a4bdb7cc3f13f0392fbf3f101fb03f387
:1048fc00d31adab2354bdb7c1344dbb20133dab2b8
:10490c00384b1a7038481af081fd0346012b0ad037
:10491c00304b1b78002b03d0344900200af004fce8
:10492c004ff0ff334ee00023fb6044e0284b1a6845
:10493c00fb68542101fb03f313447b600023bb6031
:10494c0022e0224b5b7c0421184615f0a4fe0146a4
:10495c007a68bb6802339b00134459607a68bb6861
:10496c0002339b0013445b68002b0ad1194b1b7854
:10497c00002b03d01e4900200af0d6fb4ff0ff336a
:10498c0020e0bb680133bb60bb68002bd9dd7868c5
:10499c0007f07afa0346002b0ad00e4b1b78002b3b
:1049ac0003d0144900200af0bffb4ff0ff3309e09d
:1049bc00fb680133fb60054b1b7c1a46fb6893427a
:1049cc00b4db002318461037bd4680bd9c684520db
:1049dc00e86b4520b0744520e4e34100ec6b4520c6
:1049ec000ce44100ab5f4520f06b452034e4410002
:0849fc005ce4410084e4410089
:020000040000fa
:020000040042b8
:104a0400b0b588b004af78600b46fb70fb78002b20
:104a14005ad07b681b7d042b03d07b681b7d072b3e
:104a240052d17b689b6f002b05d17b681b8d41f2b3
:104a3400d062934248d07b68186d7b685c6a7d685d
:104a44007b6804337a68d28a7968098b029101926f
:104a540000932b4622460146786814f090fe78684d
:104a640012f090f8434b1b687a689a4205d1414b87
:104a74001b68db683f4a136013e03e4b1b68fb6016
:104a84000ce0fb68db687a689a4204d17b68da68d8
:104a9400fb68da6005e0fb68db68fb60fb68002b01
:104aa400efd17b680022da60334b01221a70334b5a
:104ab4001b687a689a4202d11df042f802e07868d5
:104ac4001df02afd002350e07b681b7d022b3bd0a8
:104ad400022b44dc002b02d0012b2ad03fe07b6860
:104ae400db8a002b21d0264b1b687a689a4205d1b9
:104af400234b1b68db68224a136013e0204b1b68be
:104b0400bb600ce0bb68db687a689a4204d17b68be
:104b1400da68bb68da6005e0bb68db68bb60bb6869
:104b2400002befd17b680022da6078681df0f4fc7a
:104b34001ae078681af080f9796812480ff086fa5a
:104b440078681df0f5fc0fe079680a480ff07efaea
:104b5400094b01221a7078681df0defc04e07868c5
:104b64000ef049f9034600e0002318461037bd460d
:104b7400b0bd00bf6c6c45206f674520886c452034
:084b8400646c4520686c4520bb
:020000040000fa
:020000040042b8
:104b8c0080b5a6b000af78604c480cf0c1fd034670
:104b9c00002b06d04a4813f0a5fa002002f0defde7
:104bac0089e007f130032422002118461df080ff14
:104bbc00424b3b63434b7b63434bbb63434bfb63ba
:104bcc00434b3b64052387f8503007f130031946fb
:104bdc00404810f013fc0346002b06d03e4813f05f
:104bec0081fa002002f0bafd65e007f110031846c7
:104bfc0014f0c2f90c233b744ff480633b852023e3
:104c0c00fb84202387f82230344b7b61344bbb610f
:104c1c00344bfb6107f11003184611f08dfc034671
:104c2c00002b06d0304813f05dfa002002f096fd00
:104c3c0041e02e4813f056fa0023fb6007f10c03f9
:104c4c001a4601212a4803f00bfdc7f89400d7f847
:104c5c009430002b10d007f15400d7f89430254a2b
:104c6c0040211df065fa07f15403184613f03afa87
:104c7c00002002f073fd1ee01f4813f033fafa68af
:104c8c00ff23002120200ff001fc02214ff4fa70c9
:104c9c0016f064fb194813f025fa07f154000c23a5
:104cac00174a40211df044fa07f15403184613f03b
:104cbc0019fa05f09ff89837bd4680bde4514520a0
:104ccc0040754200385245208c524520e052452018
:104cdc0034534520286845205c75420078754200a5
:104cec00847542008875420090754200a47542009c
:104cfc00b8754200bc754200d8754200f47542008c
:044d0c000c764200df
:020000040000fa
:020000040042b8
:104d100080b5acb002aff860b9607a600121b868c4
:104d20001af05afcc7f8a4000221b8681af054fc23
:104d3000c7f8a0000321b8681af04efcc7f89c0021
:104d4000d7f8a430002b07d0d7f8a030002b03d021
:104d5000d7f89c30002b08d14749f8680ff016fab5
:104d60004649f8680ff012fa82e000220021d7f8d5
:104d7000a4001df0cbfe034687f89b3000220021e3
:104d8000d7f8a0001df0c2fe034687f89a30d7f886
:104d90009c001df047fc0346a7f8983097f89a202e
:104da00097f89b10002300934ff47a730220fbf7cf
:104db00035f9c7f89400d7f89430002b04d1304966
:104dc000f8680ff0e3f953e0b7f8983018460bf0a5
:104dd00009fcc7f89000d7f89030002b08d129497a
:104de000f8680ff0d3f9d7f894001df09af93fe076
:104df000d7f890301033b7f89820d7f89c101846a1
:104e00001df004fcd7f89030b7f898205a8142f290
:104e10001072d7f89010d7f8940010f0abfe03464c
:104e2000002b08d1d7f8900008f088fd1649f868e3
:104e30000ff0acf914e0b7f8981097f89b3097f89a
:104e40009a2007f11000019200930b460f4a80212f
:104e50001df074f907f110031946f8680ff096f980
:104e6000d7f894001df05df90949f8680ff08ef944
:104e7000a837bd4680bd00bf9cda4000c4da4000c0
:104e8000e4da4000fcda400014db400024db4000a0
:044e9000dcd0400032
:020000040000fa
:020000040042b8
:104e9400b0b58eb004af7860396000237b62002324
:104ea4003b627b6800221a70584b1b687b61574b2e
:104eb4001a681346db0013449b001846f6f7b4ff48
:104ec40038613b69002b00f09d80002279693869c4
:104ed40005f0a8fc78610023fb6189e0fa691346b8
:104ee400db0013449b001a463b6913441b7b042bd1
:104ef4001bd801a252f823f0114f4200174f420071
:104f04001d4f4200234f4200294f42005823fb7695
:104f14000ee05223fb760be04223fb7608e053239a
:104f2400fb7605e04423fb7602e00023fb7600bf1a
:104f34007b6a10333a689a4252d3fa691346db000b
:104f440013449b001a463b6913445b68194678680e
:104f540017f065ff78607b6a0f337b623b68013b27
:104f64007a6a9a4239d23a687b6ad41afd7efa691f
:104f74001346db0013449b001a463b69134419692a
:104f8400fa691346db0013449b001a463b69134439
:104f9400186afa691346db0013449b001a463b69fe
:104fa40013449b680293019000912b46184a2146b2
:104fb40078681df0c1f8f8603a687b6ad31a19461c
:104fc400f8681af0eff9b8607a6abb6813447b6238
:104fd4007a68bb6813447b6004e001233b6201e010
:104fe40001233b623b6a012b08d0fb690133fb615f
:104ff400fa697b699a42fff471af00e000bf386937
:1050040008f04af900bf2837bd46b0bd846b45207f
:04501400a42644008a
:020000040000fa
:020000040042b8
:10501800b0b58cb004aff860b9607a60f8681cf07d
:105028000dfa0346002b01d00023aae0bb685a6a98
:10503800fb68dc6810461af08cfd0346a360bb6869
:105048005a8dfb68dc6810461bf076fc0346e3814a
:10505800bb685b6aba68528d1a44bb68da62fb683f
:10506800db681433fb61fb689b7a03f00103002bb8
:1050780015d0bb6804331a46796840f2b45016f06c
:10508800c7f903467b837b8b43f0017318461af0fc
:1050980060fd0246fb691a60fb690433fb61bb686b
:1050a800b3f93030002b02dabb6800221a86bb68dd
:1050b8005b6b002b0cd1354b1a68bb685a63fb68d5
:1050c800db685b6818461af044fd0246bb689a63c1
:1050d800fb68da68fb685b685b68d31a3b83fb682c
:1050e8005b685989fb685b683a8b8a1a92b25a8165
:1050f800fb685b681989fb685b683a8b8a1a92b20d
:105108001a81fb685b68fa68d2685a60fb68db68da
:1051180000221a7400225a74fb689b7a03f0010378
:10512800002bfb685868fb685b681989bd68bb6819
:105138000433fa68d46800932b460a4606211bf00c
:1051480011fc03462382124bb3f8903001339ab214
:105158000f4ba3f89020fb685868b968bb681c1d02
:10516800bb68dd7abb689b7a7a6802920622019254
:1051780000932b46224616f069fe0346fb7597f905
:10518800173018462037bd46b0bd00bf606c4520bb
:045198003c5b452017
:020000040000fa
:020000040042b8
:10519c0080b489b000af786039607b68bb61bb6953
:1051ac009b889bb20c2b01d00023a7e0bb691b682a
:1051bc00554a934201d00023a0e03b681b2b01d839
:1051cc0000239be0bb691b899bb21a463b68934248
:1051dc0001d2002392e0bb691b899bb240f6cc3212
:1051ec00934201d9002389e0bb695b899bb2032bf5
:1051fc0007d9bb695b899bb21a463b68103b9a4244
:10520c0001d900237ae07b68ba69528992b21344bf
:10521c007b617b699b889bb20f2b01d800236de0cf
:10522c007b691b68394a934206d07b691b68384af4
:10523c00934201d0002361e07b69db889bb2002b99
:10524c0001d000235ae07a68bb695b899bb20833b2
:10525c0013443b610023fb617b699b889bb2083b39
:10526c009b08fb81fa896ff0404313449b003a6919
:10527c0013441b889bb2002b0ad1fa896ff0404370
:10528c0013449b003a6913445b889bb2002b24d0d7
:10529c00002333e0fb699b003a6913441b889bb2e3
:1052ac001a463b68934201d2002327e0fb699b001e
:1052bc003a6913441b889bb21946fb699b003a69f7
:1052cc0013445b889bb20b441a463b68934201d251
:1052dc00002313e0fb690133fb61fb699b003a6916
:1052ec0013441b889bb2002b07d0fb699b003a69c7
:1052fc0013445b889bb2002bccd101231846243776
:10530c00bd465df8047b70474e434d484e434d30cf
:04531c004e434d317e
:020000040000fa
:020000040042b8
:105320002de9b04f9eb000aff866b96607f1700383
:1053300008221946f86e0af039f8034683f0010393
:10534000dbb2002b01d00023a6e097f87030dbb26f
:1053500000223b667a6697f87130dbb200221c4669
:1053600015464ff000024ff000032b0243ea14638e
:105370002202d7e91845214641ea020a294641eab4
:10538000030b97f87230dbb20022bb65fa654ff071
:1053900000024ff00003d7e9164529460b042146c9
:1053a00043ea114321460a044aea020139654beafd
:1053b00003037b6597f87330dbb20022bb64fa64a9
:1053c000d7e912120b464fea13290b464fea03683e
:1053d000d7e914120b4643ea08033b64134643ea39
:1053e00009037b6497f87430dbb20022bb63fa6375
:1053f0004ff000024ff00003b96b0b000022d7e919
:10540000104521461143396329461943796397f8ba
:105410007530dbb20022bb62fa624ff000024ff03f
:105420000003b96a0b020022d7e90c45214611435b
:10543000396229461943796297f87630dbb2002247
:10544000bb61fa614ff000024ff00003b9690b0431
:105450000022d7e9084521461143396129461943fd
:10546000796197f87730dbb20022bb60fa604ff0c9
:1054700000024ff00003b9680b060022d7e904458b
:10548000214611433960294619437960bb6ed7e93b
:105490000012c3e90012012318467837bd46bde863
:0254a000b08fcb
:020000040000fa
:020000040042b8
:0254a200704751
:020000040000fa
:020000040042b8
:1054a4005443503a20436f6e6e656374696f6e2087
:1054b400636c6f73656420627920636c69656e74d4
:1054c4000d0a00005443503a20436f6e6e656374b6
:1054d400696f6e2061626f727465642f6572726f9a
:1054e400720d0a005443503a204b69636b696e672e
:1054f400206f6c6420636c69656e7420666f722023
:105504006e657720636f6e6e656374696f6e2e2ea1
:105514002e0d0a005443503a204e657720636f6e77
:105524006e656374696f6e2061636365707465642e
:105534000d0a00002d2d2d20436f6e6e656374657a
:105544006420746f204d435520434c49202d2d2d4c
:105554000d0a000054435020536572766572206c26
:10556400697374656e696e67206f6e20706f7274f4
:1055740020323332330d0a00544350204572726f87
:10558400723a2042696e64206661696c6564200d1c
:105594000a000000544350204572726f723a20434f
:1055a4006f756c64206e6f7420637265617465201e
:1055b4005043420d0a0000004e455449463a204cdf
:1055c400696e6b2055500d0a000000004e45544989
:1055d400463a204c696e6b20444f574e0d0a00002a
:1055e4004e6574776f726b5f5461736b00000000db
:1055f40053797374656d20537461727465642e20dd
:1056040049503a203139322e3136382e362e382c44
:1056140020506f72743a20323332330d0a00000086
:015624000085
:020000040000fa
:020000040042b8
:10562800000001020100646c735f696e74656e00ae
:1056380000000000020001020100646c735f7261e7
:105648007465000000000000040001020100646ca1
:10565800735f707265000000000000000600010220
:105668000100646c735f73616d70000000000000de
:10567800080001020100646c735f706f73740000ae
:10568800000000000a00000101007365715f6d6f82
:1056980064650000000000000b0000010100736554
:1056a800715f6374726c0000000000000c00000160
:1056b80001006578705f6d6f646500000000000090
:1056c8000d00000101006578705f6374726c000062
:1056d800000000000e000e04080070646c735f7216
:1056e80077310000000000002e000e0408007064ee
:1056f8006c735f7277320000000000004e000e04e9
:10570800080070646c735f7277330000000000005b
:105718006e000001010070646c735f6d6f6465005a
:10572800000000006f000102080070646c735f766f
:105738006c310000000000007f0001020800706466
:105748006c735f766c320000000000008f0001026d
:10575800080070646c735f766c3300000000000012
:105768009f000102080070646c735f63723100006f
:1057780000000000af000102080070646c735f63f2
:105788007232000000000000bf00010208007064cf
:0c5798006c735f637233000000000000bf
:020000040000fa
:020000040042b8
:1057a40080b58ab000af786039607b683b620123c2
:1057b400fb617b68002b00f0a7803b6a1b6d002b0c
:1057c4000cd14ff0800372b683f31188bff36f8f4f
:1057d400bff34f8f62b63b6100bffee73b6adb6cf1
:1057e4003a689a4202d93b687b6202e03b6adb6c0e
:1057f4007b623b6adb6a7a6a9a4200f085803b6a84
:105804001b6dfa699a427fd1414b1b683a6a9a42ee
:105814000cd14ff0800372b683f31188bff36f8ffe
:10582400bff34f8f62b6fb6000bffee73b6adb6ae3
:10583400bb613b6a7a6ada623b6a9b69002b04dbd0
:105844007b6ac3f105023b6a9a613b6a5969ba698a
:1058540013469b0013449b002e4a1344994253d190
:105864003b6a0433184616f0d5f80346002b0ad1d8
:105874003b6adb6a012202fa03f3da43264b1b6814
:105884001340254a13603b6adb6a01229a40224b8b
:105894001b681343204a13603b6ada6a1d491346a6
:1058a4009b0013449b000b4404331b687b613b6add
:1058b4007a699a607b699a683b6ada607b699b685b
:1058c4003a6a04325a603b6a1a1d7b699a603b6ae1
:1058d400da6a13469b0013449b000e4a1a443b6a3f
:1058e4005a613b6ada6a0b4913469b0013449b00d6
:1058f4000b441b683a6ad26a591c064813469b003b
:1059040013449b000344196000bf2837bd4680bd83
:0c591400746b4520a06145208c6b452081
:020000040000fa
:020000040042b8
:1059200080b58eb000aff860b9607a6000233b614b
:105930000023bb820023fb8278681cf073fe786230
:10594000bb68db683b623b6a9b8d002b02d07b6aa5
:10595000002b08d1fb681a4607f1100393e80300f7
:1059600082e8030095e000237b6383e03b6a596a89
:105970007a6b13465b001344db000b445b68fb61ee
:10598000f8691cf04ffeb8613b6a9a6a7b6b13445e
:105990001a783b6a996a7b6b0b4422f00102d2b2ff
:1059a0001a70ba697b6a9a425ed3012387f8333052
:1059b0000023fb6210e07a68fb6a13441a78f969e5
:1059c000fb6a0b441b789a4203d0002387f83330dc
:1059d00006e0fb6a0133fb62fa6a7b6a9a42ead309
:1059e00097f8333083f00103dbb2002b3ed13b6ae2
:1059f0009a6a7b6b13441a783b6a996a7b6b0b44f7
:105a000042f00102d2b21a70fb8a002b04d0bb8a8a
:105a10001a46bb69934202d2bb699bb2bb82fb8a26
:105a200001339bb2fb82fb8a012b02d1fb693b61f4
:105a30001de03b6a1b8cbb6210e03a69bb6a1344f1
:105a40001a78f969bb6a0b441b789a4203d0bb6a87
:105a50009bb2bb820be0bb6a0133bb62bb8a1a46b6
:105a6000bb6a9342e9d302e000bf00e000bf7b6b5a
:105a700001337b633b6a9b8d1a467b6b9342fff637
:105a800075affb681a4607f1100393e8030082e83c
:0a5a90000300f8683837bd4680bdfa
:020000040000fa
:020000040042b8
:105a9a0080b592b000aff860b9607a603b60fb688d
:105aaa003b643b6c002b0cd14ff0800372b683f33e
:105aba001188bff36f8fbff34f8f62b6fb6200bfcf
:105aca00fee7bb68002b03d13b6c1b6c002b01d19a
:105ada00012300e00023002b0cd14ff0800372b6a3
:105aea0083f31188bff36f8fbff34f8f62b6bb6228
:105afa0000bffee73b68022b03d13b6cdb6b012b3b
:105b0a0001d1012300e00023002b0cd14ff08003c8
:105b1a0072b683f31188bff36f8fbff34f8f62b6ec
:105b2a007b6200bffee710f080fceff311824ff0ba
:105b3a00800372b683f31188bff36f8fbff34f8f61
:105b4a0062b63a62fb613b6afb633b6c9a6b3b6ce5
:105b5a00db6b9a4202d33b68022b48d13b6c93f829
:105b6a00453087f83b303b6c9b6b7b633a68b9687e
:105b7a00386c09f006fa97f93b30b3f1ff3f12d1be
:105b8a003b6c5b6a002b2fd03b6c24331846fdf725
:105b9a002efa0346002b27d07b68002b24d07b6883
:105baa0001221a6020e01cf03cfc386397f93b3074
:105bba003a6b9a4218d997f93b307f2b0cd14ff0a8
:105bca00800372b683f31188bff36f8fbff34f8fd1
:105bda0062b6bb6100bffee797f83b300133dbb228
:105bea005ab23b6c83f8452001237b6401e0002311
:105bfa007b64fb6b7b617b6983f3118800bf7b6ce1
:085c0a0018464837bd4680bd75
:020000040000fa
:020000040042b8
:105c120080b58cb002af0346fb710b46bb801346c6
:105c22007b80fb797b847b88b3f5207f65d0b3f5dd
:105c3200207f00f3a180b3f5c17f10d0b3f5c17fff
:105c420000f39a80012b02d0412b40f095807a8894
:105c5200bb881946002018f069fa78628ee00023aa
:105c62007b620023fb61bb887b830b2019f0c1fea2
:105c720038613b69002b09d115f0f7fe7b6a002bd6
:105c820002d0786a0df006f8002378e07b8c0333ab
:105c92009bb223f003039ab240f2ec539b1a9bb2dd
:105ca2007a8b934228bf1346fb817b8c10333a696f
:105cb2001344033323f003031846f9897a8b002334
:105cc20001937b8800930b460146386915f0f7fe75
:105cd2007b6a002b02d13b697b6202e0fb693a6975
:105ce2001a603b69fb617a8bfb89d31a7b830023a1
:105cf2007b847b8b002bb8d140e07b8c03339bb23f
:105d020023f003039ab2bb8803339bb223f003034d
:105d12009bb213443b833b8b1033fb823a8bbb8891
:105d2200033323f003039a4206d3fa8abb88033370
:105d320023f003039a4201d2002320e0fb8a184693
:105d4200fbf799f878627b6a002b01d1002316e0f9
:105d52007b8c10337a6a1344033323f0030318460f
:105d6200b988ba88002301937b8800930b460146c9
:105d7200786a15f0a4fe01e0002300e07b6a184671
:065d82002837bd4680bd7c
:020000040000fa
:020000040042b8
:105d88002de9b00f99b000afc7e91601d7e916237e
:105d98004ff000044ff000051c0e0025d7e916232c
:105da8004ff000004ff000011106002044ea000afd
:105db80045ea010bd7e916234ff000004ff0000128
:105dc800180a002100f47f484ff000094aea080346
:105dd8003b654bea09037b65d7e916234ff00000c2
:105de8004ff00001110200200023bb6401f47f037f
:105df800fb64d7e914452346d7e912010246134349
:105e08003b642b460a4613437b64d7e916234ff0bd
:105e180000004ff00001100e40ea0320190e00f4b4
:105e28007f03bb630023fb63d7e910452346d7e90b
:105e38000e01024613433b632b460a4613437b631a
:105e4800d7e916234ff000004ff00001190641ea88
:105e5800122110060023bb6201f47f43fb62d7e9dd
:105e68000c452346d7e90a01024613433b622b46f9
:105e78000a4613437b62d7e916014ff000024ff040
:105e88000003020a42ea01620b0a02f07f43bb6187
:105e98000023fb61d7e908452346d7e906010246f6
:105ea80013433b612b460a4613437b61d7e916012e
:105eb8004ff000024ff000030b0243ea10630202a6
:105ec8000021b96003f0ff03fb60d7e904452346ce
:105ed800d7e90201024613433b602b460a461343a7
:105ee8007b60d7e90023104619466437bd46bde8f4
:045ef800b00f704730
:020000040000fa
:020000040042b8
:105efc000d0a00001b5b43001b5b44001b5b730023
:105f0c001b5b75001b5b40001b5b50003e200000c0
:105f1c0020000000000000002d6800002d2d686599
:105f2c006c7000001b5b25752563000048656c7068
:105f3c00206973206e6f7420617661696c61626c8c
:105f4c00650000005b0000005d00000020202020a8
:105f5c00000000007c200000286e6f2068656c70cb
:105f6c0029000000436f6d6d616e643a20000000e3
:105f7c0043617465676f72793a20000048656c70f4
:105f8c003a200000436f6d6d616e64202268656c71
:105f9c007022207265636569766573206f6e65206b
:105fac006f72207a65726f20617267756d656e74a1
:105fbc00730000004e6f20646576656c6f706d65c4
:105fcc006e7420636f6d6d616e64732061766169b0
:105fdc006c61626c65000000446576004465706c11
:105fec006f796d656e740000436f6d6d616e64202a
:105ffc002264657622207265636569766573206f0d
:10600c006e65206f72207a65726f20617267756d94
:10601c00656e747300000000556e6b6e6f776e20aa
:10602c00636f6d6d616e643a20220000222e205742
:10603c0072697465202268656c702220666f72200c
:10604c0061206c697374206f6620617661696c6184
:0d605c00626c6520636f6d6d616e64730092
:020000040000fa
:020000040042b8
:10606c0080b58cb000aff860b9607a60fb68002b2b
:10607c0001d1012398e0bb68002b02d0bb68802bb8
:10608c0001d9042390e01af00dfe0346002b01d039
:10609c00052389e0bb680533fb610023fb621ae032
:1060ac000cf018fafb6a0133fb62414b1b680a3394
:1060bc00fa6a9a420fd93f4b00221a603e4b0022db
:1060cc001a603b4b00221a603c4b1b6801333b4a65
:1060dc001360032368e018f067f90246fb699342ea
:1060ec0003d9334b1b68002bdad1fb6a002b05d08c
:1060fc00324b1a68fb6a1344304a136018f054f997
:10610c000246fb69934201d903234de07b687b6116
:10611c00bb68dbb23b76274b1b68bb6200237b6200
:10612c0010e007f114027b6a13441978244abb6a05
:10613c0013440a461a70bb6a0133dbb2bb627b6a3a
:10614c0001337b627b6a042bebd900233b620fe0ab
:10615c00fa683b6a13441978194abb6a13440a4615
:10616c001a70bb6a0133dbb2bb623b6a01333b6220
:10617c003a6abb689a42ebd30e4abb6a13600c4b6b
:10618c001b6801330a4a13600e4b1b6801330d4a1e
:10619c001360074b1a680c4b1b689a4203d9044bcb
:1061ac001b68094a1360002318463037bd4680bd72
:1061bc00186b4520106b4520146b4520206b452037
:0c61cc003c5a45201c6b4520246b4520ec
:020000040000fa
:020000040042b8
:1061d80090b58fb002af03460a46fb711346bb71f8
:1061e800bb7983f00103dbb2002b05d04e4b93f84b
:1061f8003130002b40f093804b4b93f83030002b1c
:1062080048d107f11c0300221a605a609a60da60cc
:106218003b7f012262f304033b773b7f012262f359
:1062280046133b773b7f43f080033b772a237b77fa
:106238003d4bdb783b8408237b841cf0a7f903469d
:10624800022b04d1394b7b62384bbb6203e0384bdd
:106258007b62374bbb627b8c0833bb85354b03f5c0
:10626800805303f5f36407f11c030fcb84e80f0098
:106278002d4b9978bb8df879002200922e4a07f0b1
:10628800fdf8294b012283f83020274b012283f89f
:10629800312045e0244b93f83030012b3ad107f1f7
:1062a8000c0300221a605a609a60da603b7b012274
:1062b80062f304033b733b7b012262f346133b7397
:1062c8003b7b43f080033b73174b93f83230fb81e1
:1062d800154bdb783b827b8a0833fb85154b03f52e
:1062e800805303f5f36407f10c030fcb84e80f0028
:1062f8000d4b9978fb8df879002200920e4a07f031
:10630800bdf8094b022283f83020074b012283f89d
:10631800312005e0044b002283f8312000e000bf63
:106328003437bd4690bd00bf0467452000389c1c2b
:0c633800001bb700a4df44203cf7442009
:020000040000fa
:020000040042b8
:1063440080b5acb002aff860b9607a600121b8687a
:1063540019f040f9c7f8a0000221b86819f03af919
:10636400c7f89c00d7f8a030002b03d0d7f89c3096
:10637400002b08d14549f8680df006ff4449f86838
:106384000df002ff7ee000220021d7f8a0001cf0ef
:10639400bbfbc7f89800d7f89c001cf041f90346f2
:1063a4009bb20133a7f89630b7f89630b3f5807fe7
:1063b40004d93849f8680df0e7fe63e01cf004fbeb
:1063c400c7f89000d7f890301b78002b0cd1b7f8a1
:1063d40096301a46d7f89c10d7f8980009f0e2fdd9
:1063e400034687f8a73016e0b7f896301a46d7f870
:1063f4009c10d7f898000bf0edf9034687f8a73006
:1064040097f8a730002b06d14ff47a7014f052ff9e
:10641400034687f8a73097f8a730002b20d1b7f8a8
:10642400962007f11000d7f89830009313461a4ac3
:1064340080211bf081fe07f110031946f8680df066
:10644400a3fe07f11000d7f89c30144a80211bf0fa
:1064540073fe07f110031946f8680df095fe0de080
:1064640097f8a73007f110000d4a80211bf064fe55
:1064740007f110031946f8680df086fe0949f8681b
:106484000df082fea837bd4680bd00bf7cd540001c
:10649400a0d54000c8d54000f0d540001cd640002f
:0864a400bcd44000dcd0400034
:020000040000fa
:020000040042b8
:1064ac0080b588b002aff860b9607a60fb70bb68e9
:1064bc00002b12d0bb681b68002b0ed0bb681b686e
:1064cc00f968184610f020ff0346002b05d1bb6875
:1064dc001b6803f0f003e02b02d16ff00f038ce08c
:1064ec00fb78fa681946b868f9f7a8ff0346fb82ef
:1064fc00b7f91630002b02dafb8a5bb27de0fb7831
:10650c0003f00403002b0bd0b7f916203d491346ba
:10651c005b001344db000b44143305221a7019e0a2
:10652c00b7f91620374913465b001344db000b44c4
:10653c0014331b78052b02d16ff005035de0b7f91e
:10654c001620304913465b001344db000b44143314
:10655c0002221a70b7f916202a4913465b0013441d
:10656c00db000b440833fa681a60b7f9162013469f
:10657c005b001344db000833224a13440433062225
:10658c00796818461cf03cf8b7f916201d491346db
:10659c005b001344db000b44123300221a80b7f962
:1065ac001620184913465b001344db000b441b6890
:1065bc00002b21d0b7f91620124913465b00134467
:1065cc00db000b441b683b61b7f916200d491346e1
:1065dc005b001344db000b4400221a60fb6803f1e0
:1065ec0022024ff4006300937b683969f86811f05c
:1065fc00bbf838690cf049fb002318461837bd4628
:08660c0080bd00bf345c452095
:020000040000fa
:020000040042b8
:1066140080b588b000af3b600346fb710b46bb718d
:1066240013467b71bb79fb73fb7bdb09dbb24f4aff
:106634001278c2f3c012d2b293421ed03b68002b30
:106644000ad04b4b3b613b691b6803f00103002bf1
:1066540000d000be002384e0fb794449184614f0be
:1066640089fb424b1b69002b05d0404b1b69f87911
:106674003e4a03219847012373e03c4b1b7823f0e7
:106684007f03dbb2002b0cd1384b9b68002b01d16c
:10669400002366e0354b9b683a68364918461bf080
:1066a400b3ff324bda893b689bb213449ab22f4b47
:1066b400da812e4b9a683b6813442c4a93602b4b27
:1066c400da882a4bdb899a4202d03b683f2b31d8c7
:1066d4000123fb77254b1b69002b07d0234b1b6938
:1066e400f879224a022198470346fb77fb7f002b67
:1066f40015d0fb791d49184618f0dafb034683f0e0
:106704000103dbb2002b2ad0194b7b617b691b6828
:1067140003f00103002b00d000be002321e0fb792d
:106724000021184616f074fafb798021184616f0f9
:106734006ffa14e0fb79184609f028fe034683f04b
:106744000103dbb2002b0bd0094bbb61bb691b6897
:1067540003f00103002b00d000be002301e000bfc2
:10676400012318462037bd4680bd00bfd4694520ab
:08677400f0ed00e04c66452049
:020000040000fa
:020000040042b8
:10677c0080b586b000af786039600e23fb827b68f1
:10678c005b890e2b0cd8514b1b8d01339ab24f4b9e
:10679c001a854e4bdb8b01339ab24c4bda838de06e
:1067ac007b68db7b002b06d13b6893f82c300133e4
:1067bc00dab27b68da737b685b683b613b691a7b96
:1067cc005b7b1b021343fb813b691b7803f00103ca
:1067dc00002b23d03b691b78012b0fd13b695b78d5
:1067ec00002b1bd13b699b785e2b17d17b685b7ba5
:1067fc0043f01003dab27b685a730fe03b69062250
:10680c00334918461af051ff0346002b06d17b681a
:10681c005b7b43f00803dab27b685a73fb89082b65
:10682c0003d0b3f5c16f14d034e03b6893f8293032
:10683c0003f00803002b3cd0fb8a1946786811f052
:10684c0095fe0346002b36d139687868f3f7dcfdea
:10685c002de03b6893f8293003f00803002b2cd073
:10686c00fb8a1946786811f081fe0346002b0cd088
:10687c00164b5b8c01339ab2144b5a84134bdb8b43
:10688c0001339ab2114bda8318e03968786803f057
:10689c0063f80ce00d4b1b8d01339ab20b4b1a8530
:1068ac000a4bdb8b01339ab2084bda8306e00023e8
:1068bc0008e000bf02e000bf00e000bf78680cf009
:1068cc00e4f9002318461837bd4680bd3c5b4520d3
:0468dc00682f4400dd
:020000040000fa
:020000040042b8
:1068e00080b584b000af0346fb71022019f082f836
:1068f000f860fb68002b4ed116f040f913f022fd32
:10690000022019f077f8f860fb68002b39d10920d4
:1069100012f04af9022019f06df8f860fb68002bbc
:1069200025d1082012f040f9022019f063f8f86030
:10693000fb68002b11d1fb7918460df033ff0220c4
:1069400019f058f8f860fb68002b06d0364bd3f8e6
:10695000bc301a88013a92b21a80fb68002b06d02c
:10696000314bd3f8bc301a88013a92b21a80fb68d6
:10697000002b06d02c4bd3f8bc301a88013a92b2c7
:106980001a80fb68002b06d0274bd3f8bc301a883e
:10699000013a92b21a80fb68002b3fd09c22002162
:1069a000f8681cf08bf8fb68fa795a75fb6841f2bd
:1069b000d062a3f86420fb6841f2d0625a85fb687c
:1069c0005a8dfb681a85fb68ff22da72fb684ff468
:1069d00006725a86fb680622a3f84020fb6806224e
:1069e000da87fb684ff6ff721a86fb680122a3f86c
:1069f00048200e4b1a68fb681a620d4b1a78fb6828
:106a00009a77fb6841f2d062a3f84a20fb68094af2
:106a1000c3f88420fb68084ac3f89420fb68184632
:106a20001037bd4680bd00bf3c5b4520606c4520f3
:0c6a3000726a4520f9c3430000dd6d00d0
:020000040000fa
:020000040042b8
:106a3c0080b58eb002aff860b9607a603b60fb68dd
:106a4c003b620023fb62bb68002b0cd14ff0800330
:106a5c0072b683f31188bff36f8fbff34f8f62b69b
:106a6c00fb6100bffee73b6a002b0cd14ff08003ab
:106a7c0072b683f31188bff36f8fbff34f8f62b67b
:106a8c00bb6100bffee73b6a1b7f03f00103002bd9
:106a9c0002d004237b620be03b6a1b7f03f00403f0
:106aac00002b03d03b6adb687b6201e000237b6236
:106abc003b68002b3cd012f02fff386a17f094fd86
:106acc00b862ba6a7b6a9a421bd83b6a5b6a1946ff
:106adc00002011f063f93b6a1b69002b0cd04ff0be
:106aec00800372b683f31188bff36f8fbff34f8fa0
:106afc0062b67b6100bffee71af06eff02463b6a8e
:106b0c001a6114f0fffbba6a7b6a9a4214d83b6a8a
:106b1c00586a3b68009300230022002102f074faab
:106b2c003b6a00221a61386a17f05efdb86203e016
:106b3c00386a17f059fdb862ba6a7b6a9a421ed954
:106b4c00bb6a7a68b968386a10f080fff862fb6a31
:106b5c00002b14d01bf0cef9fb685b69002b0cd01a
:106b6c00fb685869fb68596a0023009300230022d4
:106b7c00f5f73afefb6800225a61f9f755fbfb6a00
:086b8c0018463037bd4680bdfc
:020000040000fa
:020000040042b8
:106b940080b582b000af00237b609ae051497a68e7
:106ba40013465b001344db000b4414331b78fb7067
:106bb400fb78002b00f08a80fb78052b00f08680a0
:106bc40048497a6813465b001344db000b441233d4
:106bd4001b88013398b243497a6813465b00134417
:106be400db000b44123302461a803e497a6813468e
:106bf4005b001344db000b4412331b88b3f5967f10
:106c040015d238497a6813465b001344db000b4401
:106c140014331b78012b0ed132497a6813465b007a
:106c24001344db000b4412331b88042b03d978680c
:106c340013f0acf84ae02b497a6813465b0013441e
:106c4400db000b4414331b78032b0ad125497a68e3
:106c540013465b001344db000b44143304221a7004
:106c640034e020497a6813465b001344db000b448c
:106c740014331b78042b0ad11a497a6813465b0033
:106c84001344db000b44143302221a701ee015492e
:106c94007a6813465b001344db000b4414331b78ff
:106ca400012b13d10f497a6813465b001344db00b0
:106cb4000b44083318687a6813465b001344db00fe
:106cc400084a1344043319461af03cfb7b68013329
:106cd4007b607b68092b7ff761af00bf00bf08377b
:086ce400bd4680bd345c452073
:020000040000fa
:020000040042b8
:106cec0080b58ab000af78607b685b689b7887f86a
:106cfc00223097f8223003f00f03082b19d17b6850
:106d0c001b691b687b6210e07b6a00221a7307f117
:106d1c000803796a184615f007fc07f108031846b2
:106d2c00fff7deff7b6a9b687b627b6a002bebd1f3
:106d3c007de097f8223003f0c003002b5dd10123d6
:106d4c0087f8233097f8223003f03003102b0ad148
:106d5c007b685a697b681b699a4204d07b685b69c3
:106d6c0000221a7012e097f8223003f03003202b27
:106d7c0005d097f8223003f03003302b06d17b6816
:106d8c005b6900221a80002387f8233097f82330a0
:106d9c00002b4cd07b685b689b7803f00f03072bb0
:106dac000ad17b685b68d3f80b207b681b6919469a
:106dbc00104616f00bf93ae07b685b68d3f80b30a1
:106dcc00002b0ed07b6818697b685b68d3f80b10be
:106ddc007b685b68b3f807309bb21a461bf010fc5b
:106dec0025e07b6818697b685b68b3f807309bb259
:106dfc001a4600211bf05cfe19e097f8223003f0d4
:106e0c00c003802b13d17b681b6900221a6097f892
:106e1c00223003f03003202b05d097f8223003f0fa
:106e2c003003302b03d17b685b6900221a8000bfd2
:066e3c002837bd4680bdb1
:020000040000fa
:020000040042b8
:106e440080b588b000af78607b68bb610023fb61cc
:106e54007b68002b00f092804b4b1b68ba699a4206
:106e64000cd04ff0800372b683f31188bff36f8f99
:106e7400bff34f8f62b63b6100bffee7bb691b6d7a
:106e8400002b0cd14ff0800372b683f31188bff34b
:106e94006f8fbff34f8f62b6fb6000bffee7bb6925
:106ea4001b6d5a1ebb691a65bb69da6abb69db6c68
:106eb4009a4263d0bb691b6d002b5fd1bb6904335d
:106ec400184614f0a7fd0346002b0ad1bb69db6a00
:106ed400012202fa03f3da432c4b1b6813402b4aba
:106ee4001360bb69da6cbb69da62bb69db6ac3f144
:106ef4000502bb699a61bb69db6a01229a40234b94
:106f04001b681343214a1360bb69da6a204913469c
:106f14009b0013449b000b4404331b687b61bb69d7
:106f24007a699a607b699a68bb69da607b699b6855
:106f3400ba6904325a60bb691a1d7b699a60bb69dd
:106f4400da6a13469b0013449b00114a1a44bb6936
:106f54005a61bb69da6a0e4913469b0013449b00cd
:106f64000b441b68ba69d26a591c094813469b0032
:106f740013449b00034419600123fb61fb69184619
:106f84002037bd4680bd00bf746b45208c6b452007
:046f9400a061452093
:020000040000fa
:020000040042b8
:106f980080b58ab000aff860b9607a60bb685b788a
:106fa8001946786819f07af878627b6a002b06d15e
:106fb800474811f099f8f86817f0b8fa84e0bb6808
:106fc8005b889bb218461af0cfff03467b84bb68e8
:106fd8009b889bb218461af0c7ff03463b843b8c3c
:106fe8001946786a15f096fc034683f00103dbb274
:106ff800002b06d0374811f077f8f86817f096faa2
:1070080062e0bb6803f10a017a8c4ff48063786a06
:1070180000f092fd0346fb83b7f91e30002b06d023
:107028002d4811f061f8f86817f080fa4ce02b4809
:1070380011f05af87b8c0c33184609f0cffab86176
:10704800bb69002b03d1f86817f070fa3ce0bb6904
:1070580010337b617b6901221a70bb685a787b699f
:107068005a707b8c184619f03bfc03461a467b691c
:107078005a803b8c184619f033fc03461a467b6944
:107088009a807b6900229a710022da717b6900225a
:107098001a7200225a727b6903f10a00bb680a332c
:1070a8007a8c19461bf0aefa7b8c0a339ab2bb690c
:1070b8005a810022b969f8680ef058fd0346002b82
:1070c80002d1b86906f036fc2837bd4680bd00bf3e
:1070d800e4184200041942002019420044194200f1
:020000040000fa
:020000040042b8
:1070e80080b58ab002af78600b46fb700023fb774f
:1070f8000023fb75fb7803f00203002b01d001236a
:10710800fb77fb7f9b00dbb203f00403fb75fb7d81
:107118009bb24ff4207219463620fef776fd38618f
:107128003b69002b11d17b685b8b43f080039ab2db
:107138007b685a833d4bb3f89c3001339ab23b4b82
:10714800a3f89c204ff0ff336ce07b68d96dfa7888
:10715800fb7f00930b463969786805f02ffef860cd
:10716800fb68002b11d17b685b8b43f080039ab2dc
:107178007b685a832d4bb3f89c3001339ab22b4b62
:10718800a3f89c204ff0ff334ce07b68db6e002bac
:1071980003d17b68fa68da660de07b68db6ebb6159
:1071a80002e0bb691b68bb61bb691b68002bf8d197
:1071b800bb69fa681a607b680022a3f86820fb782c
:1071c80003f00203002b04d1fb7803f00103002b2a
:1071d80004d07b68db6d5a1c7b68da65fb7803f0aa
:1071e8000103002b06d07b685b8b43f020039ab227
:1071f8007b685a83fb685b68184619f02bf90346cd
:107208001a467b68b3f8663013449ab27b68a3f8d1
:1072180066207b68b3f86630002b02d07b681b6f52
:10722800002b002318462037bd4680bd3c5b452017
:020000040000fa
:020000040042b8
:10723800656e642d6f662d73747265616d00000054
:10724800696f206572726f72000000007661726962
:107258006e74206f766572666c6f7700696e766102
:107268006c696420776972655f74797065000000e5
:10727800706172656e742073747265616d20746fcd
:107288006f2073686f7274006172726179206f7613
:107298006572666c6f770000696e76616c69642050
:1072a8006669656c64207479706500006e6f206d86
:1072b800616c6c6f6320737570706f72740000007e
:1072c80063616c6c6261636b206661696c65640004
:1072d8006d697373696e672072657175697265642b
:1072e800206669656c640000696e76616c6964206b
:1072f800646174615f73697a65000000696e746522
:1073080067657220746f6f206c617267650000009a
:107318006279746573206f766572666c6f770000aa
:1073280073697a6520746f6f206c617267650000fd
:10733800737472696e67206f766572666c6f77001a
:10734800696e76616c6964206669656c6420646541
:107358007363726970746f7200000000696e636f06
:107368007272656374206669786564206c656e67ff
:0e73780074682062797465732073697a650009
:020000040000fa
:020000040042b8
:107386002de9b04f90b002aff860b96011461a46c9
:107396000b46fb8013467b71fb681b69fb62fb6a2d
:1073a600002b5cd0fb6abb624ff0ff337b62bb6a8b
:1073b6003b627b6afb61fb69bb61bb69b3f1ff3f63
:1073c60002d14ff0ff3344e0bb69002b01d100230b
:1073d6003fe0bb6900229846914642464b464ff035
:1073e60000004ff00001590141ead2615001024606
:1073f6000b46b2eb080463eb09054ff000024ff0b1
:107406000003ab0043ea9473a20014461d4614eb36
:10741600080a45eb090b4ff000024ff000034fea54
:10742600cb0343ea5a734feaca0292469b4650463a
:1074360059464ff47a724ff0000318f098ff02464f
:107446000b4613467b617b69002b01d101237b61cf
:107456007b691946386af9f704fa0346002b00bf20
:10746600fb681b8998b2fb685b899bb2f9887a79bd
:107476000192009303460a46b968f8680af039fc97
:107486000346fb80fb689888fb685b899bb2fa8899
:10749600194615f096fb03461a46fb685a81fb68a7
:1074a6001b697b637b6b002b09d07b6b3b630023e3
:1074b60000220021386bf9f7cef80346002b00bff7
:0c74c600fb8818463837bd46bde8b08f83
:020000040000fa
:020000040042b8
:1074d400686f73746e616d65000000006d6f6465a4
:1074e4006c000000726573766973696f6e0000004a
:1074f4004353503a20736f636b6574282920666187
:10750400696c6564000000004353503a207365724f
:10751400766572206c697374656e696e670000002d
:1075240043535020525820706f72743d2564206c70
:10753400656e3d2575000000435350005250415282
:10754400414d3a207461626c6520696e697420460d
:1075540041494c454400000052504152414d3a20ab
:1075640073657276657220696e6974204641494c70
:10757400454400004d4558502d4e6f646500000091
:1075840053414d0076312e302e3200004353503a91
:1075940020696e6974204641494c4544000000004e
:1075a4004353503a20696e697469616c697a656401
:1075b4000000000043414e004353503a2043414ee3
:1075c400206966616365204641494c45442028256d
:1075d400642900004353503a2043414e20696e749d
:1075e400657266616365206164646564000000001f
:1075f4004353503a20726f7574696e6720737461d7
:1076040072746564000000004353503a206e6f6446
:0b761400652025642072656164790028
:020000040000fa
:020000040042b8
:1076200080b592b004aff860b9607a603b603b6ca3
:10763000fb623b68002b0cd14ff0800372b683f3e2
:107640001188bff36f8fbff34f8f62b6bb6200bf6d
:10765000fee73b6c002b0cd14ff0800372b683f336
:107660001188bff36f8fbff34f8f62b67b6200bf8d
:10767000fee7ba68fb689a420cd94ff0800372b6f5
:1076800083f31188bff36f8fbff34f8f62b63b62f6
:1076900000bffee7bb68002b01d10123bb607b6804
:1076a000012b12d1032387f83330fb68042b25d834
:1076b0004ff0800372b683f31188bff36f8fbff36f
:1076c0004f8f62b6fb6100bffee77b68022b12d1d1
:1076d000062387f83330fb68002b0fd14ff080036f
:1076e00072b683f31188bff36f8fbff34f8f62b60b
:1076f000bb6100bffee7022387f8333028233b61dc
:107700003b69282b0cd04ff0800372b683f31188ad
:10771000bff36f8fbff34f8f62b67b6100bffee791
:107720003b68002b19d03b6c002b16d0bb6c02932e
:107730007b6c019397f833300093bb68fa68396823
:10774000f86a11f071fefb6a1b7f43f00203dab2a4
:10775000fb6a1a773b6c7b6301e000237b637b6be6
:0877600018463837bd4680bd14
:020000040000fa
:020000040042b8
:1077680080b586b000af786000237b6112f0d6f850
:107778007b68002b02d1424b1b6800e07b683b61b1
:107788003b690433184614f043f90346002b15d11e
:107798003b69da6a3b4913469b0013449b000b4440
:1077a8001b68002b0ad13b69db6a012202fa03f34a
:1077b800da43354b1b681340334a13603b699b6ab5
:1077c800002b04d03b691833184614f021f92f4bcd
:1077d8001b6801332d4a1360294b1b683a699a428a
:1077e80001d1012300e00023fb60294b1b68002b1b
:1077f80010d0fb68002b0dd03b690433194625488f
:1078080015f006fd244b1b680133234a136001233e
:107818007b6106e0214b1b68013b204a136017f08f
:10782800dbfd13f071fd7b69012b02d0386912f082
:1078380071fb174b1b68002b1dd0114b1b683a6955
:107848009a4218d1164b1b68002b0cd04ff08003be
:1078580072b683f31188bff36f8fbff34f8f62b691
:10786800bb6000bffee70f4b4ff080521a60bff3ba
:107878004f8fbff36f8f00bf1837bd4680bd00bf65
:10788800746b4520a06145208c6b4520a06b45207a
:10789800906b452084694520806b4520846b45208a
:0878a800ac6b452004ed00e08b
:020000040000fa
:020000040042b8
:1078b00080b58eb004af786039607b68002b00f033
:1078c0008f807b681b7d0a2b07d1796846480cf0b6
:1078d000bffb78681af022fe82e000237b6200235f
:1078e0007b847b681b6dbb617b685b6a7b617b68ab
:1078f000d3f890303b617b681b69fb607b681b7d24
:10790000002b26d17b68db8a002b2ed0374b1b68df
:107910007a689a4205d1354b1b68db68334a13609d
:1079200013e0324b1b68fb610ce0fb69db687a6893
:107930009a4204d17b68da68fb69da6005e0fb698a
:10794000db68fb61fb69002befd17b680022da600a
:107950000be03b687b627b68db8a7b847968244828
:107960000cf076fb234b01221a707b681b6f002bf7
:1079700004d07b681b6f184619f0cff87b68db6e6c
:10798000002b04d07b68db6e184619f0c6f87b68c4
:107990005b6f002b04d07b685b6f184619f0bdf855
:1079a0007b6a002b0ed079687b6804337a68128b6f
:1079b00002927a8c019200930b467a69b9697868d1
:1079c00011f0dffe7b681b7dfb7278681af0a6fd64
:1079d0003b69002b04d03b696ff00c01f8689847b5
:1079e0002837bd4680bd00bf706c4520646c4520c3
:0879f0006c6c45206f67452017
:020000040000fa
:020000040042b8
:1079f800c36bc26c93422de9f04706460c4623d26e
:107a08005a1cc2631f782b2f01d02d2f24d1f36b62
:107a1800f26c93421cd25a1cf2631878a0f130031e
:107a2800092b1fd924b1f36c13b1f36b013bf3633a
:107a3800f36c13b1f36b013bf36300244ff0004880
:107a480020464146bde8f08713f066fd0746dae7b1
:107a5800304613f061fde1e7a7f13003092be7d8c1
:107a6800002504e0a7f12d035d425d410746dff8dc
:107a7800bc800024f36bf26c04eb840407eb440431
:107a88009342a4f1300424d25a1cf2631f78a7f160
:107a98003003092b22d9dff898a0dff898904fea35
:107aa800e47800bfa7f13003092b03d8a24579eb8e
:107ab800080316daa7f130000928f26c29d912b1a7
:107ac800f36b013bf363002dbad0644268eb4808be
:107ad800b6e7304613f020fd0746d8e74445c9db32
:107ae800d9e70a22a4fb024302fb0833e41943eb5b
:107af800e773303c43f1ff38f26cf36b934203d2e7
:107b08005a1cf2631f78cde7304613f005fd07468f
:107b1800c8e7f36b934203d25a1cf2631f78c9e794
:107b2800304613f0f9fc0746c4e700bfcccccc0cb8
:087b3800ad47e17a14ae4701ec
:020000040000fa
:020000040042b8
:107b400080b592b002aff860b9607a603b60002304
:107b5000fb630023bb630023fb8683e03b6803f4e5
:107b60000063002b44d0fb689968ba6b13469b00f6
:107b700013449b000b44bb62bb6a1b7987f8273018
:107b800001233b6297f827203b6a9342b8bf134614
:107b9000fb61bb6adb78bb6100233b631fe0bb6a10
:107ba0001b889ab2bb6999b23b6b9bb211fb03f382
:107bb0009bb21344fb82ba68fb6bd118fa8a3b680c
:107bc00000930b46b96af86803f050ff0346fb8642
:107bd000fa6bbb691344fb633b6b01333b633a6b4a
:107be000fb699a423bd2b7f93630002bd7d036e04a
:107bf000ba68fb6b13441b889bb2bb823b6803f4df
:107c00008063002b05d0bb8a18461af04ff9034653
:107c1000bb82fb6b0233fb63b88afb689968fb6825
:107c2000db681a460ef0c4f8f862fb6a002b02d13a
:107c30006ff4fa6321e0b98aba68fb6b1a443b68b7
:107c4000009313460a46f96af86803f00fff0346eb
:107c5000fb86fb6adb781a46fb6b1344fb63bb6b4a
:107c60000133bb63fa6b7b689a4204d2b7f93630b2
:107c7000002b3ff473afb7f9363018464037bd4696
:027c800080bdc5
:020000040000fa
:020000040042b8
:107c820080b588b000af7860396007f11403002234
:107c92001a605a6007f10c0300221a605a603b68ae
:107ca2001b783b753b681b795b00dbb27b753b68dd
:107cb2001b78f22b11d13b681a6907f114030233c6
:107cc2001946104616f04bf907f11403062118461f
:107cd2000ff03cff0346bb7607e007f114030221d5
:107ce20018460ff033ff0346bb7578681af0bdf9ea
:107cf2003b685b7819463b685b7807f10c0207f139
:107d0200140000f07afb00bf19f057fa0346002b6b
:107d1200fad178681af0b6f907f10c03184619f08f
:107d220003fa03469ab24ff0ff33fb61fb695b052e
:107d3200fb61fb695b0dfb61fb699bb213409ab26d
:107d42003b68da823b681b78f22b06d1ba7b3b6830
:107d52001a75fa7c3b685a7519e03b681b78f42b5c
:107d62000fd107f10c030233184617f038f9024617
:107d72003b681a61ba7c3b681a75fa7c3b685a7593
:107d820005e0ba7b3b681a75fa7b3b685a753b681b
:107d92005b7da52b08d07b681b7c43f01003dab215
:107da2007b681a74012307e07b681b7c23f01003b5
:107db200dab27b681a74002318462037bd4680bdac
:020000040000fa
:020000040042b8
:107dc40090b5afb004aff860b9607a6007f194037e
:107dd40000221a605a601a721af0f6fdc7f8a00061
:107de400d7f8a0301b78002b09d107f1940309219f
:107df40018460cf0b3fa034687f8a73013e007f1ee
:107e040094030921184610f0e5f9034687f8a730d2
:107e140097f8a730002b06d14ff47a7013f04afa82
:107e2400034687f8a73097f8a730002b46d12e4990
:107e3400f8680cf0a9f997f894301c4697f8953037
:107e440097f8962097f8971007f114000291019281
:107e540000932346254a80211af06ef907f1140392
:107e64001946f8680cf090f997f898301a4697f884
:107e7400993007f11400009313461d4a80211af02b
:107e84005bf907f114031946f8680cf07df997f8cb
:107e94009a30194697f89b3097f89c2007f1140004
:107ea400019200930b46134a80211af045f907f119
:107eb40014031946f8680cf067f90de097f8a73039
:107ec40007f114000c4a80211af036f907f1140363
:107ed4001946f8680cf058f90849f8680cf054f998
:107ee40000bfac37bd4690bd88d340009cd3400052
:107ef400c4d34000e4d3400008d44000dcd04000a8
:020000040000fa
:020000040042b8
:107f040080b586b000af78607b683b6100237b61fd
:107f14007b68002b00f089803b69da6a454b1b685b
:107f2400db6a9a4278d23b699b69002b06db414ba2
:107f34001b68db6ac3f105023b699a613b695969b5
:107f44003b69da6a13469b0013449b003a4a134484
:107f5400994259d13b690433184613f05bfd03463b
:107f6400002b0ad13b69db6a012202fa03f3da43ec
:107f7400324b1b681340314a13602e4b1b68da6a7c
:107f84003b69da623b69db6a01229a402b4b1b682e
:107f940013432a4a13603b69da6a274913469b0054
:107fa40013449b000b4404331b68fb603b69fa6871
:107fb4009a60fb689a683b69da60fb689b683a6977
:107fc40004325a603b691a1dfb689a603b69da6a9d
:107fd40013469b0013449b00174a1a443b695a6199
:107fe4003b69da6a144913469b0013449b000b4413
:107ff4001b683a69d26a591c0f4813469b00134404
:108004009b000344196004e00a4b1b68da6a3b696d
:10801400da6201237b6108e03b69da6c054b1b687b
:10802400db6a9a4201d201237b617b6918461837c7
:10803400bd4680bd746b4520a06145208c6b4520f6
:020000040000fa
:020000040042b8
:1080440080b590b000aff860b9607a60fb68bb633c
:10805400bb6b002b0cd14ff0800372b683f31188f5
:10806400bff36f8fbff34f8f62b67b6200bffee733
:10807400bb68002b03d1bb6b1b6c002b01d101230c
:1080840000e00023002b0cd14ff0800372b683f381
:108094001188bff36f8fbff34f8f62b63b6200bf8f
:1080a400fee70ef0c5f9eff311824ff0800372b6cc
:1080b40083f31188bff36f8fbff34f8f62b6fa61fa
:1080c400bb61fb697b63bb6b9b6b3b633b6b002bb3
:1080d40048d0bb6b93f8443087f82f30b968b86b3d
:1080e40014f066fc3b6b5a1ebb6b9a6397f92f30f6
:1080f400b3f1ff3f12d1bb6b1b69002b2fd0bb6bbd
:1081040010331846faf776ff0346002b27d07b6816
:10811400002b24d07b6801221a6020e01af084f935
:10812400b86297f92f30ba6a9a4218d997f92f3062
:108134007f2b0cd14ff0800372b683f31188bff309
:108144006f8fbff34f8f62b67b6100bffee797f876
:108154002f300133dbb25ab2bb6b83f844200123c6
:10816400fb6301e00023fb637b6b3b613b6983f3af
:0e817400118800bffb6b18464037bd4680bd2a
:020000040000fa
:020000040042b8
:108184002de9b04f8cb000af78613961fa6007f126
:1081940018031946786908f06ffc034683f001035d
:1081a400dbb2002b01d000237fe03b69b3f807303a
:1081b4009bb2082b04d1d7e90623c7e90a2309e0b7
:1081c400d7e906231346da173b607a60d7e9002320
:1081d400c7e90a233b69b3f807309bb2082b0ad1dd
:1081e400f968d7e90a23c1e90023fb68d3e900232e
:1081f400c7e9082344e03b69b3f807309bb2042b7a
:108204000ad1ba6afb681a60fb681b68da179a46d7
:108214009346c7e908ab33e03b69b3f807309bb238
:10822400022b0dd1b7f92820fb681a80fb68b3f93b
:1082340000301bb2da1798469146c7e908891fe057
:108244003b69b3f807309bb2012b0dd197f9282075
:10825400fb681a70fb6893f900305bb2da171c46ae
:108264001546c7e908450be07b69db68002b02d0a3
:108274007b69db6800e00f4b7a69d360002314e06c
:10828400d7e90801d7e90a23994208bf90420bd0e5
:108294007b69db68002b02d07b69db6800e0064b5e
:1082a4007a69d360002300e0012318463037bd46c5
:0c82b400bde8b08ff0724200047342007d
:020000040000fa
:020000040042b8
:1082c00080b586b004af78600b46fb701346bb7078
:1082d0007b681b7f002b01d1002379e07b685a7fec
:1082e000fb781343dab27b685a777b681b7f042bd9
:1082f0002dd07b6804221a771af052fd02467b6863
:108300005a61bb78002b0bd07b68db8b1a467b68ed
:108310009b8c009313460a2200217868f5f7a4fa93
:108320002d4b5b79002b0dd0fa78bb78002b01d058
:108330002a4b00e02a4b009313467a68294905200e
:1083400006f0f8fe7b684833184615f0b5fc7b68ec
:108350005b7f072b2bd0204b5b79002b24d0f87848
:108360007b685b7f03f00103002b01d01c4b00e016
:108370001d4b7a68527f02f00202002a01d0184a8f
:1083800000e01a4a7968497f01f00401002901d010
:10839000134900e0164902910192009303467a685e
:1083a0001449052006f0c6fe6ff00b0310e00a4bdf
:1083b0005b79002b05d0fb787a680f49052006f021
:1083c000b9fe7b6800221a777b6800225a77002367
:1083d00018460837bd4680bdb074452024114100c1
:1083e0003011410034114100601141006c11410015
:0c83f0007811410084114100b4114100db
:020000040000fa
:020000040042b8
:1083fc0080b489b000aff860b9607a603b6000234c
:10840c00fb77474b1b7fdbb283f00103dbb2002b06
:10841c007ed0bb68002b02d0fb68002b05d13b68db
:10842c00002b75d07b68002b72d00123fb773c4b63
:10843c0001221a773a4afb681360394a7b68536009
:10844c00374b00225a61364b00229a61344b002282
:10845c001a61fb68002b03d0314abb68936002e0c1
:10846c002f4b00229a607b68002b03d02c4a3b6870
:10847c00d36002e02a4b0022da602a4b4ff4807260
:10848c001a60284b5b6903f00103002b02d0254bcb
:10849c009b69bb61224b9b687b61214bdb687a69d2
:1084ac009a4205d21e4bda687b69d31a1c4a1361b7
:1084bc001c4b5b6803f0c003c02b1fd1194b4ff44e
:1084cc0080221a60164b9b697a699a420ad9144b1e
:1084dc001b681a78134bda61114b9b690133104af4
:1084ec0093610be00e4b1b69002b07d00d4bff2249
:1084fc00da610b4b1b69013b094a13613b68002b8a
:10850c0003d0084b01229a6002e0064b02229a60cb
:10851c00fb7f18462437bd465df8047b704700bfcf
:08852c00fc67452000c002407d
:020000040000fa
:020000040042b8
:1085340080b584b000aff860b9607a6019f0fcfed1
:108544000346002b04d03949f8680bf01dfe03e004
:108554003749f8680bf018fe19f0fafe0346002bb1
:1085640004d03449f8680bf00ffe03e03249f86890
:108574000bf00afe19f0f8fe0346002b04d02f4935
:10858400f8680bf001fe03e02d49f8680bf0fcfde0
:1085940019f0eafe0346002b04d02849f8680bf0d2
:1085a400f3fd03e02649f8680bf0eefd19f0e8fe50
:1085b4000346002b04d02349f8680bf0e5fd03e0e3
:1085c4002149f8680bf0e0fd19f0e6fe0346002ba4
:1085d40004d01e49f8680bf0d7fd03e01c49f86885
:1085e4000bf0d2fd19f0e4fe0346002b04d0194928
:1085f400f8680bf0c9fd03e01749f8680bf0c4fdf7
:1086040019f0e2fe0346002b04d01449f8680bf07d
:10861400bbfd03e01249f8680bf0b6fd1149f86898
:108624000bf0b2fd00bf1037bd4680bd98de4000a0
:10863400a8de4000ecde40000cdf400050df4000cc
:1086440060df400098df4000a8df4000ecdf40001e
:1086540004e040003ce040004ce0400084e0400086
:0886640098e04000dcd040006a
:020000040000fa
:020000040042b8
:10866c0080b588b002aff8600b467a60fb72fb688d
:10867c00002b01d1384bfb605c22002137481af0eb
:10868c0017fa0a22f96835481af008fc334b334aba
:10869c00da60324b324a1a61304b304a5a612f4bf6
:1086ac00304a1a652d4b012283f859202b4b00229e
:1086bc0083f858202c4801f00bfb00222b4900209a
:1086cc0016f08afa00222a49012016f085fa0021b8
:1086dc00284817f077ff28480ff0ecfd78617b698c
:1086ec00002b0ad0254b1b78002b04d07a69244927
:1086fc00002006f019fd7b6929e0224b019303232e
:10870c000093164b4ff4a0621f49204814f0ddff74
:10871c0038613b69012b0ad0184b1b78002b03d016
:10872c001b49002006f000fd4ff0ff330fe07b6883
:10873c00002b02d07b68104a1a60104b9b78002be0
:10874c0004d0fa681349022006f0eefc0023184608
:10875c001837bd4680bd00bfa86143002c6445207e
:10876c0078644520b9cf4200e449452059f94300cb
:10877c008df94300f726440038644520b074452039
:10878c00ac61430080644520d861430001954300ef
:08879c00e461430000624300a8
:020000040000fa
:020000040042b8
:1087a40080b588b000af78607b68002b00f08680cd
:1087b4007b6803f00303002b0ed01af0e1faf86093
:1087c400404bb3f8b03001339ab23e4ba3f8b0201b
:1087d400f8681af003f972e07b68083bfb613a4bd6
:1087e4001b68fa699a4206d37b6803f10c02374b83
:1087f4001b689a420ed91af0c3fa3861314bb3f8a8
:10880400b03001339ab22f4ba3f8b02038691af074
:10881400e5f854e02e4819f0c3f8fb691b79002be6
:1088240011d12b4819f05cfb1af0aafa7861254b98
:10883400b3f8b03001339ab2224ba3f8b020786970
:108844001af0ccf83be0f8690ff09cfb0346002bd0
:1088540011d11f4819f044fb1af092fab861194b70
:10886400b3f8b03001339ab2164ba3f8b020b8690c
:108874001af0b4f823e0fb6900221a71154b1b6847
:10888400fa699a4202d2134afb6913600d4bb3f89a
:10889400ac200d4b1b68f969cb1a99b2fb691b8894
:1088a400cb1a9bb213449ab2064ba3f8ac20f869d6
:1088b40007f01af9064819f013fb00e000bf20374f
:1088c400bd4680bd3c5b4520186c45201c6c452092
:0888d400206c4520246c4520b6
:020000040000fa
:020000040042b8
:1088dc0025733a2025643a25642c2073656e6469ef
:1088ec006e672061742025702073697a6520257568
:1088fc000000000025733a2025753a25752c206957
:10890c006e76616c6964206d6573736167652c208c
:10891c0069642e666c6167733a20307825782c2058
:10892c006c656e6774683a202575000025733a20d3
:10893c0025753a25752c20667261676d656e7420fd
:10894c00256c752f256c750025733a2025753a25f5
:10895c00752c20696e76616c6964206d657373612a
:10896c0067652c206f666673657420256c752028ee
:10897c00657870656374656420256c75292c206c92
:10898c00656e6774683a2025752c20746f74616c61
:10899c0073697a6520256c750000000025733a20f8
:1089ac0025753a25752c206373705f6d616c6c6f47
:1089bc006328256c7529206661696c65640000006c
:1089cc0025733a2025753a25752c20696e76616cd5
:1089dc0069642073697a652c207366702e6f6666e5
:1089ec007365743a20256c752c206c656e67746801
:1089fc003a2025752c20746f74616c3a20256c75a7
:078a0c00202f20256c7500ee
:020000040000fa
:020000040042b8
:108a140080b586b000af78600b46fb707b68002b96
:108a240001d104238be07b681b7a032b34d1fb78c0
:108a3400182b01d9042382e000237b6108e07a68c3
:108a44007b691344093300221a707b6901337b610b
:108a54007b681b7a1a467b699342f0dbfb78002b18
:108a640069d0fb78013b002b00da0733db107b7302
:108a7400fb78013b5a4203f0070302f0070258bf98
:108a840053423b733b7b01229a407b7bd1b27a6891
:108a940013440a465a724ee07b681b7a012b14d1a8
:108aa400fb78082b01d9042349e0fb78002b08d07c
:108ab400fb78013b012202fa03f3dab27b685a72b3
:108ac40039e07b6800225a7235e000233b6108e0fc
:108ad4007a683b691344093300221a703b690133f5
:108ae4003b617b681b7a1a463b699342f0dbfb7857
:108af400002b20d0fb78013b002b00da0733db107e
:108b0400fb73fb78013b5a4203f0070302f00702b0
:108b140058bf5342bb737b681b7afa7b9a4201d3da
:108b240004230ce0bb7b01229a40fb7bd1b27a6820
:108b340013440a465a7278680df0aaf80346184698
:068b44001837bd4680bd9c
:020000040000fa
:020000040042b8
:108b4c0080b584b000af0023fb730023bb73434b91
:108b5c001b6dbb60ba68424b1340002b10d03f49d1
:108b6c00ba683f4b13400b653e4b1b68002b07d07c
:108b7c003c4b5b687b603b4b1b687968b8689847db
:108b8c00bb6803f00103002b16d0344b01221a658d
:108b9c00324bd3f8a430dbb203f07f03fb73324bc0
:108bac001b68002b08d0304b5b687b602e4b1b681e
:108bbc00fa7b796810469847bb6803f01003002bca
:108bcc0016d0264b10221a65244bd3f8b430dbb2e6
:108bdc0003f07f03fb73244b9b68002b08d0224bc4
:108bec00db687b60204b9b68fa7b79681046984762
:108bfc00bb6803f40063002b0ed0184b4ff40062db
:108c0c001a651a4b1b68002b06d0184b5b687b60ef
:108c1c00164b1b6878689847bb6803f48053002b8d
:108c2c0017d00e4b4ff480521a650c4bd3f8f4301e
:108c3c00dbb203f03f03bb730d4b1b68002b08d05a
:108c4c000b4b5b687b600a4b1b68ba7b79681046e0
:108c5c00984700bf1037bd4680bd00bf00400340a1
:108c6c00eee7ffffb46a4520e8694520a46a452079
:048c7c00ac6a452079
:020000040000fa
:020000040042b8
:108c800090b58bb000af7860002387f827307b6801
:108c9000db6e3b623b6a002b01d1002386e07b68e0
:108ca00093f89a30ff2b07d07b6893f89a30013302
:108cb000dab27b6883f89a203b6adb689b899bb2b7
:108cc000184617f03dfe0346dbb203f00103002b0c
:108cd00005d03b6a1b89002b01d1012300e0002352
:108ce000fb77fb7f002b0cbf01230023dbb2bb8390
:108cf00097f8273099b23b6adb685b68ba8b786873
:108d000012f078f9b861bb69002b02d14ff0ff3344
:108d10004ce0bb695b687b61fb7f002b11d07b69fa
:108d20009b899bb21bb223f47c531cb2112017f019
:108d300007fe03461bb223431bb29ab27b699a819a
:108d400010e0bb695b6814333b613b6a58683b6a5f
:108d50005b681a893b6a1b89d31a9bb20122396965
:108d600009f098f93b6adb685b68184616f0f5fe77
:108d700003460133fb607b681a6dfb68d31a002b36
:108d800002da7b68fa681a6597f827300022b96919
:108d9000786816f014ff7a687b680433b9697868dc
:108da0000af0e2fc0346fb7297f90b3018462c37a9
:048db000bd4690bd6f
:020000040000fa
:020000040042b8
:108db40080b489b000aff860b9607a603b6000238a
:108dc400fb77454b1b7fdbb283f00103dbb2002b47
:108dd4007ad0bb68002b02d0fb68002b05d13b681e
:108de400002b71d07b68002b6ed00123fb773a4bac
:108df40001221a77384afb681360374a7b6853604c
:108e0400354b00225a61344b00229a61324b0022c6
:108e14001a61fb68002b03d02f4abb68936002e001
:108e24002d4b00229a607b68002b03d02a4a3b68b2
:108e3400d36002e0284b0022da60284b4ff48072a2
:108e44001a60264b5b6903f00103002b02d0234b0d
:108e54009b69bb61204b9b687b611f4bdb687a6914
:108e64009a4205d21c4bda687b69d31a1a4a1361f9
:108e74001a4b5b6803f0c003c02b1bd1164b9b69d4
:108e84007a699a420ad9144b1b681a78134bda612f
:108e9400114b9b690133104a93610be00e4b1b6924
:108ea400002b07d00d4bff22da610b4b1b69013bf2
:108eb400094a13613b68002b03d0084b01229a60d6
:108ec40002e0064b02229a60fb7f18462437bd4617
:108ed4005df8047b704700bfd06745200040024026
:020000040000fa
:020000040042b8
:108ee40080b584b000af786010f01afd414b1b6868
:108ef4000133404a1360404b1b68002b09d13e4aa2
:108f04007b6813603b4b1b68012b10d10ef040f8bb
:108f14000de03a4b1b68002b09d1374b1b68da6a0a
:108f24007b68db6a9a4202d8334a7b681360344b0d
:108f34001b680133324a1360314b1a687b685a64e8
:108f44007b68db6a01229a402e4b1b6813432d4a2f
:108f540013607b68da6a2c4913469b0013449b0018
:108f64000b4404331b68fb607b68fa689a60fb68f7
:108f74009a687b68da60fb689b687a6804325a6096
:108f84007b681a1dfb689a607b68da6a13469b004b
:108f940013449b001c4a1a447b685a617b68da6a52
:108fa400194913469b0013449b000b441b687a68c1
:108fb400d26a591c144813469b0013449b00034473
:108fc400196012f0a3f90d4b1b68002b0ed00a4b4d
:108fd4001b68da6a7b68db6a9a4207d20b4b4ff054
:108fe40080521a60bff34f8fbff36f8f00bf1037eb
:108ff400bd4680bd846b4520746b4520906b452035
:10900400a06b45208c6b4520a061452004ed00e059
:020000040000fa
:020000040042b8
:1090140080b588b000aff860b9607a603b60002327
:10902400bb61fb68002b0cd04ff0800372b683f356
:109034001188bff36f8fbff34f8f62b63b6100bfe0
:10904400fee718f05bff10f06bfc3b4b1a68fb6803
:10905400134458331b78dbb2022b1ad0364b1a68f0
:10906400fb6814339b0013445968bb68db43194005
:10907400fb6814339b00134459602f4b1a68fb6838
:109084001344583301221a70bb6a002b01d0012308
:10909400bb6112f03bf9bb69012b03d10121b86a12
:1090a40003f086f9f7f7c4f87861bb69012b0ad19c
:1090b4007b69002b07d1214b4ff080521a60bff31c
:1090c4004f8fbff36f8f10f02bfc3b68002b08d041
:1090d400194b1a68fb6814339b0013445a683b68a5
:1090e4001a60154b1a68fb68134458331b78dbb2bb
:1090f400022b02d00023fb6110e00f4b1a68fb68bf
:1091040014339b00134459687b68db431940fb68a4
:1091140014339b00134459600123fb61064b1a6806
:10912400fb681344583300221a7012f0eff8fb69fd
:1091340018462037bd4680bd746b452004ed00e021
:020000040000fa
:020000040042b8
:1091440080b586b000af03463a60fb710b46bb7135
:109154000023fb750023bb750023bb603b683b61a8
:109164000023fb733b68002b01d1fb7b76e0fb798a
:10917400002b02d0012b38d06fe03a4bd3f8a43047
:109184001b0adbb203f03f03fb750023bb751de034
:10919400354b1a68fb7d1b011344bb601022b96870
:1091a400386919f031fabb7d5a1cbb799a4212d046
:1091b4003b6910333b61fb7d0133fb75fb7d202b49
:1091c40001d10023fb75bb7d0133bb75ba7dbb792f
:1091d4009a42ddd300e000bffb7d224a03f03f0347
:1091e400c2f8a8300123fb7337e01e4bd3f8b43028
:1091f4001b0adbb203f03f03fb750023bb751de0c4
:10920400194b5a68fb7d1b011344bb601022b968db
:10921400386919f0f9f9bb7d5a1cbb799a4212d00e
:109224003b6910333b61fb7d0133fb75fb7d082bf0
:1092340001d10023fb75bb7d0133bb75ba7dbb79be
:109244009a42ddd300e000bffb7d064a03f03f03f2
:10925400c2f8b8300123fb7300bffb7b18461837f4
:0c926400bd4680bd00400340f868452076
:020000040000fa
:020000040042b8
:10927000b0b59eb002aff860b9607a600121b868fd
:1092800016f0aaf9b866bb6e002b08d13a49f86807
:109290000af07cff3949f8680af078ff69e000229b
:1092a0000021b86e19f032fc034687f8673097f852
:1092b0006730042b04d93249f8680af067ff58e098
:1092c00097f86730542202fb03f32e4a13443b669f
:1092d00097f8674097f86730184610f0bbfa0346d6
:1092e00007f1100000932346274a502118f026ff6b
:1092f00007f110031946f8680af048ff3b6edd6875
:109300003b6e5c69386e15f021fd034607f11000d5
:10931000019300942b461d4a502118f00fff07f1ce
:1093200010031946f8680af031ff1949f8680af085
:109330002dff0023fb660fe03b6e9968fa6e134623
:109340009b0013449b000b441a46396ef868f0f7f3
:10935000aff9fb6e0133fb663b6edb68fa6e9a4237
:10936000ead30c49f8680af011ff0b49f8680af0d3
:109370000dff7037bd46b0bd78dc400098dc400082
:10938000ccdc4000e4514520e8dc400000dd40003a
:0c9390002cdd400030dd4000dcd040004f
:020000040000fa
:020000040042b8
:10939c0080b588b000aff8607a603b600b46fb721a
:1093ac00fb68002b05d07b68002b02d03b68002ba0
:1093bc0001dc042379e0fb681b68022b01d9042330
:1093cc0073e0fb681b683b4a52f82330bb61bb69f6
:1093dc00002b01d1042368e0fb7a1b0403f4fe0389
:1093ec0043f48052bb695a60bb690022da603b6867
:1093fc00012b23d1bb6903221a60bb692033642281
:10940c000221184618f096f80346bb75bb7d002b5d
:10941c0001d0bb7d49e0b86917f0fcfd0346002b79
:10942c0001d0062341e0bb691b6bdab27b681a7072
:10943c006421b86912f05afd034636e0bb6901227b
:10944c001a600023fb6127e03b68013bfa699a42f2
:10945c0002d1bb6902221a60bb692033642202214b
:10946c00184618f067f80346fb75fb7d002b01d0fe
:10947c00fb7d1ae0b86917f0cdfd0346002b01d037
:10948c00062312e0bb69196bfb697a681344cab2f4
:10949c001a70fb690133fb61fa693b689a42d3dbb2
:1094ac006421b86912f022fd034618462037bd46e8
:0894bc0080bd00bf782e4400c2
:020000040000fa
:020000040042b8
:1094c40080b5acb002aff860b9607a600121b868c9
:1094d40016f080f8c7f8a4000221b86816f07af8ec
:1094e400c7f8a000d7f8a430002b03d0d7f8a030d9
:1094f400002b08d13449f8680af046fe3349f8686d
:109504000af042fe5ce007f114030a221946d7f878
:10951400a40019f0f9fac7f89c007b691b78002baa
:1095240004d02b49f8680af02ffe49e007f1140330
:109534000a221946d7f8a00019f0e6fac7f89800ed
:109544007b691b78002b04d02249f8680af01cfec2
:1095540036e0d7f89c30002b03d0d7f89c30082b8a
:1095640004d91d49f8680af00ffe29e0d7f89830ad
:10957400642b04d91949f8680af006fe20e0d7f8ec
:109584009c30dbb2013bdbb2d7f89820d2b2114653
:109594001846f6f735fc07f11800d7f89830009311
:1095a400d7f89c300e4a802118f0c6fd07f1180345
:1095b4001946f8680af0e8fd0a49f8680af0e4fd7b
:1095c400a837bd4680bd00bfe0e0400010e1400088
:1095d4002ce1400054e140007ce14000a0e1400067
:0895e400c4e14000dcd04000ae
:020000040000fa
:020000040042b8
:1095ec0080b584b000af78600b46fb707b68db689d
:1095fc00fb60fb6893f832300d2b02d1fb780a2b01
:10960c0078d0fb6893f832300a2b02d1fb780d2b03
:10961c0070d0fb780d2b02d0fb780a2b29d17868ff
:10962c0000f07afc354b1b681946786814f0b3fcd3
:10963c00fb681b8c002b02d07868f3f797fdfb6856
:10964c0000221a84fb68db69fa68128c134400222e
:10965c001a70fb6800221a86fb6800225a81fb688c
:10966c0000229a86fb681b681946786814f093fcf4
:10967c0041e0fb78082b02d0fb787f2b33d1fb68c1
:10968c001b8c1a46fb689b8ed31a002b2bdd1c4bb4
:10969c001b681946786814f07efc1a4b1b68194637
:1096ac00786814f078fcfb68db69184618f0b4ff96
:1096bc000246fb689b8ed31abb60fb68da69bb68f9
:1096cc00013bd018fb68da69bb68d118fb689b8e2c
:1096dc0001331a4615f048f9fb681b8c013b9ab212
:1096ec00fb681a8407e0fb78092b04d1786800f03a
:1096fc0013fc00e000bf1037bd4680bdcc74452084
:08970c00d4744520e4744520eb
:020000040000fa
:020000040042b8
:1097140080b588b000af03460a46fb711346bb8090
:109724000023fb61fb79052b16d0052b3edc002bb7
:1097340002d0032b09d039e03a4b1b681b889ab23c
:10974400394b5a800123fb615be0384b20211846da
:1097540009f00cfff86154e00023bb6122e0344ab5
:10976400bb6913441b781b09dbb203f00f03314ab6
:10977400d15cfb695a1cfa6101332b4a22f813109d
:109784002b4abb6913441b7803f00f03294ad15cad
:10979400fb695a1cfa610133234a22f81310bb698e
:1097a4000133bb61bb69052bd9d92ae0fb79052bb1
:1097b40001d9002331e0fb791a4a52f823303b6186
:1097c400386918f02dfff8612023fb60fa69fb6803
:1097d4009a4201d9fb68fb6100237b610ce03a6982
:1097e4007b6913441a787b69013311460e4a22f8c7
:1097f40013107b6901337b617a69fb699a42eed36a
:1098040000bffb699bb201339bb25b009bb243f484
:1098140040739ab2044b1a80034b18462037bd4656
:1098240080bd00bf10734520c8654520ca6545202a
:08983400b874452030a0430088
:020000040000fa
:020000040042b8
:10983c0080b586b000af7860396001237b617b68ae
:10984c003b613b69002b0cd14ff0800372b683f364
:10985c001188bff36f8fbff34f8f62b6fb6000bff1
:10986c00fee73b69002b5dd03b69db6b002b59d0cd
:10987c003b691a6c3b69db6b0021a3fb0223002bb9
:10988c0000d001210b46002b4cd110f045f83b6960
:10989c001a683b69db6b3969096c01fb03f31a44e9
:1098ac003b699a603b6900229a633b691a683b6981
:1098bc005a603b691a683b69db6b013b3969096c7f
:1098cc0001fb03f31a443b69da603b69ff2283f81e
:1098dc0044203b69ff2283f845203b68002b14d1c0
:1098ec003b691b69002b1ad03b6910331846f9f7fa
:1098fc007dfb0346002b12d0164b4ff080521a60a2
:10990c00bff34f8fbff36f8f09e03b6910331846dd
:10991c0014f02afe3b692433184614f025fe11f08e
:10992c00f1fc01e000237b617b69002b0cd14ff033
:10993c00800372b683f31188bff36f8fbff34f8f21
:10994c0062b6bb6000bffee77b6918461837bd46a0
:08995c0080bd00bf04ed00e036
:020000040000fa
:020000040042b8
:10996400b0b58ab004af786039603b68002b00f072
:1099740086807b685b683b613b691b889bb2b3f55f
:10998400807f0cd13b691b79062b08d13b695b793d
:10999400042b04d13b695b889bb2082b0fd0394b55
:1099a4001b8d01339ab2374b1a85364bdb8b01334f
:1099b4009ab2344bda83786809f06bf95fe0314b83
:1099c4005b8b01339ab22f4b5a833b690e331b686e
:1099d400fb603b6918331b68bb603b681b68002b4a
:1099e40002d10023fb7508e0ba683b681b689a4201
:1099f4000cbf01230023dbb2fb753b6903f10802b2
:109a0400fb7d002b01d0012300e0022307f10c01b0
:109a14003868fcf749fd3b69db889bb2b3f5807f6e
:109a240003d0b3f5007f24d01ce0fb7d002b22d0b3
:109a34003b6803f122003b6903f108043b6803f12e
:109a440022053b683a6908320221039107f10c01af
:109a54000291019200932b4622460146386804f095
:109a640023ff08e0074b9b8d01339ab2054b9a857f
:109a740002e000bf00e000bf786809f00af9183777
:089a8400bd46b0bd3c5b45206e
:020000040000fa
:020000040042b8
:109a8c0080b588b000aff8600b467a60fb7200239b
:109a9c00fb61fb68002b02d1f023fb7672e0fb68c4
:109aac001b7d002b02d0f123fb766be0fb681b7d4a
:109abc00012b04d1fb68fb61f723fb7662e00320ea
:109acc0015f092fff861fb69002b02d1ff23fb76a6
:109adc0058e0fb681a69fb691a61fb68da8afb6952
:109aec00da82fb6901221a75fb685a7dfb695a758b
:109afc00fb685a7afb695a72fb6900221a72fb687e
:109b0c00da7afb69da72fb689a7afb699a72fb68fb
:109b1c001a68fb691a60fb68db8a002b21d01f4b8b
:109b2c001b68fa689a4205d11c4b1b68db681b4a00
:109b3c00136013e0194b1b687b610ce07b69db68dd
:109b4c00fa689a4204d1fb68da687b69da6005e04e
:109b5c007b69db687b617b69002befd1fb680022a2
:109b6c00da60f86818f0d4fcfb690d4a9a610d4b69
:109b7c001a68fb69da600b4afb69136014f054fe37
:109b8c000023fb767b68002b02d07b68fa7e1a7070
:109b9c00fb6918462037bd4680bd00bf646c45206c
:089bac00251b4400686c4520f4
:020000040000fa
:020000040042b8
:109bb40080b582b000af464b5b790133dab2444bd7
:109bc4005a71434b5b793b2b52d9414b00225a715a
:109bd4003f4b1b790133dab23d4b1a713c4b1b7975
:109be4003b2b45d93a4b00221a71394bdb780133b0
:109bf400dab2374bda70364bdb78172b38d9344b63
:109c04000022da70324b1b780133dab2304b1a700f
:109c14002f4b9b7803f5fa63fb802d4b5b78fa8816
:109c24001146184615f080f903467b71284b1b78c2
:109c34007a799a421cd2264b01221a70244b5b7803
:109c44000133dab2224b5a70214b5b780c2b0fd9bb
:109c54001f4b01225a701e4b9b780133dab21c4b06
:109c64009a701b4b9b78632b02d9194b00229a7074
:109c7400184b9b790133dab2164b9a71154b9b79c9
:109c84003b2b21d9134b00229a71124b5b79013380
:109c9400dab2104b5a710f4b5b793b2b14d90d4b35
:109ca40000225a710b4b1b790133dab2094b1a713a
:109cb400084b1b79172b07d9064b00221a71054b49
:109cc4001b680133034a136000bf0837bd4680bddb
:089cd400c0744520dc6a452044
:020000040000fa
:020000040042b8
:109cdc0080b584b000af78600023fb607b68bb600c
:109cec004ff480620021786818f0e2fe3c4b9b69cf
:109cfc003b4a43f00103936100bf394b9b6903f06e
:109d0c000103012bf9d1364b9b69354a43f0020311
:109d1c009361bb68334a13604ff40073fb60314ba3
:109d2c001b689b089b009ab22d492f4b1343c1f81b
:109d3c00a030ba68fb6813441a462a4b5a60fb6879
:109d4c008033fb60274b5b689b089b009ab22449cd
:109d5c00264b1343c1f8b030ba68fb6813441a465b
:109d6c00204bda60fb6803f58073fb601d4bdb68ee
:109d7c009b089b009bb21a4a43f08053c2f8c03038
:109d8c00ba68fb6813441a46164b1a61fb68803399
:109d9c00fb60144b1b699b089b009bb2104a43f061
:109dac000163c2f8f030124bd3f814319ab2bb688d
:109dbc001b0c1b040e491343c1f81431084b9b694f
:109dcc00074a23f00103936100bf054b9b6903f025
:109ddc000103012bf9d000bf00bf1037bd4680bd79
:109dec0000400340f86845200000209000000884e3
:049dfc00008008409b
:020000040000fa
:020000040042b8
:109e000080b598b002af002005f008fc78657b6d46
:109e1000002b03d13f480ef06bf977e0ff21786dfe
:109e200005f0fefd0a21786d13f020f83a480ef097
:109e30005ff94ff47a71786d13f0a4ff38653b6dcc
:109e4000002b61d0386d17f066fff864fb6c0c2bab
:109e50004ed1386df6f710ff386d18f062f954e006
:109e6000fb6c072b03d0fb6c0a2b06d03be0ba6cd3
:109e7000396d2a4806f082ff3ae0bb6c5b89381dd9
:109e80000093fb6c264a402118f058f93b1d1846f8
:109e90000ef02ef9bb6c5b89184606f0a3fb7864c4
:109ea0007b6c002b1ad07b6c03f11000bb6c03f1b0
:109eb0001001bb6c5b891a4618f0a8fbbb6c5a8971
:109ec0007b6c5a814ff47a72796c386d0bf052fecc
:109ed0000346002b02d1786c03f030fdb86c03f020
:109ee0002dfd00bf04e0b96c386df4f7c7fd00bf6d
:109ef000c821386d0df00ef9b864bb6c002bafd1e2
:109f0000386d18f00ef994e700bf92e75837bd4658
:109f100080bd00bff47442000c75420028684520e3
:049f20002475420062
:020000040000fa
:020000040042b8
:109f240080b588b000af78607b68db68bb61bb69d3
:109f3400da6907f10c0379681846fbf7effc7b8ab2
:109f4400002b78d07b8a012b04d03a8abb691b8c06
:109f54009a4231d9bb69db69f9683a8a184618f024
:109f640053fb7b8a012b09d1bb69db693a8a134411
:109f740020221a703b8a01339bb23b82bb69db69a6
:109f84003a8a134400221a70bb69db69ba69128cdd
:109f94001146ba69928e8a1a13441946786813f0e6
:109fa400feff3a8abb691a84bb691a8cbb691a869c
:109fb400bb6900229a863fe078680ff041fb0023da
:109fc400fb6121e0bb699a6afb6913441b7803f0c7
:109fd4000103002b14d0bb69596afa6913465b006c
:109fe4001344db000b445b687b617969786813f088
:109ff400d6ff134b1b681946786813f0d0ff00e0b6
:10a0040000bffb690133fb61bb699b8d1a46fb6989
:10a014009342d7dbbb691b681946786813f0bfff0e
:10a02400bb69db691946786813f0b9ffbb691a8c00
:10a03400bb691a8600e000bf2037bd4680bd00bf63
:04a04400cc74452073
:020000040000fa
:020000040042b8
:10a0480080b588b000aff860b9607a603b603b6b60
:10a05800186b7b689b001a46a52118f02bfd3b6bfb
:10a068001a6b79686ff040430b449b001344bb6143
:10a07800bb6923f00703bb61bb6903f00703002b2f
:10a088000cd04ff0800372b683f31188bff36f8f43
:10a09800bff34f8f62b67b6100bffee7bb68002b42
:10a0a8001ed00023fb6112e0ba68fb6913441978db
:10a0b8003a6bfb69134434330a461a70ba68fb6971
:10a0c80013441b78002b06d0fb690133fb61fb6945
:10a0d8000f2be9d900e000bf3b6b002283f8432037
:10a0e800bb6a042b0cd94ff0800372b683f3118836
:10a0f800bff36f8fbff34f8f62b63b6100bffee7c0
:10a10800bb6a042b01d90423bb623b6bba6ada62cf
:10a118003b6bba6ada643b6b0433184617f0f0fffe
:10a128003b6b1833184617f0ebff3b6b3a6b1a6121
:10a13800bb6ac3f105023b6b9a613b6b3a6b5a628f
:10a148003a68f968b8690ff0b5fb02463b6b1a60cc
:10a15800fb6a002b02d0fb6a3a6b1a6000bf2037fb
:04a16800bd4680bdb3
:020000040000fa
:020000040042b8
:10a16c0080b588b000af786000237b617b68002be2
:10a17c0012d008227b6813447b607b6803f00703d2
:10a18c00002b09d07b6803f00703c3f108033b6184
:10a19c007a683b6913447b6017f0acfe354b1b6847
:10a1ac00002b01d107f014ff7b68002b5bdb7b6875
:10a1bc00002b58d0304b1b687a689a4253d82f4bdf
:10a1cc00bb612e4b1b68fb6104e0fb69bb61fb6947
:10a1dc001b68fb61fb695b687a689a4203d9fb696f
:10a1ec001b68002bf1d1234b1b68fa699a423ad0b9
:10a1fc00bb691b68082213447b61fb691a68bb6945
:10a20c001a60fb695a687b68d21a08235b009a4271
:10a21c000fd9fa697b681344fb60fb695a687b6849
:10a22c00d21afb685a60fb697a685a60f86808f0c1
:10a23c003fff114b1a68fb695b68d31a0e4a136017
:10a24c000d4b1a680e4b1b689a4203d20a4b1b68c3
:10a25c000b4a1360fb695b6843f00042fb695a6070
:10a26c00fb6900221a60f5f7dfff7b69184620377f
:10a27c00bd4680bd046c4520086c4520d46a452041
:04a28c000c6c4520f1
:020000040000fa
:020000040042b8
:10a290002de9f04f8bb00d460493d1e901132f68df
:10a2a000d5f80c9003900029a8bf27f0020792462a
:10a2b000b8bf012117f010020592dae9006232d02e
:10a2c00056ea02002fd0a3f1020b2c69029617f078
:10a2d000080004f1ff3418bf0bf1ff3b9046002249
:10a2e00009f8042006905a46012c1edc059a002a23
:10a2f00051d1069a1ab1013c202209f804202a699a
:10a3000003980097013a121b09eb04010df0ecfad7
:10a31000039b5b68db0503d56b689842b8bf1846a2
:10a320000bb0bde8f08f9b46cfe7029850ea0800db
:10a3300008d1a1eb0b001044002803dc002ad5dd76
:10a34000b807d3d50298049e00f00f000928a6f1a3
:10a35000410cd4bf30305730bcf1190f04f1ff3439
:10a360000ed840f0200cacf1610cbcf1190f07d8ed
:10a37000cde90813079218f060fddde90813079a8c
:10a3800009f804000298060946ea0870013a0290aa
:10a390004fea1818a8e7dae900210a43a9d009eb27
:10a3a0000402049902f8011c023c302209f804203e
:02a3b0009fe725
:020000040000fa
:020000040042b8
:10a3b20080b584b000af78607b681b68002b00f02a
:10a3c20083807b68db68fb60fb6893f8333003f0c3
:10a3d2000203002b55d1fb6893f8333043f002039c
:10a3e200dab2fb6883f83320fb681b681946786889
:10a3f20013f0d6fd45e0fb681033184611f0bbfea2
:10a402000346fb72fb6893f8333003f00803002b1a
:10a4120005d0fb7a1946786807f065f82ae0fb68f0
:10a4220093f832301b2b0cd1fb7a5b2b09d1fb68e2
:10a4320093f8333043f00803dab2fb6883f8332031
:10a4420018e0fb7a184614f014f80346002b05d0e6
:10a45200fb7a19467868fff7c8f80be0fb7a1846d2
:10a4620015f0cdff0346002b04d0fb7a194678681d
:10a4720009f021fa786806f052f8fb68fa7a83f854
:10a482003220fb681033184613f0abfd0346002b55
:10a49200b1d1fb6893f8333003f00103002b14d0e1
:10a4a200fb6800221a84fb68db69fa68128c134489
:10a4b20000221a70fb6893f8333023f00103dab2fa
:10a4c200fb6883f8332000e000bf1037bd4680bd33
:020000040000fa
:020000040042b8
:10a4d20080b588b000af78600023fb6178680ff028
:10a4e200bafc0346bb610023fb757b68db68002b6b
:10a4f20005d07b681b8a1a46bb69934201d90023a7
:10a5020071e07b68db683b61ba690021386918f049
:10a51200d4fa3b69fb613b6910333b61fb693a69e1
:10a52200da603b6938333b61fb69db68fb60fb68df
:10a532003a691a617b689b88033323f003033a6903
:10a5420013443b61fb683a69da617b68db88033359
:10a5520023f003033a6913443b617b685a69fb6841
:10a562005a627b681a8bfb689a857b681a8bfb6838
:10a57200da85fb683a695a607b681a89fb681a8136
:10a58200fb7d002b08d0fb6893f8333043f00403c3
:10a59200dab2fb6883f833207b689b7c002b08d0ff
:10a5a200fb6893f8333043f02003dab2fb6883f898
:10a5b20033207b689a88fb681a83fb6800229a82a0
:10a5c200fb680022da827b68da88fb685a84fb68bf
:10a5d200002283f832207b681a68fb681a60fb68e5
:0ea5e20000229a86fb6918462037bd4680bdd0
:020000040000fa
:020000040042b8
:10a5f00080b586b000af434b5b697b61424b5b69c2
:10a6000003f00103002b14d03f4b9b69fb603d4bd3
:10a61000db687a699a4209d23a4b5a687b691344db
:10a62000fa68d2b21a707b6901337b61354a7b6963
:10a630005361354b5b6903f00203002b5ed0324b54
:10a640000222da602f4b9b693b612e4b9b68bb60fb
:10a650002c4b9b683a699a420ad22a4b1a683b698a
:10a6600013441a78284bda613b6901333b610be0f4
:10a67000244b1b69002b07d0234bff22da61214baf
:10a680001b69013b1f4a13611e4a3b6993611d4bc5
:10a690001b69002b25d13a69bb689a4221d11a4b1c
:10a6a0005b6903f40073002b16d0174b40f20322b2
:10a6b000da60144b00221a77134b4ff400221a6011
:10a6c000104b1b6a002b18d00e4b5b6a7b600d4b46
:10a6d0001b6a7868984710e00b4b4ff400729a6041
:10a6e0000be0084bdb687a699a4207d1064b0122de
:10a6f000da60054b02229a6000e000bf00bf183705
:0ca70000bd4680bdfc67452000c0024043
:020000040000fa
:020000040042b8
:10a70c00b0b58cb000aff860b9607a6007f1140393
:10a71c0000221a605a609a60da601a6107f1140319
:10a72c007a68b96818460bf0f6fa034683f0010311
:10a73c00dbb2002b04d07a6afb681a61002365e057
:10a74c003b6afb62fb6a00221c46154622462b46de
:10a75c00f86809f045fa034683f00103dbb2002bdd
:10a76c0001d0002352e0fb681b68002b06d1fa6a6b
:10a77c000021f8680bf0eafb034647e0fb68da6857
:10a78c00fb6a1a44fb689b689a420bd9fb681b69ed
:10a79c00002b02d0fb681b6900e01e4bfa681361aa
:10a7ac00002333e0fb681b687b61fb685b68bb6163
:10a7bc00fb6afb6100233b6200237b6207f11403fd
:10a7cc007a68b96818460bf0a6fa034687f82b305e
:10a7dc00fb68da683b6a1a44fb68da60ba69fb68a2
:10a7ec005a607a6afb681a613b6afa6a9a420bd021
:10a7fc00fb681b69002b02d0fb681b6900e0064b51
:10a80c00fa681361002301e097f82b3018463037b3
:0ca81c00bd46b0bdb8094300240a43004b
:020000040000fa
:020000040042b8
:10a8280080b586b000aff860b9607a6000237b61bc
:10a8380005233b6117f060fb3a4b1b68ba689a42e4
:10a8480068d33b69013b3b617a691346db001344db
:10a858009b001a46fb6898183a6913469b001344f4
:10a868009b00314a1344012219460ef051ff02465b
:10a878007b6913447b613b69002be2d17a691346fb
:10a88800db0013449b001a46fb681344274a1168ef
:10a89800022218460ef03cff02467b6913447b6196
:10a8a8007a691346db0013449b001a46fb6813447d
:10a8b8001f4a1168022218460ef02aff02467b69d9
:10a8c80013447b617a691346db0013449b001a46e4
:10a8d800fb6813440422174918460ef019ff024674
:10a8e8007b6913447b617a691346db0013449b0040
:10a8f8001a46fb68134403220f4918460ef008ff56
:10a9080002467b6913447b617b68002b02d07b681d
:10a9180000221a60f5f78afc7b6918461837bd468d
:10a9280080bd00bf846b4520a0614520786b452021
:0ca938007c6b452084694520986945200f
:020000040000fa
:020000040042b8
:10a9440080b493b000afb9607a601a460346fb73d3
:10a954001346bb73b7f854303a6d13447b6458e024
:10a964003b6d3b633b6b01331b7887f8433097f8af
:10a974004330052b22d13b6d9b7887f8373097f80d
:10a98400373087f82e3097f82e3003f00f03dbb200
:10a9940087f8363097f8373087f82f3097f82f300c
:10a9a400db09dbb287f8353097f836305b00ba68dc
:10a9b4001a4497f83530f97bd15420e097f84330a6
:10a9c400042b1cd13b6dfb63fb6bdb78002b16d196
:10a9d400fb6b9b78ba7b9a420ad81f4bbb63bb6b59
:10a9e4001b6803f00103002b00d000be00232de000
:10a9f400fb6b9b781a467b681344fa7b1a703b6d99
:10aa0400bb62bb6a7b627b6a1b781a467b6a13440f
:10aa14003b653b6d3b627b6cfb613a6afb699a4226
:10aa24000dd23b6abb61bb697b617b691b781a46ab
:10aa34007b691344fa699a4201d3012300e000239d
:10aa440003f00103dbb2002b8ad1012318464c37f3
:0caa5400bd465df8047b7047f0ed00e0ab
:020000040000fa
:020000040042b8
:10aa600080b584b000af78600b46fb707b68002b2c
:10aa700002d0fb78002b01d1042377e07b681b7a9e
:10aa8000032b2dd1fb78182b01d904236ee0fb7822
:10aa9000013b384a82fb0312db17d31a7b73fb7826
:10aaa0005a1e344b83fb0231d317c91a0b465b0085
:10aab0000b445b00d11a0b463b737b7b7a681344d3
:10aac000597a3b7b012202fa03f3dbb2db43dab2b1
:10aad0007b7b0a40d1b27a6813440a465a7241e03d
:10aae0007b681b7a012b13d1fb78082b01d9042337
:10aaf0003ce07b685a7afb78013b012101fa03f3c1
:10ab0000dbb2db43dbb21340dab27b685a7229e076
:10ab1000fb78013b002b00da0733db10fb73fb787b
:10ab2000013b5a4203f0070302f0070258bf5342a9
:10ab3000bb737b681b7afa7b9a4201d3042315e02e
:10ab4000fb7b7a681344597abb7b012202fa03f338
:10ab5000dbb2db43dab2fb7b0a40d1b27a68134442
:10ab60000a465a7278680bf095f803461846103773
:08ab7000bd4680bdabaaaa2a74
:020000040000fa
:020000040042b8
:10ab78002de9b04f88b000aff860b9607a6007f18e
:10ab880010031946f8680bf0e9fd034683f001034a
:10ab9800dbb2002b01d000236de0bb68b3f80730af
:10aba8009bb2082b0ad1d7e904237968c1e90023ad
:10abb8007b68d3e90023c7e9062347e0bb68b3f8fd
:10abc80007309bb2042b0bd1d7e904237b681a60aa
:10abd8007b681b68da179a469346c7e906ab35e0e7
:10abe800bb68b3f807309bb2022b0ed1d7e9042318
:10abf80012b27b681a807b68b3f900301bb2da178f
:10ac080098469146c7e9068920e0bb68b3f8073043
:10ac18009bb2012b0ed1d7e9042352b27b681a707c
:10ac28007b6893f900305bb2da171c461546c7e912
:10ac380006450be0fb68db68002b02d0fb68db688d
:10ac480000e00f4bfa68d360002314e0d7e904232f
:10ac5800d7e90601994208bf90420bd0fb68db6830
:10ac6800002b02d0fb68db6800e0064bfa68d36073
:10ac7800002300e0012318462037bd46bde8b08f09
:08ac8800f07242000473420067
:020000040000fa
:020000040042b8
:10ac900080b586b000af7860396000237b61002307
:10aca0003b617b68002b08d03b68002b05d07b689c
:10acb0001a893b681b899a4202d26ff00f036fe03a
:10acc0007b685b891a467b69d21a3b685b891946a7
:10acd0003b69cb1a9a4206d33b685b891a463b69ab
:10ace000d31afb6005e07b685b891a467b69d31a3f
:10acf000fb607b685a687b69d0183b685a683b697f
:10ad00001344fa68194617f081fc7a69fb6813440a
:10ad10007b613a69fb6813443b613b685b891a4677
:10ad20003b69934204d300233b613b681b683b6053
:10ad30007b685b891a467b6993420dd100237b6156
:10ad40007b681b687b607b68002b05d13b68002b10
:10ad500002d06ff00f0323e03b68002b0cd03b6860
:10ad60005a893b681b899a4206d13b681b68002bb5
:10ad700002d06ff0050313e07b68002b0cd07b68da
:10ad80005a897b681b899a4206d17b681b68002b15
:10ad900002d06ff0050303e03b68002b90d1002345
:08ada00018461837bd4680bdbe
:020000040000fa
:020000040042b8
:10ada8004745543a20417474656d707420746f205f
:10adb800616c6c6f6361746520746f6f206c617275
:10adc800676520646174612073697a652025752040
:10add8003e206d6178202575000000004745543af3
:10ade800204f7574206f6620627566666572730001
:10adf8004745543a20436f7272757074204353501c
:10ae08002062756666657220257020213d202570b8
:10ae1800000000004745543a202570004652454539
:10ae28003a20556e616c69676e6564204353502003
:10ae380062756666657220706f696e74657220252a
:10ae480070000000465245453a20496e76616c69ab
:10ae580064204353502062756666657220706f697e
:10ae68006e74657220257000465245453a20427539
:10ae78006666657220616c726561647920667265c8
:10ae88006520257000000000465245453a2042756d
:10ae98006666657220257020696e2075736520626c
:10aea80079202575207573657273000046524545f3
:05aeb8003a20257000a6
:020000040000fa
:020000040042b8
:10aec00080b586b000af414b5b697b61404b5b69ed
:10aed00003f00103002b14d03d4b9b69fb603b4bff
:10aee000db687a699a4209d2384b5a687b69134405
:10aef000fa68d2b21a707b6901337b61334a7b698d
:10af00005361334b5b6903f00203002b5ad0304b83
:10af10000222da602d4b9b693b612c4b9b68bb6026
:10af20002a4b9b683a699a420ad2284b1a683b69b5
:10af300013441a78264bda613b6901333b610be01d
:10af4000224b1b69002b07d0214bff22da611f4bdc
:10af50001b69013b1d4a13611c4a3b6993611b4bf2
:10af60001b69002b21d13a69bb689a421dd1184b4d
:10af70005b6903f40073002b12d0154b40f20322df
:10af8000da60124b00221a77104b1b6a002b18d084
:10af90000e4b5b6a7b600d4b1b6a7868984710e02c
:10afa0000b4b4ff400729a600be0084bdb687a6938
:10afb0009a4207d1064b0122da60054b02229a60c1
:10afc00000e000bf00bf1837bd4680bdd0674520f8
:04afd00000400240fb
:020000040000fa
:020000040042b8
:10afd40080b588b000aff860b9607a6007f11603f5
:10afe4001946f8680cf066fe034683f00103dbb2f1
:10aff400002b0bd0fb689b68002b05d17b68002bd2
:10b0040002d07b6801221a70002364e0bb7d5bb22e
:10b01400002b02dbbb7dfb6159e00723bb61bb7dd9
:10b0240003f07f03fb6107f116031946f8680cf07f
:10b0340041fe034683f00103dbb2002b01d0002361
:10b0440049e0bb691f2b1ed9bb693e2b01d8ff23e6
:10b0540000e00123fb75bb7d03f07f03002b1bd0b5
:10b06400fb69002b03dabb7dfa7d9a4214d0fb689e
:10b07400db68002b02d0fb68db6800e0184bfa6841
:10b08400d360002327e0bb7d03f07f02bb6902fa93
:10b0940003f3fa691343fb61bb690733bb61bb7def
:10b0a4005bb2002bbfdbbb69232b10d1bb7d03f04c
:10b0b4007003002b0bd0fb68db68002b02d0fb680d
:10b0c400db6800e0064bfa68d360002303e0bb684a
:10b0d400fa691a60012318462037bd4680bd00bfb7
:04b0e4005472420060
:020000040000fa
:020000040042b8
:10b0e8002de9b04f88b000aff860b9607a6007f119
:10b0f80010031946f86805f0bdfc034683f0010308
:10b10800dbb2002b01d000236be0bb68b3f807303b
:10b118009bb2082b0ad1d7e904237968c1e9002337
:10b128007b68d3e90023c7e9062345e0bb68b3f889
:10b1380007309bb2042b0bd1d7e904237b681a6034
:10b148007b681b6800229a469346c7e906ab33e042
:10b15800bb68b3f807309bb2022b0dd1d7e90423a3
:10b1680092b27b681a807b681b889bb20022984643
:10b178009146c7e906891fe0bb68b3f807309bb260
:10b18800012b0dd1d7e90423d2b27b681a707b68f2
:10b198001b78dbb200221c461546c7e906450be0c2
:10b1a800fb68db68002b02d0fb68db6800e00f4b14
:10b1b800fa68d360002314e0d7e90423d7e906012d
:10b1c800994208bf90420bd0fb68db68002b02d085
:10b1d800fb68db6800e0064bfa68d360002300e0f8
:10b1e800012318462037bd46bde8b08ff0724200f3
:04b1f800047342009a
:020000040000fa
:020000040042b8
:10b1fc0090b597b000aff8610b467a61fb767b692e
:10b20c001b697b657b6d04333b657b6d002b03d029
:10b21c007b6d1b68002b06d1fb7e1946f8690bf081
:10b22c0063fb034665e0fb7e022b3ad107f140033a
:10b23c001946f8690cf090ff034683f00103dbb26a
:10b24c00002b01d0002354e07b6d1b687a69516898
:10b25c0007f140003a6d9847034683f00103dbb2d7
:10b26c00002b0bd0fb69db68002b02d0fb69db6881
:10b27c0000e0224bfa69d36000233ae0bb6c002b50
:10b28c00e2d107f140031946f86911f055fd034668
:10b29c0083f00103dbb2002b01d0002329e0012352
:10b2ac0027e00a233b6207f1200307f12402f97e11
:10b2bc00f86905f03dfc034683f00103dbb2002b7b
:10b2cc0001d0002315e03a6a3b4607f124011846e9
:10b2dc0013f0befc07f130043b460fcb84e80f00a3
:10b2ec007b6d1b687a69516807f130003a6d98479d
:10b2fc00034618465c37bd4690bd00bfc87242007d
:020000040000fa
:020000040042b8
:10b30c0080b58ab000af78607b68fb61fb69002b6d
:10b31c000cd14ff0800372b683f31188bff36f8f9b
:10b32c00bff34f8f62b6bb6000bffee7324b1b68aa
:10b33c00fa699a4203d1002387f8273056e00ef0c1
:10b34c00ebfafb695b69bb61fb699b6a7b612b4b0d
:10b35c001b683b612a4b1b68fb600ff0d3ff7b69ba
:10b36c00284a934203d1012387f827303ee0ba697b
:10b37c003b699a4203d0ba69fb689a4203d1022313
:10b38c0087f8273032e0bb691f4a934220d1fb6912
:10b39c009b6a002b18d1032387f8273000233b62cc
:10b3ac000ee0fa693b6a134458331b78dbb2012b6d
:10b3bc0003d1022387f8273018e03b6a01333b6244
:10b3cc003b6a002beddd11e0022387f827300de0fe
:10b3dc00bb690e4a934202d0bb69002b03d10423f4
:10b3ec0087f8273002e0012387f8273097f82730b9
:10b3fc0018462837bd4680bd746b4520786b4520b8
:10b40c007c6b4520706945209869452084694520ee
:020000040000fa
:020000040042b8
:10b41c0080b586b000aff860b9607a60fb70fb68ed
:10b42c00002b02d13c4b1b6800e0fb683b61bb6806
:10b43c003a691a603b6903f13402bb685a603b6994
:10b44c00da6abb681a613b691a6bbb68da613b69e3
:10b45c005a6cbb689a603b69da6cbb685a61bb6812
:10b46c0000229a61fb78052b3cd02b4b1b683a6968
:10b47c009a4203d1bb6800221a733ae0bb68fa788f
:10b48c001a73fb78032b20d116f034fd3b699b6ab1
:10b49c00002b03d0bb6802221a7314e000237b61db
:10b4ac000ee03a697b69134458331b78dbb2012bed
:10b4bc0003d1bb6802221a7305e07b6901337b61ff
:10b4cc007b69002bedddf4f7affe0ef025fa3b693e
:10b4dc009b6a124a934202d1bb6801221a730ff085
:10b4ec0011ff06e03869fff70bff03461a46bb68ed
:10b4fc001a737b68002b08d03b691b6b184614f041
:10b50c00b6f80246bb681a6202e0bb6800221a62f7
:10b51c0000bf1837bd4680bd746b4520706945204f
:020000040000fa
:020000040042b8
:10b52c0080b586b000af786039607b683c4aa2fb7e
:10b53c0003231b0c7b617b68394aa2fb0312120ca0
:10b54c00384901fb02f29b1afb60fb68364aa2fbee
:10b55c000323db0adab23b68da70fb68324aa2fbdf
:10b56c000312d20a4ff4616101fb02f29b1afb60d9
:10b57c00fb682e4aa2fb03235b09dab23b681a7103
:10b58c00f9682a4ba3fb01235a0913461b019b1a8a
:10b59c009b00ca1ad2b23b685a714ff4fa637b8291
:10b5ac007b8a18460ef0b8ff034603f26d137b81bd
:10b5bc007b897a699a4207d37b897a69d31a7b6132
:10b5cc007b8a01337b82ebe700bf7b8adbb23033b3
:10b5dc00dab23b689a7001237b747a8a7b7c1146c1
:10b5ec00184613f09dfc03467b727b7a7a699a426b
:10b5fc0007d37b7a7a69d31a7b617b7c01337b74aa
:10b60c00ebe700bf3b687a7c5a707b69dbb2013395
:10b61c00dab23b681a7000bf1837bd4680bd00bf58
:10b62c0007452ec280510100c5b3a2918988888834
:020000040000fa
:020000040042b8
:10b63c002de9b04f86b000aff860b9607a603b601e
:10b64c007a68b968f8680af095f878617b69002b1c
:10b65c0069d0384b1b780f2b65d80ef05df9354b44
:10b66c001b78354a1b0113447a691a603b68002227
:10b67c009846914642464b464ff000004ff0000171
:10b68c00590141ead261500102460b46b2eb080463
:10b69c0063eb09054ff000024ff00003ab0043eae7
:10b6ac009473a20014461d4614eb080a45eb090bd3
:10b6bc004ff000024ff000034feacb0343ea5a73fa
:10b6cc004feaca0292469b46504659464ff47a724c
:10b6dc004ff0000314f048fe02460b461046194684
:10b6ec00144b1b780146144a1b0113440433196094
:10b6fc00104b1b781c4616f05ff902460e492301cd
:10b70c000b4408331a600b4b1b780b4a1b01134478
:10b71c000c33ba6b1a60074b1b780133dab2054b4a
:10b72c001a700ff0effd7b6918461837bd46bde85f
:0cb73c00b08f00bff35445203c5945205d
:020000040000fa
:020000040042b8
:10b7480080b5acb002aff860b9607a600121b86822
:10b7580013f03effc7f8a0000221b86813f038ffc5
:10b76800c7f89c00d7f8a030002b04d13249f868fc
:10b7780008f008fd5de000220021d7f8a00017f0ce
:10b78800c1f9034687f89b304ff47a73c7f8a430a1
:10b79800d7f89c30002b07d000220021d7f89c0056
:10b7a80017f0b0f9c7f8a40097f89b2007f1140028
:10b7b800d7f8a43000931346204a802116f0bafc2b
:10b7c80007f114031946f86808f0dcfc97f89b00a9
:10b7d80000236422d7f8a41001f072f9c7f8940086
:10b7e800d7f89430002b12db97f89b2007f1140050
:10b7f800d7f8943000931346114a802116f09afc2a
:10b8080007f114031946f86808f0bcfc0de097f836
:10b818009b3007f114000b4a802116f08bfc07f1ce
:10b8280014031946f86808f0adfc0749f86808f0f1
:10b83800a9fca837bd4680bd04da400030da4000d4
:0cb848005cda40007cda4000dcd04000fc
:020000040000fa
:020000040042b8
:10b8540080b5aab002aff860b9607a600121b86817
:10b8640013f0b8fec7f89c000221b86813f0b2feca
:10b87400c7f89800d7f89c30002b03d0d7f898303d
:10b88400002b04d12f49f86808f07efc56e007f13c
:10b894008c0300221946d7f89c0017f035f9c7f835
:10b8a4009400d7f88c301b78002b07d1d7f894304c
:10b8b400002b03d0d7f89430042b04d92249f8681c
:10b8c40008f062fc3ae007f18c0300221946d7f82d
:10b8d400980017f019f9c7f89000d7f88c301b7846
:10b8e400002b04d01949f86808f04efc26e0002328
:10b8f4003b61d7f89430013b154a52f82330d7f80e
:10b904009020d1b207f1100218460cf08bff3b696e
:10b9140007f114000193d7f890300093d7f89430ce
:10b924000c4a782116f008fc07f114031946f8684c
:10b9340008f02afc0849f86808f026fca037bd4640
:10b9440080bd00bff8e44000e0e3400018e540009b
:0cb954006073452028e54000dcd0400076
:020000040000fa
:020000040042b8
:10b9600080b584b000af78607b685b68bb60bb6803
:10b970001b889bb2002b01d1002373e07b685b68be
:10b9800003f10f027b685a607b685b681b889bb27f
:10b99000002b09d17b6819687b68db681a467868d8
:10b9a0000df085fe00235de0bb68b3f807309bb265
:10b9b000fb60bb689b7803f03003302b11d17b68b0
:10b9c0005b689b7803f03003302b0ad17b685b689f
:10b9d000b3f803309bb24ff6ff72934201d10123bb
:10b9e00040e0bb689b7803f0c003002b0fd1bb681d
:10b9f0009b7803f03003202b09d1bb68b3f80930e2
:10ba00009bb21a46fb6802fb03f3fb6007e0bb68ce
:10ba10009b7803f0c003802b01d10423fb60bb683b
:10ba20009b7803f03003002b04d17b689b685a1c81
:10ba30007b689a607b681a697b685b68b3f803303f
:10ba40009bb21946fb680b441a447b681a617b68f9
:10ba50001b697a685268b2f9052012b21a447b68f1
:0cba60005a61012318461037bd4680bd16
:020000040000fa
:020000040042b8
:10ba6c00b0b5c8b002af07f58c74a4f5867420602d
:10ba7c0007f58c70a0f588700160114607f58c7283
:10ba8c00a2f58c72136007f58c73a3f589730a46c3
:10ba9c001a8007f58c73a3f588731b689b7887f85d
:10baac00173107f58c73a3f588731b68db78c7f81f
:10babc001031d7f8283103f48063002b29d097f884
:10bacc001731184611f0cafa0346002b21d0d7f8cb
:10badc001031b3f5807f02d96ff04a0341e007f5ce
:10baec008c73a3f58c7307f11000d7f8102119682b
:10bafc0016f086fd07f1100297f81731114618461b
:10bb0c0002f0f4f807f58c73a3f58c7307f11002af
:10bb1c001a60d7f8283103f48073002b01d000236e
:10bb2c001fe007f58c73a3f588731b685b791d46c2
:10bb3c0007f58c73a3f58c7397f8174107f58c7286
:10bb4c00a2f58972118807f58c72a2f586700195a1
:10bb5c00d7f8102100921b6822460068f0f710fd00
:0cbb6c000346184607f58c77bd46b0bdb7
:020000040000fa
:020000040042b8
:10bb7800ffffffffffffffffffffffffffffffffcd
:10bb8800ffffffffffffffffffffffffffffffffbd
:10bb9800ffffffffffffffffffffffffffffffffad
:10bba800ff00010203040506070809ffffffffff66
:10bbb800ffff0a0b0c0d0e0f101112131415161798
:10bbc80018191a1b1c1d1e1f20212223ffffffff0f
:10bbd800ffff0a0b0c0d0e0f101112131415161778
:10bbe80018191a1b1c1d1e1f20212223ffffffffef
:10bbf800ffffffffffffffffffffffffffffffff4d
:10bc0800ffffffffffffffffffffffffffffffff3c
:10bc1800ffffffffffffffffffffffffffffffff2c
:10bc2800ffffffffffffffffffffffffffffffff1c
:10bc3800ffffffffffffffffffffffffffffffff0c
:10bc4800fffffffffffffffffffffffffffffffffc
:10bc5800ffffffffffffffffffffffffffffffffec
:10bc6800ffffffffffffffffffffffffffffffffdc
:0abc7800ff000102040703060500a7
:020000040000fa
:020000040042b8
:10bc840080b588b000af3b4b1b68002b03d03a4b08
:10bc940001221a606ae0384b00221a60374b1b6895
:10bca4001b6bfb614ff0a533bb61fb691b68ba6971
:10bcb4009a4211d1fb6904331b68ba699a420bd1c9
:10bcc400fb6908331b68ba699a4205d1fb690c33d6
:10bcd4001b68ba699a4209d0284b1b6834337b61cc
:10bce400264b1b687969184610f0a4f9244b1b688d
:10bcf400bb60bb68b3fa83f3fb71fb79c3f11f0329
:10bd04003b6120493a6913469b0013449b000b4452
:10bd14001b68002b0cd14ff0800372b683f311889b
:10bd2400bff36f8fbff34f8f62b63b6000bffee778
:10bd34003a6913469b0013449b00124a1344fb6068
:10bd4400fb685b685a68fb685a60fb685a68fb6862
:10bd540008339a4203d1fb68da68fb685a60fb68cf
:10bd64005b68db68054a1360044b1b6800bf20371f
:10bd7400bd4680bdac6b4520986b4520746b452057
:08bd84008c6b4520a0614520f5
:020000040000fa
:020000040042b8
:10bd8c0090b58bb002af7860642004f025fcb861ec
:10bd9c00bb69002b02d14ff0ff3369e0bb69002275
:10bdac005a817b681b6d184616f05efb7861002388
:10bdbc00fb614ae07b681b6d07f10c012e4a1846ab
:10bdcc0015f02afe0346012b09d02c4b1b78002bb7
:10bddc0040d07a682a49002003f0a6f93ae0fb68c3
:10bdec00184615f099fa38613b69b3f801309ab2ec
:10bdfc00bb695b895b089bb21c46104614f06efd58
:10be0c0003461946bb6904f1080223f81210bb69fa
:10be1c005b8902339ab2bb695a81184b5b79002b50
:10be2c0008d03b69b3f801309bb27a6815490520fc
:10be3c0003f07af97b681b6d07f10c010e4a18466a
:10be4c0015f0cdfbfb690133fb61fa697b699a4202
:10be5c00b0db00e000bf7b68db8b1a467b689b8cf9
:10be6c00009313460622b9697868f1f7f7fc03468c
:10be7c0018462437bd4690bd04754520b074452046
:08be8c00b4054100ec05410082
:020000040000fa
:020000040042b8
:10be940080b582b000af7860374b5b79002b04d05b
:10bea4007a683649052003f043f97b6800221a7743
:10beb400334b1a687b681a63324b1a687b685a637f
:10bec4007b684833184613f0a5fa0346012b0bd0c0
:10bed400294b1b78002b04d07a682b49002003f0ef
:10bee40027f94ff0ff3342e0284b1b7d042118460d
:10bef4000ef0d5fb02467b68da647b68db6c002bb2
:10bf040010d11d4b1b78002b04d07a6820490020e7
:10bf140003f00ef97b684833184614f0d2fd4ff055
:10bf2400ff3324e0194b1b7d5b00042118460ef0ff
:10bf3400b6fb02467b681a657b681b6d002b15d126
:10bf44000d4b1b78002b04d07a681249002003f0b3
:10bf5400eff87b684833184614f0b3fd7b68db6c5c
:10bf6400184613f0c6fd4ff0ff3300e000231846d7
:10bf74000837bd4680bd00bfb0744520881041001d
:10bf8400f0744520f4744520a41041009c684520b9
:08bf9400cc104100f81041003f
:020000040000fa
:020000040042b8
:10bf9c0080b586b000af0346fb714ff0ff313748d8
:10bfac0010f074fd0346012b09d0354b1b78002b88
:10bfbc0003d03449002003f0b7f800235ae00023e3
:10bfcc007b61314b1b783b610023fb6018e03b69c4
:10bfdc0001332e4a127c93fbf2f101fb02f29b1a05
:10bfec003b612b4b1a683b69542101fb03f313444f
:10bffc007b617b695b78002b09d0fb680133fb60ac
:10c00c00224b1b7c1a46fb689342e0db00e000bf2e
:10c01c007b69002b1ad07b695b78002b16d17b696e
:10c02c0000225a607b6900229a607b6900221a61a7
:10c03c007b6900225a617b69fa791a707b6901224b
:10c04c005a703b69dab2104b1a7001e000237b6125
:10c05c000a4811f02bfe7b69002b0ad1084b1b7888
:10c06c00002b06d0094b1b7c1a460a49002003f012
:10c07c005bf87b6918461837bd4680bdec6b4520d4
:10c08c00b0744520a4e441002f6045209c684520f5
:08c09c00e86b4520c0e44100ff
:020000040000fa
:020000040042b8
:10c0a40090b58db004aff860b9607a603b603b68ce
:10c0b400002b02d16ff001036ce00023fb6164e00c
:10c0c4003b680833184604f08bfa78617b69002bcf
:10c0d40002d14ff0ff335de07a68fb69d31abb618c
:10c0e400ba693b689a4201d93b68bb612b4b5b79c7
:10c0f400002b14d0f86815f02afe0446f86815f0f1
:10c1040017fe0146ba68fb691344ba6902920193a7
:10c1140000912346224a2349052003f009f87b694c
:10c1240003f11000ba68fb69d1187b6bba699847b0
:10c13400bb699ab27b695a81fb681b7a43f010038e
:10c14400dab2fb681a72786914f06ff938617868aa
:10c1540013f0e8fc02463b695a60f86913f0e2fc0c
:10c1640002463b691a603a6b7969f86809f000fd88
:10c174000346002b05d1786901f0defb6ff009035b
:10c1840008e0fa69bb691344fb61fa697b689a4267
:10c1940096d3002318462437bd4690bdb07445207d
:08c1a400ec244400dc88420099
:020000040000fa
:020000040042b8
:10c1ac002de9b04f8cb000aff861c7e904230b4602
:10c1bc00fb76002387f827304ff000024ff0000386
:10c1cc00c7e90a2300233b62fb7e002b2bd1fb69c2
:10c1dc001b7c23f00803dab2fb691a74d7e9042339
:10c1ec0010461946002907da10f10f03bb6041f124
:10c1fc000003fb60d7e902014ff000024ff000038f
:10c20c00020942ea01720b1100215042386061ebc5
:10c21c0003037b60d7e90023214912eb010843f1aa
:10c22c000009c7e90a89fb7e012b20d1fb691b7c25
:10c23c0043f00803dab2fb691a74d7e90423002b24
:10c24c0005da12f10f0a43f1000b52465b464ff030
:10c25c0000004ff00001100940ea0370191102466a
:10c26c000b460f49541843f10005c7e90a45d7e9b5
:10c27c000a0110f043fa38623b6a1946f86914f067
:10c28c00dcfe034687f82730f969d7e90423c1e9b6
:10c29c00062397f8273018463037bd46bde8b08fd7
:04c2ac00807c814ac7
:020000040000fa
:020000040042b8
:10c2b000b0b5acb002aff860b9607a600121b8687f
:10c2c00013f08af9c7f8a4000221b86813f084f9c2
:10c2d000c7f8a000d7f8a430002b03d0d7f8a030bf
:10c2e000002b04d12d49f86807f050ff53e007f107
:10c2f000940300221946d7f8a40016f007fcc7f8eb
:10c300009c00d7f894301b78002b07d1d7f89c30cd
:10c31000002b03d0d7f89c30042b04d92049f868af
:10c3200007f034ff37e007f1940300221946d7f8ed
:10c33000a00016f0ebfbc7f89800d7f894301b78f4
:10c34000002b04d01749f86807f020ff23e0d7f846
:10c350009c30013b144a52f82310d7f89830134a06
:10c3600002fb03f300221c46154622462b460846d4
:10c3700015f02af907f11400d7f898300093d7f890
:10c380009c300b4a802115f0d9fe07f114031946a1
:10c39000f86807f0fbfea837bd46b0bd34e44000a6
:10c3a000e0e3400054e440006073452040420f0049
:04c3b00064e4400001
:020000040000fa
:020000040042b8
:10c3b40080b588b000af78603960374b1b68fb618b
:10c3c400364b1b68bb61364b1b687b61354b1b6866
:10c3d400043318460ff01efb0346002b0bd1314be0
:10c3e4001b68db6a012202fa03f3da432e4b1b6853
:10c3f40013402d4a13607b68b3f1ff3f24d13b689f
:10c40400002b21d0294b5b683b61264b1b683a69a2
:10c414009a60244b1b683a699268da60214b1a6867
:10c424003b699b6804325a601e4b1b681a1d3b69aa
:10c434009a601c4b1b681d4a5a611c4b1b680133d4
:10c444001a4a136000bf22e0fa697b681344fb6058
:10c45400144b1b68fa685a60fa68fb699a4207d25f
:10c46400104b1b680433194678690cf031f90ee05f
:10c474000c4b1b6804331946b8690cf029f90c4bb2
:10c484001b68fa689a4202d2094afb68136000bf2b
:10c494002037bd4680bd00bf886b4520786b4520a2
:10c4a4007c6b4520746b45208c6b45209869452036
:04c4b400a46b452010
:020000040000fa
:020000040042b8
:10c4b80080b586b002aff860b9601346fb71fa79af
:10c4c8003b4913465b001344db000b4414331b78d1
:10c4d800022b53d1fa79364913465b001344db002b
:10c4e8000b4412331b88b3f58e7f19d9fa7913469a
:10c4f8005b001344db002e4a134404331946f868e2
:10c5080014f01eff0346002b38d1fa792849134648
:10c518005b001344db000b44143303221a702de034
:10c52800fa79234913465b001344db000b441233aa
:10c538001b88b3f5877f21d3fa7913465b00134430
:10c54800db001b4a1344191dfa7913465b00134498
:10c55800db000833164a134404331a46f86812f00d
:10c5680005f90346002b09d1fa79114913465b00f6
:10c578001344db000b44143303221a70fb6803f1e5
:10c588002201fa7913465b001344db000833084a9a
:10c59800134404334ff4006200920a46b968f868fd
:10c5a8000bf0e4f8034618461037bd4680bd00bfbf
:04c5b800345c45208a
:020000040000fa
:020000040042b8
:10c5bc0080b588b000aff860b9601346fb800423e7
:10c5cc007b61bb68002b01d1374bbb60fb68002b38
:10c5dc0002d16ff00f0363e0fb681b7d002b02d0d0
:10c5ec006ff005035ce0fb88002b09d109f0f4fc2b
:10c5fc000346fb80fb88002b35d16ff001034fe025
:10c60c000023fb612be0294afb6952f823301b689d
:10c61c00bb611ee0bb69db8afa889a4216d1bb6902
:10c62c00002b10d0bb691b68002b0cd0bb68002bf7
:10c63c0009d0bb681b68002b05d0bb691a68bb68a6
:10c64c001b689a4202d16ff0070329e0bb69db68d3
:10c65c00bb61bb69002bddd1fb690133fb61fa695e
:10c66c007b699a42cfdbbb68002b0cd0bb681b6884
:10c67c00002b08d0bb68002b02d0bb681b6800e005
:10c68c000023fa681360fb68fa88da82084b1a6890
:10c69c00fb68da60064afb68136012f0c5f80023e9
:10c6ac0018462037bd4680bd04c74300a02c44006b
:04c6bc00646c452045
:020000040000fa
:020000040042b8
:10c6c00080b582b000af3e4b5b69002b07d114f000
:10c6d00043fc03463a4a5361394b00221a83384bd4
:10c6e0005b69002b67d0364b5b691a46344b5b693c
:10c6f0005b899bb2083313447b60314b1b8b9b00df
:10c700007a6813441b889bb2002b54d02c4b1b8b94
:10c710009b007a6813445b889bb2002b4bd0284b5c
:10c720001b8b9b007a6813441a785b781b021343b7
:10c730007b80234b1b8b9b007a6813449a78db78b1
:10c740001b0213433b801e4b5b691a467b881344d4
:10c750003a88114618460df0d3ff0346002b2ad025
:10c76000174b1b8b01339b007a6813441a785b7854
:10c770001b0213437b80124b1b8b01339b007a6897
:10c7800013449a78db781b0213433b807b88002b91
:10c7900009d03b88002b06d0094b1b8b01339ab282
:10c7a000074b1a8307e0064b5b69184611f094fbb0
:10c7b000034b00225a6100bf0837bd4680bd00bf51
:04c7c00004674520a5
:020000040000fa
:020000040042b8
:10c7c40080b590b000af0346fb713c4afb79013b56
:10c7d4001b01134403f547731b68fb63fb6b03f0f6
:10c7e4000103002b66d1fb79013b344a4ff0007101
:10c7f40001fa03f35361fb791b01314a1344bb6310
:10c80400bb6b9a88fb6b1b0c9bb2d31afb862b4a1f
:10c81400fb79403352f8233003f48073002b25d086
:10c82400fb79803bdab2fb8e002187f8351087f85c
:10c8340034203b63002387f82f30012387f82e3000
:10c8440097f835303b7307237b7397f834303b7488
:10c854003b6b7b6197f82f307b7497f82e2007f1a0
:10c864000c0311461846e6f76bff24e0fb8e00220a
:10c8740087f82d20fa7987f82c20bb62002387f8eb
:10c884002730012387f8263097f82d303b7607238d
:10c894007b7697f82c303b77bb6a3b6297f827305e
:10c8a4007b7797f8262007f1180311461846e6f718
:10c8b40047ff00e000bf4037bd4680bd0080034015
:04c8c400885e452025
:020000040000fa
:020000040042b8
:10c8c80080b58ab000aff860b9607a60fb707b68a9
:10c8d800002b0ed1b86812f0cbfa354b00221a6043
:10c8e800002014f0ebff3349334813f007fc002312
:10c8f80059e097f90330002b05d0786806f0c7f99e
:10c9080097f903304fe07b681b891946b8680cf02b
:10c9180029fe15f0c7fcf861fb69002b3fd07b6846
:10c928007b6239e07b6a5b68bb6100233b622ae07b
:10c938003b6aba6913441b78fb75fb7d0a2b1cd034
:10c94800fb7dff2b1bd01d4815f0a6fb0346bb75ce
:10c95800bb7d032b02d0bb7d042b08d1174814f0f4
:10c9680071fcfb7d1946f86910f048fe08e0fb7d74
:10c9780019461248eef712fa02e000bf00e000bfc5
:10c988003b6a01333b627b6a5b891a463b6a934286
:10c99800cedb7b6a1b687b627b6a002bc2d178681e
:10c9a80006f075f9002318462837bd4680bd00bf3c
:10c9b800fc6a4520a4544200001a0e4060624520db
:020000040000fa
:020000040042b8
:10c9c80080b584b000af786039603b68002b03d035
:10c9d80016f0e9f9034602e016f0def90346bb60fb
:10c9e8000023fb6061e03549fa6813465b00134495
:10c9f800db000b4410331b78012b18d12f49fa6840
:10ca080013465b001344db000b4414331b68ba68fd
:10ca1800d31ab3f57a7f0ad9fa6813465b00134430
:10ca2800db00264a1344396818460ef08df823496e
:10ca3800fa6813465b001344db000b4410331b7881
:10ca4800002b2fd11d49fa6813465b001344db0005
:10ca58000b44103301221a701849fa6813465b0018
:10ca68001344db000b4408337a681a601349fa68e8
:10ca780013465b001344db000b44043300221a60a6
:10ca88000e49fa6813465b001344db000b44143369
:10ca9800ba681a60fa6813465b001344db00074a59
:10caa800134406e0fb680133fb60fb68042b9add46
:10cab800002318461037bd4680bd00bfb46045202e
:020000040000fa
:020000040042b8
:10cac80080b58cb002afb9607a601a460346fb7332
:10cad8001346bb7300233b6216f05ef9b861bb7b5b
:10cae800f97b0093bb6801220220f3f793fa78617f
:10caf8007b69002b02d14ff0ff335de0786803f0cb
:10cb08006dfdf861fb69002b3cd07b689ab2fb692c
:10cb18005a8100237b620ae07b6ad9b2fa697b6a90
:10cb2800134410330a461a707b6a01337b627a6aaf
:10cb38007b689a42f0d30022f969786909f016f8ff
:10cb48000346002b20d0b96878690af0dffaf8614b
:10cb5800fb69002b1ad000237b620ce0fa697b6a20
:10cb6800134410331b781a467b6adbb29a420fd102
:10cb78007b6a01337b627a6a7b689a42eed301232f
:10cb88003b6206e000bf04e000bf02e000bf00e037
:10cb980000bff86900f0cefe786915f0befa16f00d
:10cba800fbf80246bb69d31a3b613b6a002b01d0f4
:10cbb8003b6901e04ff0ff3318462837bd4680bd7a
:020000040000fa
:020000040042b8
:10cbc80080b582b000af03463a60fb710b46bb717b
:10cbd800bb79012b01d0012367e03b681b78c3f3c5
:10cbe8004113dbb2002b02d0012b43d05ae03b6843
:10cbf8005b780a2b02d00b2b11d038e02d4bdb7859
:10cc080001333a68928892b2934201d000234ce0f3
:10cc1800f8790123284a396801f024ff29e0254bd7
:10cc2800db7801333a68928892b2934204d13b6828
:10cc38005b889bb2012b01d9002336e03b685b88f7
:10cc48009bb2dab21b4b1a711a4b1b79012b08d114
:10cc5800fb79184614f082fffb7900211846f9f792
:10cc6800b7fafb793968184611f020fe01e0002375
:10cc78001be019e00f4bdb781a463b689b889bb298
:10cc88009a4201d0002310e03b685b78802b07d1e3
:10cc9800f8791c23094a396801f0e4fe00bf03e073
:10cca800002302e0002300e0012318460837bd46b0
:10ccb80080bd00bf0467452008674520a81f4400c1
:020000040000fa
:020000040042b8
:10ccc80080b582b000af03463960fb71fb79032b56
:10ccd8006fdc022b43da002b02d0012b15d068e061
:10cce8003b6802331b781a043b6801331b781b022c
:10ccf80013433a681278134307ee903af8eee77a4e
:10cd0800b0ee670a0cf078ff54e03b6805331b78f7
:10cd18001a043b6804331b781b0213433a68033236
:10cd28001278134307ee903af8eee77ab0ee670a06
:10cd38000cf062ff3b6802331b781a043b6801332e
:10cd48001b781b0213433a681278134307ee903a94
:10cd5800f8eee77ab0ee670af6f7feff2ae03b68de
:10cd680005331b781a043b6804331b781b021343f2
:10cd78003a6803321278134307ee903af8eee77aee
:10cd8800b0ee670a0cf038ff3b6802331b781a04d0
:10cd98003b6801331b781b0213433a68127813432c
:10cda80007ee903af8eee77ab0ee670af6f7d4ffa6
:0ccdb80000e000bf00bf0837bd4680bd92
:020000040000fa
:020000040042b8
:10cdc40090b587b000aff860b9603b601346fb7163
:10cdd40097f828309b00dbb203f00403fb750420b2
:10cde40012f006fe38613b69002b04d1b86805f0e7
:10cdf40050ff00235ce03b6997f828209a723b6956
:10ce040000221a603b69ba685a60bb681a89fb7dc4
:10ce14009bb2d31a9ab23b691a811421b86814f0f0
:10ce2400a5ff0346002b0cd0234bb3f8a4300133e9
:10ce34009ab2214ba3f8a420386913f051fa0023c5
:10ce440036e03b695b685a683b69da60fb68da8afa
:10ce54003b69dc68104613f071fd03462380fb68d0
:10ce64001a8b3b69dc68104613f068fd0346638047
:10ce74003b69dc68386812f06efe03466360fb7d34
:10ce84009b08dbb205339bb21b039ab2fb799bb2be
:10ce940013439ab23b69dc68104613f04ffd034616
:10cea400a3813b69db6800229a740022da743b692f
:0cceb40018461c37bd4690bd3c5b452075
:020000040000fa
:020000040042b8
:10cec00080b487b000af7860374b7b6102e07b694c
:10ced0001b687b617b691b687a689a42f7d87b691b
:10cee000314a934219d07b69304a934205d37b691a
:10cef0002f4a934201d8012300e00023002b0cd1dc
:10cf00004ff0800372b683f31188bff36f8fbff3c6
:10cf10004f8f62b6fb6000bffee77b693b617b69b8
:10cf20005b683a6913447a689a4208d17b695a6807
:10cf30007b685b681a447b695a607b697b607b68ad
:10cf40003b617b685b683a691a447b691b689a425b
:10cf500018d17b691a68174b1b689a420dd07b6801
:10cf60005a687b691b685b681a447b685a607b69f6
:10cf70001b681a687b681a6008e00e4b1a687b68a9
:10cf80001a6003e07b691a687b681a607a697b68bb
:10cf90009a4202d07b697a681a6000bf1c37bd468e
:10cfa0005df8047b704700bfcc6a4520200040201c
:08cfb0001f204320606b4520a7
:020000040000fa
:020000040042b8
:10cfb80080b58ab000aff860b9607a60fb70fb7822
:10cfc800082b02d96ff0010364e007f11403102263
:10cfd8000021184615f06efdbb6823f060427b699e
:10cfe80062f31c037b61fb7d43f04003fb75fb7818
:10cff80003f00f03dab2bb7e62f30303bb76bb7e9a
:10d0080023f02003bb76bb7e23f01003bb767b683e
:10d01800002b0ad0fb78002b07d0fa7807f114030d
:10d0280008337968184615f0edfa00237b6214e09e
:10d038007b6ab3f57a7f0ad3184b5b78002b03d051
:10d048001749012002f072f86ff0090322e0052069
:10d058000cf01cfa7b6a05337b6214f07ffb0346f5
:10d06800002be5d007f114031946012005f0daf981
:10d07800034683f00103dbb2002b0ad0074b5b7831
:10d08800002b03d00749012002f050f86ff0090384
:10d0980000e0002318462837bd4680bdb0744520ff
:08d0a800886143009861430018
:020000040000fa
:020000040042b8
:10d0b00090b587b002af78607b68002b03d07b68a7
:10d0c000db6c002b29d1334b1b78002b5dd07a68a9
:10d0d0003149002002f02ef858e0fb68002b1cd0ec
:10d0e0002c4b5b79002b14d0fb685c68fb681846fe
:10d0f00014f018f90346b3f801309bb2184614f047
:10d1000037ff0346009323467a682449052002f03e
:10d1100011f8fb68184600f011fc7b68db6c07f126
:10d120000c011f4a184614f07dfc0346012bd4d095
:10d130001fe0fb68002b1cd0164b5b79002b14d032
:10d14000fb685c68fb68184614f0ecf80346b3f81b
:10d1500001309bb2184614f00bff034600932346a0
:10d160007a681049052001f0e5fffb68184600f0d9
:10d17000e5fb7b681b6d07f10c01094a184614f0aa
:10d1800051fc0346012bd4d000e000bf1437bd464c
:10d1900090bd00bfb074452074074100a407410052
:08d1a00004754520d007410091
:020000040000fa
:020000040042b8
:10d1a80080b48db000aff860b9607a603b60fb680e
:10d1b800002b05d0bb68002b02d03b68002b01d1a7
:10d1c80001235ee0fb681b68ff2b01d9052358e0ab
:10d1d800fb681b68fb620023bb620fe007f11402c7
:10d1e800bb6a13442a49fa6a0a4412781a70fb6a1d
:10d1f8000133dbb2fb62bb6a0133bb62bb6a042b3f
:10d20800ecd93b7e002b02d03b7e802b01d9052335
:10d2180037e07a693b681a607b68013b3a7e934243
:10d2280028bf1346fb6100237b620ee0ba687b6a65
:10d2380013441749fa6a0a4412781a70fb6a0133d0
:10d24800dbb2fb627b6a01337b627a6afb699a42d2
:10d25800ecd3fb693b6206e0fb6a0133dbb2fb629d
:10d268003b6a01333b623b7e1a463b6a9342f3d3e7
:10d27800ba68fb69134400221a70fb68fa6a1a60dc
:10d28800002318463437bd465df8047b704700bf5d
:04d298003c5a452097
:020000040000fa
:020000040042b8
:10d29c0080b588b000af78607b68fb617b68002b41
:10d2ac0063d008235b42fa691344fb61fb69bb61e1
:10d2bc00bb69304a934205d3bb692f4a934201d8cc
:10d2cc00012300e00023002b0cd14ff0800372b639
:10d2dc0083f31188bff36f8fbff34f8f62b67b61ff
:10d2ec0000bffee7bb695b68002b0cdb4ff08003d3
:10d2fc0072b683f31188bff36f8fbff34f8f62b693
:10d30c003b6100bffee7bb691b68002b0cd04ff0e4
:10d31c00800372b683f31188bff36f8fbff34f8f07
:10d32c0062b6fb6000bffee7bb695b68002b1cdad2
:10d33c00bb691b68002b18d1bb695b6823f00042ea
:10d34c00bb695a6014f0d6fdbb695a680b4b1b685d
:10d35c0013440a4a1360b869fff7acfd084b1b680d
:10d36c000133074a1360f2f75fff00bf2037bd4659
:10d37c0080bd00bf200040201f204320646b45204f
:04d38c00706b45205d
:020000040000fa
:020000040042b8
:10d3900080b588b000aff860b9607a60fb68002b98
:10d3a0000bd17b68002b5fd1314b5b78002b5bd0be
:10d3b0003049012001f0befe56e0bb68002b15d1bc
:10d3c0007b68002b07d12a4b5b78002b03d02a49be
:10d3d000012001f0affe7b68002b03d1f86800f05c
:10d3e000adfa42e0f8680af0a5ff3ee0bb683b6199
:10d3f000fb687b610023bb617b68002b0bd11f4a5c
:10d40000bb6952f8233007f110010022184613f0cf
:10d4100053fdf8610ae0194abb6952f8233007f15d
:10d4200010017a68184614f0e0f8f861fb69012be6
:10d430001bd07b68002b07d10d4b5b78002b03d0f2
:10d440000f49012001f076febb685b6a5a1cbb687d
:10d450005a627b68002b03d1f86800f06ffa04e091
:10d46000f8680af067ff00e000bf2037bd4680bdc6
:10d47000b0744520cc654300f4654300006c452042
:04d4800020664300df
:020000040000fa
:020000040042b8
:10d4840080b588b002af3a601a460346fb710b467a
:10d49400bb711346bb80344b1b78fb71bb79bb72e9
:10d4a400bb7a03f00f03dbb2fb75bb79fb72fb7a2b
:10d4b400db09dbb2bb75fa7dbb7d2c4952000a4403
:10d4c40013442833db78c3f30003dbb2002b0ad008
:10d4d400274bfb60fb681b6803f00103002b00d0a3
:10d4e40000be00233ce0fa7dbb7d204952000a4483
:10d4f400134403f12802d37843f00103d370ba88ac
:10d50400b979f87997f82030009313463a68f4f71c
:10d5140057fd0346002b01d0012321e0fa7dbb7d9a
:10d52400124952000a44134403f12802d37823f029
:10d534000103d370fa7dbb7d0c4952000a441344a5
:10d5440003f12802d37823f00403d370084b3b6122
:10d554003b691b6803f00103002b00d000be0023cd
:10d5640018461837bd4680bdcb6c45208c664520d7
:04d57400f0ed00e0f6
:020000040000fa
:020000040042b8
:10d578002c00000025752f257520253134732025b2
:10d588007500000025752f2575202531347300009e
:10d598002575202531347320257500002575202533
:10d5a8003134730025733a20696e76616c696420a2
:10d5b800656e747279205b25735d000025733a20cf
:10d5c8006661696c656420746f20616464205b2502
:10d5d800735d2c206572726f723a2025640000001a
:10d5e8000000000025733a20696e76616c6964203a
:10d5f800726f7574653a206164647265737320256f
:10d60800752c206e65746d61736b2025752c2069ef
:10d618006e746572666163652025702028257329fc
:10d628002c20766961202575000000004c4f4f5072
:10d63800000000002f25750020257500257325752d
:10d64800257320257325730025752f2575202573cf
:10d658000d0a000025752f25752025732025750dc9
:02d668000a00b6
:020000040000fa
:020000040042b8
:10d66c0080b58ab000aff860b9607a603b60fb6847
:10d67c00002b01d1042365e03b68002b01d1002372
:10d68c0060e0fb681b68314a52f823303b623b6a0e
:10d69c00002b01d1042355e000237b6240e03b6a60
:10d6ac00103364220221184610f0bef80346002bfa
:10d6bc0001d0032346e0bb68002b04d0ba687b6a18
:10d6cc0013441b7800e0ff23fb77fb7fbb613b6ab5
:10d6dc00ba69da603b6a103364220121184610f0f3
:10d6ec00a3f80346002b01d003232be03b6a1b69f4
:10d6fc007b617b6903f00c03002b03d03b6a9b68b6
:10d70c0009231fe03b6a9b68fb747b68002b04d0e9
:10d71c007a687b6a1344fa7c1a707b6a01337b62e9
:10d72c007a6a3b689a42bad33b6a103364224ff44c
:10d73c000071184610f078f80346002b01d0032333
:10d74c0000e0002318462837bd4680bd842e4400d7
:020000040000fa
:020000040042b8
:10d75c00f0b5a9b006aff860b9607a600121b8687d
:10d76c0011f034ffc7f88400d7f88430002b0dd1aa
:10d77c0007f11c032b4a6421184614f0d9fc07f15d
:10d78c001c031946f86806f0fbfc47e00022002158
:10d79c00d7f8840015f0b4f9c7f88000d7f88030ba
:10d7ac00214a93420dd807f11c00204b204a6421da
:10d7bc0014f0befc07f11c031946f86806f0e0fcf7
:10d7cc002ce0d7f8800011f0aff8d7f88020194b77
:10d7dc00134407f1140211461846fdf7a1fefb7d18
:10d7ec001e463b7e7a7e397d787d0446b87d0546a3
:10d7fc0007f11c00049503940291019200933346a7
:10d80c000d4a642114f094fc07f11c031946f868c6
:10d81c0006f0b6fc0949f86806f0b2fc8c37bd4638
:10d82c00f0bd00bf04d240007f436d3880436d389b
:10d83c0020d2400080bc92c7acd04000dcd040006d
:020000040000fa
:020000040042b8
:10d84c0080b5aab002aff860b9607a600121b868ff
:10d85c0011f0bcfec7f89c00d7f89c30002b04d10b
:10d86c002b49f86806f08cfc4ee007f1900300227f
:10d87c001946d7f89c0015f043f9c7f89800d7f86b
:10d88c0090301b78002b04d02249f86806f078fc05
:10d89c003ae0d7f89830002b03d0d7f89830042b07
:10d8ac000dd907f1100004231b4a802114f040fc11
:10d8bc0007f110031946f86806f062fc24e0d7f86b
:10d8cc009830013b154a52f82330184614f084fd69
:10d8dc00c7f89400d7f89430002b01d1104b00e01e
:10d8ec00104b07f110000093d7f898300e4a8021a6
:10d8fc0014f01efc07f110031946f86806f040fc02
:10d90c000a49f86806f03cfca037bd4680bd00bf54
:10d91c00c8e34000e0e34000f0e3400060734520c2
:10d92c000ce440001ce4400028e44000dcd0400043
:020000040000fa
:020000040042b8
:10d93c0080b584b000af78607b68002b55d07b68d5
:10d94c00083bfb60fb6803f00303002b09d02d4b55
:10d95c001b78002b4bd07a682b49002001f0e4fb9c
:10d96c0045e0fb685a68fb689a4209d0254b1b7846
:10d97c00002b3ed07a682549002001f0d5fb38e019
:10d98c00fb681b68002b0ad11e4b1b78002b32d076
:10d99c00fb681a461e49002001f0c6fb2be0fb6811
:10d9ac001a68013a1a601b68002b0bd0154b1b78b8
:10d9bc00002b22d0fa68fb681b681649002001f086
:10d9cc00b3fb1ae00f4bdb78002b05d0fb681a4633
:10d9dc001149032001f0a8fb104b1b6807f10c0147
:10d9ec000022184613f062fa08e000bf06e000bf00
:10d9fc0004e000bf02e000bf00e000bf1037bd46ee
:10da0c0080bd00bfb074452024ae42004cae420035
:10da1c0070ae420090ae4200b4ae4200e06b4520c6
:020000040000fa
:020000040042b8
:10da2c0080b582b000af78600b46fb707b68002b32
:10da3c0001d1002360e07b685b78002b09d1304b6f
:10da4c005b79002b03d02f49052001f06dfb0023df
:10da5c0052e07b681b7903f00203002b05d17b6835
:10da6c001b7a03f00203002b0ad0fb781946786866
:10da7c0013f0c6fd034613f10c0f01d100233be05c
:10da8c004ff0ff3120480ff001f80346012b0ad06c
:10da9c001b4b1b78002b03d01c49002001f044fbce
:10daac006ff0020328e07b6800225a7078680ef051
:10dabc00adfb7b681b69002b11d07b681b78012b9d
:10dacc000dd17b689b6903f48853002b07d07b68ce
:10dadc001b69184612f009f87b6800221a617b68f2
:10daec001b7903f00203002b02d07868fff7dafaf7
:10dafc00054810f0dbf8002318460837bd4680bdfa
:10db0c00b0744520dce44100ec6b4520a4e44100fa
:020000040000fa
:020000040042b8
:10db1c0090b585b000af786039607b68db689b8915
:10db2c009bb2184612f006ff0346dbb203f001036a
:10db3c00002b28d0386812f0eaff00233b6056e037
:10db4c003b68db689b899bb2184612f0f3fe0346d8
:10db5c00dbb203f00103002b0dd07b68db689b89e3
:10db6c009cb2012012f0e6fe03461a467b68db6885
:10db7c00224392b29a813b68fb603b681b683b6016
:10db8c00f86812f0a9fb3b68002b0ed07b681b8950
:10db9c001a461a4b1b681a443b68db685b68396889
:10dbac0009890b44d31a002bcada3b68002b1ed010
:10dbbc007b681b891a46114b1b681a443b68db684f
:10dbcc005b68d31a002b12dd3b68db685b689ab28a
:10dbdc000a4b1b689bb2d31a9ab27b681a817b687a
:10dbec005a687b681b891946104603f0e1f97b687b
:10dbfc003a681a6000bf1437bd4690bd7c6c452056
:020000040000fa
:020000040042b8
:10dc0c0080b588b000aff860b9607a6007f1140392
:10dc1c001946f86814f00ff8034683f00103dbb2e1
:10dc2c00002b01d0002356e07b69b3f5803f0bd36a
:10dc3c00fb68db68002b02d0fb68db6800e0284b3c
:10dc4c00fa68d360002346e07b690233fb617b6991
:10dc5c00fa699a420bd2fb68db68002b02d0fb6896
:10dc6c00db6800e01f4bfa68d360002333e0bb682d
:10dc7c009b7803f0c003802b0bd1fb68db68002b77
:10dc8c0002d0fb68db6800e0174bfa68d360002316
:10dc9c0021e0bb68b3f807309bb21a46fb6993428c
:10dcac000bd9fb68db68002b02d0fb68db6800e05b
:10dcbc000b4bfa68d36000230de07b68bb617b697a
:10dccc009ab2bb691a80bb6902337a691946f86843
:10dcdc0001f066fb034618462037bd4680bd00bfe9
:0cdcec001873420028734200b47242001a
:020000040000fa
:020000040042b8
:10dcf80080b582b000af03463960fb713b68002bea
:10dd080067d0fb79102b64d801a252f823f000bf2a
:10dd1800dbdd42005ddd420073dd420087dd42004d
:10dd2800dbdd42005ddd420073dd420087dd42003d
:10dd3800dbdd42005ddd420073dd420087dd42002d
:10dd4800bfdd4200a3dd4200dbdd4200dbdd420037
:10dd5800dbdd42003b681b88184614f0a3f8034635
:10dd68001a463b681a80012334e03b681b68184652
:10dd780014f0c8fa02463b681a6001232ae03b689f
:10dd8800d3e900231046194613f0f8fd02460b4666
:10dd98003968c1e9002301231ce03b68d3ed007a10
:10dda800b0ee670a13f0bafdf0ee407a3b68c3edb7
:10ddb800007a01230ee03b6893ed007bb0ee470b41
:10ddc80013f0bcfdb0ee407b3b6883ed007b012384
:0cddd80000e0002318460837bd4680bd5f
:020000040000fa
:020000040042b8
:10dde40080b582b000af03463960fb713b68002bfd
:10ddf40067d0fb79102b64d801a252f823f000bf3e
:10de0400c7de420049de42005fde420073de4200ac
:10de1400c7de420049de42005fde420073de42009c
:10de2400c7de420049de42005fde420073de42008c
:10de3400abde42008fde4200c7de4200c7de420096
:10de4400c7de42003b681b88184614f01ff80346df
:10de54001a463b681a80012334e03b681b68184665
:10de640014f046fa02463b681a6001232ae03b6834
:10de7400d3e900231046194613f072fd02460b46ff
:10de84003968c1e9002301231ce03b68d3ed007a23
:10de9400b0ee670a12f0ebfdf0ee407a3b68c3ed9a
:10dea400007a01230ee03b6893ed007bb0ee470b54
:10deb40011f008fab0ee407b3b6883ed007b012350
:0cdec40000e0002318460837bd4680bd72
:020000040000fa
:020000040042b8
:10ded00080b586b000af78607b681b6d184614f083
:10dee000c9fa386100237b6154e07b681b6d07f140
:10def00008012d4a184613f095fd0346012b09d061
:10df00002a4b1b78002b4ad07a682949002001f05f
:10df100011f944e0bb68184613f004faf860234b8b
:10df20005b79002b08d0fb68b3f801309bb27a68ac
:10df30002049052001f0fef8fb68b3f801309ab2e1
:10df40007b689b8c01339bb29a4218d1174b5b794b
:10df5000002b08d0fb68b3f801309bb27a681649f1
:10df6000052001f0e7f8bb68194678680ff008fa59
:10df70007b689b8c01339ab27b689a84ace77b68a0
:10df80001b6d07f10801084a184613f02efb7b6948
:10df900001337b617a693b699a42a6db00e000bfee
:10dfa00000bf1837bd4680bd04754520b0744520bc
:0cdfb000b4054100240641005806410061
:020000040000fa
:020000040042b8
:10dfbc0080b582b000af384b9b6a002b04d0364b37
:10dfcc009b6a18460ff060ff0cf046fe0346324a7f
:10dfdc009362314b9b6a002b01d1002358e02e4bee
:10dfec000022da852c4b9b6a7b607b68002242f016
:10dffc004e021a70002242f043025a70002242f084
:10e00c004d029a70002242f04802da707b680022be
:10e01c0042f00c021a7100225a711f4b9b8d5a1c34
:10e02c0091b21d4a91857a68d3807b68002242f0b8
:10e03c0038021a7200225a727b68002242f00c02db
:10e04c009a720022da727b68002242f04e021a7336
:10e05c00002242f043025a73002242f04d029a739e
:10e06c00002242f03002da737b68002242f02c026c
:10e07c001a7400225a747b6800229a740022da7493
:10e08c007b68143324220021184614f011fd01235f
:0ce09c0018460837bd4680bd04674520cb
:020000040000fa
:020000040042b8
:10e0a80080b588b000af78607b68002b66d0354bb0
:10e0b800fb600023fb770023bb770023bb610023b1
:10e0c8007b6147e07b6901337b61bb7f002b02d01a
:10e0d8000023bb7729e0fb7c5c2b02d10123bb77b3
:10e0e80038e0fb7c222b10d1fb7f002b14bf0123cf
:10e0f8000023dbb283f00103dbb2fb77fb7f03f085
:10e108000103fb770023fb740fe0fb7f83f001031f
:10e11800dbb2002b09d0fb7c1946f86814f0d4fc5c
:10e128000346002b01d00023fb74fb7c002b09d194
:10e13800bb69002b0eddbb69013b7a6813441b7871
:10e14800002b07d0bb697a681344fa7c1a70bb6944
:10e158000133bb617b697a6813441b78fb74fb7cd1
:10e16800002bafd1bb697a68134400221a70bb69cf
:10e1780001337a68134400221a7000e000bf203788
:08e18800bd4680bd1c5f420092
:020000040000fa
:020000040042b8
:10e1900080b586b000af78600b46fb707b68db68ab
:10e1a0003b613b699b89002b5fd0fb78002b05d03e
:10e1b0003b695a893b699b899a4256d0fb7883f028
:10e1c0000103dbb2002b03d03b695b89002b4cd0f1
:10e1d00078680bf037fa3b691b68194678680ff0ce
:10e1e000e0fefb78002b06d03b695b8901339ab2d5
:10e1f0003b695a8105e03b695b89013b9ab23b6907
:10e200005a813b691a1d3b695b891946104611f01a
:10e2100023f878617b69002b01d1164b7b6178690b
:10e2200014f000fa0346fb813b69db69fa897969de
:10e23000184614f0ebf93b69da69fb8913440022b4
:10e240001a703b69fa891a843b69db691946786858
:10e250000ff0a7fe3b691a8c3b691a863b690022c6
:10e260009a86786802f05cf900e000bf1837bd4676
:08e2700080bd00bf205f4200e9
:020000040000fa
:020000040042b8
:10e2780080b588b000aff860b9607a603b607b68b1
:10e28800002b0cd14ff0800372b683f31188bff3d3
:10e298006f8fbff34f8f62b6bb6100bffee7fb68ad
:10e2a8009a683b68d31a7a68934228bf1346fb6181
:10e2b8003a68fb691a44fb689b689a420cd94ff08c
:10e2c800800372b683f31188bff36f8fbff34f8f4c
:10e2d80062b67b6100bffee7fb689a693b6813443e
:10e2e800fa69b968184614f08df97a68fb699a4298
:10e2f8001ed97a68fb69d21afb689b689a420cd9c6
:10e308004ff0800372b683f31188bff36f8fbff3aa
:10e318004f8f62b63b6100bffee7fb689869ba6839
:10e32800fb69d1187a68fb69d31a1a4614f06af99e
:10e338003a687b6813443b60fb689b683a689a427a
:10e3480004d3fb689b683a68d31a3b603b6818465d
:06e358002037bd4680bd28
:020000040000fa
:020000040042b8
:10e3600080b5d2b002af304b1b78dbb283f0010333
:10e37000dbb2002b53d12d4b1b68c7f82c312c4b33
:10e380001b68c7f83831d7f83831002b04d1294938
:10e39000294811f0b7fe43e00023c7f83c3137e0cd
:10e3a0000023c7f8883007f18803391d07f59670f8
:10e3b0008122fef7f9fe034687f8373197f83731a7
:10e3c000002b1bd1d7f8882007f18c003b1d009350
:10e3d00013461a4aa02113f0b1fec7f83001d7f84e
:10e3e0003031002b0fddd7f830319f2b0bdc07f1dc
:10e3f0008c031946104811f085fe04e010490e48c0
:10e4000011f080fe0ce0d7f83c310133c7f83c3105
:10e41000d7f83c21d7f838319a42c1d300e000bf89
:10e4200007f5a077bd4680bd2f564520146b4520cb
:10e43000186b452058044300001a0e407404430032
:04e44000840443000d
:020000040000fa
:020000040042b8
:10e4440080b5a2b002aff860b9607a6013f068ffdb
:10e45400034683f00103dbb2002b0cd02949f86892
:10e4640005f092fe2849f86805f08efe2749f86801
:10e4740005f08afe43e0264b5b7983f00103dbb2af
:10e48400002b0bd022480ef0a1f8f867fb6f002b8d
:10e4940004d02049f86805f077fe30e0642013f0da
:10e4a400bffb07f174031946194813f00bfdf86715
:10e4b400fb6f002b04d01849f86805f065fe1ee0d8
:10e4c4001649f86805f060fed7ed1d7ab7eee76ae5
:10e4d400d7ed1e7ab7eee77a07f110008ded007bd9
:10e4e40053ec162b0e4913f034fe07f110031946b2
:10e4f400f86805f049fe0549f86805f045fe8037df
:10e50400bd4680bd44e240005ce24000dcd04000f7
:10e5140080744520e8e14000fce1400088e24000ce
:04e5240024e24000ad
:020000040000fa
:020000040042b8
:10e5280090b589b000af786039600023fb75324b35
:10e538005b69314a12681146184608f0e7fe03463f
:10e54800bb757b685b685b7abb820023bb612b4b26
:10e558001b68fb6147e0fb691b7c1a46b7f914305e
:10e568009a423bd1bb7d1946f8690af03bf803464d
:10e57800002b33d0fb695b7c03f00103002b05d033
:10e58800fb695a681c4b1b699a4227d1fb695b6976
:10e59800002b23d07b685b683b610223fb75fb691a
:10e5a8005c69fb699869164b7a68f969a047034664
:10e5b800fb73fb7b002b11d000237b60bb69002b16
:10e5c8000ad0fb69da68bb69da600c4b1a68fb6928
:10e5d800da600a4afb691360012308e0fb69bb6142
:10e5e800fb69db68fb61fb69002bb4d1fb7d184636
:10e5f8002437bd4690bd00bf306945205c6c45207e
:04e608004069452000
:020000040000fa
:020000040042b8
:10e60c0080b586b000af78600b46fb707b68002b42
:10e61c0001d104235de07b681b68002b03d07b6871
:10e62c001b68022b01d9042353e07b681b682b4a1f
:10e63c0052f823303b613b69002b01d1042348e0a5
:10e64c003b69103364224ff4007118460ff0ecf85c
:10e65c000346002b01d003233be03b6902221a60e6
:10e66c003b69103364224ff4803118460ff0fef8ea
:10e67c000346002b01d003232be0fb7803f00303ac
:10e68c00fb700023fb603b69fa680c3253f82230b4
:10e69c007b617b6923f003037b61fb7803f002034e
:10e6ac00002b03d07b6943f001037b61fb7803f003
:10e6bc000103002b03d17b6943f002037b613b69af
:10e6cc00fa680c32796943f822103b6901221a600e
:10e6dc00002318461837bd4680bd00bf842e440069
:020000040000fa
:020000040042b8
:10e6ec0080b586b000aff860b9601346fb712b4b58
:10e6fc001b68002b24d02a492a4811f0fdfc274b1b
:10e70c001b680021184612f0aeff244b1b68002139
:10e71c00184612f06dfe214b1b680021184612f0b2
:10e72c0079fe1e4b1b6800220021184612f044f99a
:10e73c001a4b1b68184613f003ff184b00221a6083
:10e74c001949184811f0d8fc144abb6813601749d2
:10e75c00b86812f04dfe1649b86812f05bfe154809
:10e76c0013f0aaf81349144806f0d6fc0123212211
:10e77c001249b868e6f7ecfd13f092fd78617b69fd
:10e78c00002b03d00a2178690ef036ffb868eaf73f
:10e79c00c3fd002318461837bd4680bdfc6a4520d2
:10e7ac00e8544200001a0e4018554200c9c84200f5
:10e7bc00cdd94300290644006062452038554200fb
:020000040000fa
:020000040042b8
:10e7cc0080b588b000aff860b9607a603b607b6858
:10e7dc00002b0cd14ff0800372b683f31188bff37a
:10e7ec006f8fbff34f8f62b6bb6100bffee7fb6854
:10e7fc009a683b68d31a7a68934228bf1346fb6128
:10e80c00fa697b689a420cd94ff0800372b683f395
:10e81c001188bff36f8fbff34f8f62b67b6100bf60
:10e82c00fee73a68fb691a44fb689b689a420cd96c
:10e83c004ff0800372b683f31188bff36f8fbff371
:10e84c004f8f62b63b6100bffee7fb689a693b687d
:10e85c001344fa691946b86813f0d2fe7a68fb695a
:10e86c009a420ad9ba68fb69d018fb6899697a6828
:10e87c00fb69d31a1a4613f0c3fe3a687b6813443b
:10e88c003b60fb689b683a689a4204d3fb689b68c0
:10e89c003a68d31a3b603b6818462037bd4680bdaa
:020000040000fa
:020000040042b8
:10e8ac0080b58ab002aff860b9607a603b60002333
:10e8bc00fb774ff420721c210e20f7f7a4f9b861f6
:10e8cc00bb69002b08d12d4b9b8c01339ab22b4b7f
:10e8dc009a844ff0ff334ce0bb695b687b61bb8e65
:10e8ec00184612f027f803461a467b69da807b69d2
:10e8fc00083306223968184613f082fe7b691233fe
:10e90c000622f96a184613f07bfe7b690e33ba6a4d
:10e91c0012681a607b6918333a6b12681a607b694b
:10e92c0000221a70002242f001025a707b69002208
:10e93c0042f008029a700022da707b6906221a7182
:10e94c007b6904225a7140f6060300937b68ba680f
:10e95c00b969f86808f008ff084b1b8b01339ab2b1
:10e96c00064b1a83b86904f090f90023bb6197f940
:10e97c001f3018462037bd4680bd00bf3c5b45208c
:020000040000fa
:020000040042b8
:10e98c0090b585b000af78607b68002b02d16ff03a
:10e99c000f0361e07b689b6f5b7bbb737b689b6f3a
:10e9ac00bb607b6800229a677b68d3f88430002bad
:10e9bc000bd07b68d3f884407b6818690023ba6855
:10e9cc007968a0470346fb7307e00023ba687968af
:10e9dc0000200df00bfd0346fb7397f90f30002b55
:10e9ec002bd1bb7b03f02003002b34d07b681b8d19
:10e9fc0041f2d062934205d07b681b8d01339ab2f1
:10ea0c007b681a857b68d3f88430002b0bd07b682d
:10ea1c00d3f884407b681869002300227968a047ea
:10ea2c000346fb7301e00023fb7397f90f3013f1de
:10ea3c000d0f10d16ff00c030ee097f90f3013f19e
:10ea4c000d0f02d16ff00c0306e07b68ba689a6771
:10ea5c006ff0040300e0002318461437bd4690bd48
:020000040000fa
:020000040042b8
:10ea6c0080b588b000afb9607a601a460346fb7374
:10ea7c001346bb81304bba681068516803c32e4ae9
:10ea8c007b6893602c4b0022da81bb68db889ab2de
:10ea9c00bb897b8213463b827a8a3b8a934228bf8e
:10eaac0013469ab2244b9a81bb68db889bb2002b2d
:10eabc0026d0214b9b89002b0dd07b68002b0ad1d3
:10eacc001e4bbb61bb691b6803f00103002b00d01c
:10eadc0000be00232be0fb7b184601f053fc0346e1
:10eaec0083f00103dbb2002b20d0144b7b617b69dc
:10eafc001b6803f00103002b00d000be002316e0be
:10eb0c00fb7bb968184610f0cff9034683f001037c
:10eb1c00dbb2002b0ad0094bfb61fb691b6803f0cd
:10eb2c000103002b00d000be002300e00123184697
:10eb3c002037bd4680bd00bfd4694520f0ed00e014
:020000040000fa
:020000040042b8
:10eb4c0080b584b000af78607b68023318460ff054
:10eb5c00f1f8f860fb68002b02d16ff001035ae06a
:10eb6c00fb685b69184610f0d9ff02467b68c3f856
:10eb7c000d20fb689b69184610f0d0ff02467b689d
:10eb8c00c3f81120fb68db69184610f0c7ff02467a
:10eb9c007b68c3f81520fb681b6a184610f0beff93
:10ebac0002467b68c3f81920fb685b6a184610f0b4
:10ebbc00b5ff02467b68c3f81d20fb689b6a1846ac
:10ebcc0010f0acff02467b68c3f82120fb68db6abf
:10ebdc00184610f0a3ff02467b68c3f82520fb689b
:10ebec001b6b184610f09aff02467b68c3f829206d
:10ebfc00fb685b6b184610f091ff02467b68c3f80c
:10ec0c002d20fb689b6b184610f088ff02467b6832
:0eec1c00c3f83120002318461037bd4680bdd6
:020000040000fa
:020000040042b8
:10ec2a0080b586b000aff8607b600b46fb72134676
:10ec3a003b8100233b61fb687b612be07b695a685f
:10ec4a007b695b891946104602f0f4ff03461a46af
:10ec5a007b6813447b607b681a0c7b689bb2134405
:10ec6a007b607b695b8903f001039bb2002b0ed0aa
:10ec7a003b69002b0cbf01230023dbb23b617b689d
:10ec8a001b029ab27b681b0adbb213437b607b6967
:10ec9a001b687b617b69002bd0d13b69002b07d0b5
:10ecaa007b681b029ab27b681b0adbb213437b6048
:10ecba00fb7a9bb2184611f03efe03461a467b6861
:10ecca0013447b603b89184611f035fe03461a4609
:10ecda007b6813447b607b681a0c7b689bb2134485
:10ecea007b607b681a0c7b689bb213447b607b68f1
:0eecfa009bb2db439bb218461837bd4680bd67
:020000040000fa
:020000040042b8
:10ed080080b58cb004af78600b46fb701346bb70bf
:10ed18004ff4207224212220f6f777fff861fb696f
:10ed2800002b53d07b685b68bb61fb695b687b61c8
:10ed38007b69fa781a707b69ba785a707b69002205
:10ed48001a7100225a717b6900229a710022da71c5
:10ed5800fb695b6803f108007b685b681c22194645
:10ed680013f050fcbb69db68fb6007f10c03184625
:10ed780009f0a6fe38613b69002b23d07b6900228d
:10ed88009a700022da70fb695b891946786912f07b
:10ed9800e9fa03461a467b695a800e4bb3f860308d
:10eda80001339ab20b4ba3f8602007f10c023b69c0
:10edb80002930123019300230093ff230021f869a4
:10edc8000df044f8f86903f062ff00e000bf203757
:08edd800bd4680bd3c5b4520f7
:020000040000fa
:020000040042b8
:10ede00080b588b000af0346fb710023fb7739e0a4
:10edf000fb7ffb740023fb60284b1b78fa7c9a4254
:10ee000009d2274b1968fa7c1346db0013449b0098
:10ee10000b44fb600fe0214b1b78fa7cd31afb7488
:10ee2000fb7c002b07d1fa7c1346db0013449b00cc
:10ee30001c4a1344fb60fb68bb61bb69002b09d112
:10ee4000194b7b617b691b6803f00103002b20d009
:10ee500000be1ee0bb69db68fa7910469847fb7f6d
:10ee60000133fb770d4b1b780133dbb2fa7f9a42fb
:10ee7000bed33f2200210d4813f020fe1022ff21b7
:10ee80000b4813f01bfe1422ff210a4813f016fe54
:10ee900000e000bf2037bd4680bd00bf8a6a452024
:10eea0009c6c452068144400f0ed00e08c66452021
:08eeb00093664520a36645208e
:020000040000fa
:020000040042b8
:10eeb80080b588b000aff8607a603b600b46fb72a3
:10eec800fb68002b05d07b68002b02d03b68002b29
:10eed80001dc04234fe0fb681b68022b01d90423e3
:10eee80049e0fb681b68264a52f82330bb61bb69be
:10eef800002b01d104233ee0fb7a1b0403f4fe023d
:10ef0800bb695a60bb690022da600023fb6126e016
:10ef1800bb69203364220421184612f00dfb034616
:10ef2800fb75fb7d002b01d0fb7d24e0b86912f056
:10ef380073f80346002b08d0bb6902221a606421cb
:10ef4800b8690cf0d5ff062315e0fb697a6813440d
:10ef58001b781a46bb695a63fb690133fb61fa697e
:10ef68003b689a42d4dbbb6902221a606421b86903
:10ef78000cf0beff034618462037bd4680bd00bfd3
:04ef8800782e44009b
:020000040000fa
:020000040042b8
:10ef8c0080b586b000aff860b9607a6000237b6111
:10ef9c00fb689b6b3b61fb681b6c002b0dd1fb680a
:10efac001b68002b4dd1fb689b681846f7f744ff94
:10efbc007861fb6800229a6043e07b68002b19d1d2
:10efcc00fb685868fb681b6c1a46b96813f018fb91
:10efdc00fb685a68fb681b6c1a44fb685a60fb6838
:10efec005a68fb689b689a422bd3fb681a68fb68cb
:10effc005a6026e0fb68d868fb681b6c1a46b96837
:10f00c0013f0fefafb68da68fb681b6c5b421a446f
:10f01c00fb68da60fb68da68fb681b689a4207d207
:10f02c00fb689a68fb681b6c5b421a44fb68da60ed
:10f03c007b68022b05d13b69002b02d03b69013b5d
:10f04c003b613b695a1cfb689a637b69184618370d
:04f05c00bd4680bd70
:020000040000fa
:020000040042b8
:10f0600080b588b000af786039607b68002b0cd128
:10f070004ff0800372b683f31188bff36f8fbff335
:10f080004f8f62b63b6100bffee73b68002b0cd19f
:10f090004ff0800372b683f31188bff36f8fbff315
:10f0a0004f8f62b6fb6000bffee70af03bfc1f4bd0
:10f0b0001b68bb617b685b68ba69d31a7b613b687c
:10f0c0001b68b3f1ff3f02d10023fb6126e07b68a0
:10f0d0001a68174b1b689a420ad07b685b68ba694a
:10f0e0009a4205d30123fb613b6800221a6015e0b8
:10f0f0003b681b687a699a420bd23b681a687b6945
:10f10000d21a3b681a60786811f096fb0023fb6105
:10f1100004e03b6800221a600123fb610cf0f8f860
:10f12000fb6918462037bd4680bd00bf886b45206f
:04f130009c6b45206f
:020000040000fa
:020000040042b8
:10f134000eb480b585b000af0346fb71f023fb60cd
:10f14400fb79062b4fd8fb792b4ad35c83f0010360
:10f15400dbb2002b47d1fb79062b46d801a252f82b
:10f1640023f000bf8bf1420091f1420085f142008f
:10f1740097f142009df14200a3f14200a9f142003f
:10f184001323fb6011e01223fb600ee01423fb60e9
:10f194000be00623fb6008e00323fb6005e0052386
:10f1a400fb6002e00723fb6000bf07f12003bb60a4
:10f1b400124b1b68002b06d0104b1b68f879ba68f9
:10f1c400f969984712e0fb68dbb2184601f016f8bb
:10f1d400b968f86913f08efc094811f0cffef020ed
:10f1e40001f00cf802e000bf00e000bf1437bd4698
:10f1f400bde8804003b07047b0744520f46b4520ef
:04f20400a42f4400ef
:020000040000fa
:020000040042b8
:10f2080080b586b004af78602a4b1b7803f00403fe
:10f21800002b49d1274b1b7803f00203002b2ad07f
:10f22800254b1a687b685b6ad31a002b2ddb224baf
:10f238001a687b685b6a7968098d0b44d31a002bbe
:10f2480023dc1e4b19681e4b1b881a461a4b1b6879
:10f25800d0181c4b1b685b889bb21a4a126812882c
:10f2680092b202920193184b0093184b02467868a9
:10f278000af083fa1be00f4b1b7803f00103002b05
:10f2880003d0134b1a687b681a620d4b1b88002b3e
:10f298000cd07b685b8b43f002039ab27b685a837d
:10f2a8007868eaf73bf801e000bf00e000bf0837e4
:10f2b800bd4680bd736a45207c6c4520806c452026
:10f2c800666a4520746c452040694520446945209c
:04f2d800606c452001
:020000040000fa
:020000040042b8
:10f2dc0080b582b002af0df0e5fe08f093f8204b3c
:10f2ec0000934ff47a631f4a00211f48fcf7a0f9e2
:10f2fc001e4b009364231e4a00211e48fcf798f90c
:10f30c00002300934ff4fa731b4a00211b48fcf7af
:10f31c008ff9002300934ff47a73194a002119488e
:10f32c00fcf786f9002300934ff47a73164a0021f8
:10f33c001648fcf77df9002300934ff47a73144ab6
:10f34c0000211448fcf774f9002300934ff4fa637e
:10f35c00114a00211148fcf76bf900bfbd4680bd76
:10f36c003f2d4400282844005da743004d2d440048
:10f37c00d8274400fd05440050284400417c43003c
:10f38c001428440079f1430000284400c53243009e
:10f39c00ec2744008d4b42003c284400bdf7420052
:020000040000fa
:020000040042b8
:10f3ac0080b588b000aff860b9607a60bb68002b9c
:10f3bc0023d1fb681b682b4a93421ed011e007f146
:10f3cc00100310221946f868fff7eaff034683f092
:10f3dc000103dbb2002b01d000233ee07b68103b25
:10f3ec007b607b68102bead807f110037a6819460a
:10f3fc00f868fff7d5ff03462fe0fb689b687a6837
:10f40c009a420bd9fb68db68002b02d0fb68db68e7
:10f41c0000e0154bfa68d36000231ee0fb681b6804
:10f42c007a68b968f8689847034683f00103dbb241
:10f43c00002b0bd0fb68db68002b02d0fb68db6871
:10f44c0000e00a4bfa68d360002306e0fb689a6878
:10f45c007b68d21afb689a60012318462037bd4698
:10f46c0080bd00bfd1b543003872420048724200e3
:020000040000fa
:020000040042b8
:10f47c0080b590b004af0123fb6200233b620023f4
:10f48c007b6213e02b4a7b6a1344197807f1100254
:10f49c007b6a13440a461a7007f110027b6a134404
:10f4ac001b78002b06d07b6a01337b627b6a0f2ba7
:10f4bc00e8dd00e000bf0023bb6231e01e4b3b6285
:10f4cc000023fb600023bb603a1d07f1080107f124
:10f4dc000c03184610f006fa7868bb68fa6807f156
:10f4ec001001029201930023009300230246386a14
:10f4fc000df0b0fe02461149bb6a41f823200f4ab9
:10f50c00bb6a52f82330002b02d00123fb6201e0ce
:10f51c000023fb62fb6a002b06d0bb6a0133bb6283
:10f52c00bb6a002bcadd00e000bffb6a184630370f
:10f53c00bd4680bd9c264400c5014400a86b4520f7
:020000040000fa
:020000040042b8
:10f54c0080b586b000af78600b467b807b681b6d06
:10f55c00184612f089ff386100237b6143e07b6819
:10f56c001b6d07f10801254a184612f055fa03469f
:10f57c00012b09d0224b1b78002b39d07a682149fa
:10f58c000020fff7d1fd33e07b681b6d07f108010c
:10f59c001a4a184612f023f8bb68184611f0bcfe44
:10f5ac00f860174b5b79002b08d0fb68b3f801307f
:10f5bc009bb27a6814490520fff7b6fdfb68b3f8d7
:10f5cc0001309bb27a889a420ad10d4b5b79002ba1
:10f5dc0004d07a680d490520fff7a6fd012309e048
:10f5ec007b6901337b617a693b699a42b7db00e046
:10f5fc0000bf002318461837bd4680bd0475452052
:10f60c00b074452070064100a8064100dc0641009c
:020000040000fa
:020000040042b8
:10f61c0080b584b000af78607b6803f01003002bda
:10f62c0009d0294b1b78002b03d028490020fff769
:10f63c007bfd002344e07b6803f00403002b09d01e
:10f64c00214b1b78002b03d021490020fff76cfdc8
:10f65c00002335e07a681f4b1340002b09d01a4b5e
:10f66c001b78002b03d01c490020fff75dfd002305
:10f67c0026e00120fcf78cfcf860fb68002b01d124
:10f68c0000231de07b6803f48073002b11d0134b17
:10f69c005b7c042118460af0feff0246fb681a61e7
:10f6ac00fb681b69002b07d1f86812f034fd0023ae
:10f6bc0006e0fb6800221a61fb687a689a61fb68b5
:10f6cc0018461037bd4680bdb07445208c9d410056
:10f6dc00e49d4100aafeffff3c9e41009c68452032
:020000040000fa
:020000040042b8
:10f6ec0080b58ab000af396011461a460346fb71eb
:10f6fc000b46bb7113467b7100237b624de03b686c
:10f70c003b623b6a5b78052b08d13b6adb78c3f321
:10f71c000103dbb21a467b7993420ad0234bbb61bf
:10f72c00bb691b6803f00103002b00d000be002353
:10f73c0038e0fb79396a184606f0caff034683f0b5
:10f74c000103dbb2002b0ad0184bfb61fb691b6871
:10f75c0003f00103002b00d000be002322e03b6a23
:10f76c009b78fb75fb7ddb09dbb2012b04d13b6a7b
:10f77c009a787b6b1a7003e03b6a9a783b6b1a7031
:10f78c003b683b613b69fb60fb681b781a46fb6876
:10f79c0013443b607b6a01337b62bb797a6a9a4281
:10f7ac00addb012318462837bd4680bdf0ed00e0e7
:020000040000fa
:020000040042b8
:10f7bc0080b584b000af786000220821402003f0af
:10f7cc0025ff0346214a1360204b1b68002b0cd1ec
:10f7dc004ff0800372b683f31188bff36f8fbff3c2
:10f7ec004f8f62b6fb6000bffee7194812f074f849
:10f7fc00184917480cf0f4ff174915480cf0f0ffa6
:10f80c00164913480cf0ecff154911480cf0e8ffb1
:10f81c0014490f480cf0e4ff13490d480cf0e0ffbd
:10f82c0012490b480cf0dcff084b1b6808491846c2
:10f83c0010f04cff0e4b0f4ac3f8d8200e4808f0be
:10f84c0051fc4ff0ff300bf081fcfae7006b4520c8
:10f85c0078684520b9a7430015a8430071a8430058
:10f86c00e9bf4300cda8430029a94300b5fc4300e0
:0cf87c00e451452009634100f4624100a2
:020000040000fa
:020000040042b8
:10f8880080b588b000aff860b9607a6007f11403fa
:10f898001946f86812f0d1f9034683f00103dbb288
:10f8a800002b01d0002346e07b690133fb617b69b3
:10f8b800fa699a420bd2fb68db68002b02d0fb681e
:10f8c800db6800e01e4bfa68d360002333e0bb68b6
:10f8d8009b7803f0c003802b0bd1fb68db68002bff
:10f8e80002d0fb68db6800e0164bfa68d36000239f
:10f8f80021e0bb68b3f807309bb21a46fb69934214
:10f908000bd9fb68db68002b02d0fb68db6800e0e2
:10f918000d4bfa68d36000230de07b691a467968bd
:10f92800f868fff73ffd0346fb767b697a68134466
:10f9380000221a70fb7e18462037bd4680bd00bfe6
:0cf9480028734200b47242003873420081
:020000040000fa
:020000040042b8
:10f9540090b58bb004aff8607b600b467b81134697
:10f964007b72fb68002b01d12a4b4ee07a89bb6a7b
:10f974001a44fb685b699a4201d9274b45e04ff66c
:10f98400a173fb82fb681b6a002b11d0fb681c6a05
:10f99400fb689869797a7a89fb6a0293bb6a019356
:10f9a4007b6800930b46f968a0470346fb8214e08a
:10f9b400fb681b69002b10d0f86811f0eff9fb68a5
:10f9c4001a697b891a44787abb6a796811f0e9fd6f
:10f9d400f86811f0f7f90023fb82b7f91630002b11
:10f9e40011d1fb6a03f40073002b0cd013f0d5f88b
:10f9f400034683f00103dbb2002b04d07b7a7968e1
:10fa04001846fef7edf9b7f9163018461c37bd460f
:0cfa140090bd00bf30f8ffff2df8ffff91
:020000040000fa
:020000040042b8
:10fa200080b582b000af78600b46fb707b68002b1e
:10fa300002d16ff0010348e0fb78ff2b04d1254b86
:10fa4000db7c0133fb7012e0224bdb7cfa789a42bc
:10fa50000dd9214b1b78002b06d0fa781d4bdb7c8f
:10fa60001e490020fff766fb6ff001032de01c4be1
:10fa70001a68fb78db0013441b78002b0cd0164b64
:10fa80001b78002b05d0fb781a4616490020fff79b
:10fa900051fb6ff0030318e00f4b9b78002b05d050
:10faa000fb787a6810490220fff744fb0c4b1a6878
:10fab000fb78db0013447a685a60094b1a68fb78bc
:10fac000db00134401221a70002318460837bd4694
:10fad00080bd00bf9c684520b074452010384300ad
:0cfae000fc6b45207c3843009838430044
:020000040000fa
:020000040042b8
:10faec0090b585b000af78607b681b88184611f024
:10fafc0049fcf8607a68fb689a4224d0fb681b7951
:10fb0c00002b20d1274b1b68fa689a421bd0264b3e
:10fb1c001b68fa689a4202d1234a7b681360fb681f
:10fb2c001a887b681a80fb681b88b3f5c86f0ad0eb
:10fb3c00fb681b88184611f025fc0446786811f008
:10fb4c0033fc034663807b685b88184611f01afc13
:10fb5c00b860ba687b689a421fd0bb681b79002bcf
:10fb6c001bd1114b1b687a689a4202d10e4abb68b2
:10fb7c0013607b681a88bb681a807b681b88b3f596
:10fb8c00c86f0ad07b681b88184611f0fbfb044633
:10fb9c00b86811f009fc0346638000bf1437bd46fa
:0cfbac0090bd00bf1c6c4520246c45205f
:020000040000fa
:020000040042b8
:10fbb80080b584b000af78602e4b1b88002b55d0e1
:10fbc8002d4b00221a8045e009f002fd0346fb7325
:10fbd800fb7b022b06d0022b2bdc002b41d0012b08
:10fbe80027d137e009f0f4fc0346042b3bd1224b24
:10fbf8001b8801331f4a1288934234da09f0e8fc63
:10fc080003461b02bb8109f0e3fc03461a46bb8985
:10fc18001343bb81bb8940f2b452934204d8bb89d9
:10fc2800002b01d0ba8901e040f2b4527b685a86b1
:10fc380010e009f0cdfc0346fb72fb7a012b14d9c6
:10fc4800fb7a9ab20c4b1b8813449bb2023b9ab2c4
:10fc5800094b1a80084b1a88064b1b889a42b3d363
:10fc680004e000bf02e000bf00e000bf1037bd465f
:0cfc780080bd00bf366a45204e6a452062
:020000040000fa
:020000040042b8
:10fc840055736167653a206c617365725f64616383
:10fc9400203c76616c75653e00000000496e76611b
:10fca4006c6964204441432076616c75652028307a
:10fcb4002d323535290000004c61736572204441b2
:10fcc400432073657420746f3a20256c750000001e
:10fcd4000000000055736167653a206c61736572ba
:10fce4005f6f6e203c6368616e6e656c3e00000061
:10fcf400496e76616c6964206368616e6e656c0040
:10fd04004c61736572206368616e6e656c20256c4e
:10fd140075204f4e0000000055736167653a206cf2
:10fd2400617365725f6f6666203c6368616e6e65c1
:10fd34006c3e00004c61736572206368616e6e6591
:0afd44006c20256c75204f46460028
:020000040000fa
:020000040042b8
:10fd4e0080b588b000af78603960386812f063fc17
:10fd5e00b8617b689b881a46bb6901339a4201d20f
:10fd6e0000234de03968786801f005ff24e07b68d8
:10fd7e001b89194678680ff068fa7861786912f075
:10fd8e004afc38617b681b687a69d31a1a463b694c
:10fd9e0013440133fb617b689b881a46fb69d31ab7
:10fdae00fb60bb690133fa689a420ad27b681b89f1
:10fdbe00013b9ab27b681a817b681b89002bd6d1d6
:10fdce0000e000bf7b681b89002b0ad07b681a6895
:10fdde00bb690133d0187b681b68fa6919460ef0af
:10fdee00c2fd7b681868bb6901331a46396812f088
:10fdfe0006fc7b681b8901339ab27b681a8101234a
:08fe0e0018462037bd4680bdf7
:020000040000fa
:020000040042b8
:10fe160080b586b000af786039603b68d3e90023cf
:10fe2600c7e904233b7c3b72d7e904014ff000028b
:10fe36004ff00003020a42ea01620b0ad3b27b7258
:10fe4600d7e904014ff000024ff00003020c42ea2a
:10fe560001420b0cd3b2bb72d7e904014ff000028a
:10fe66004ff00003020e42ea01220b0ed3b2fb72e0
:10fe7600d7e904014ff000024ff000030a00002307
:10fe8600d3b23b73d7e904014ff000024ff00003f1
:10fe96000a0a0023d3b27b73d7e904014ff00002ac
:10fea6004ff000030a0c0023d3b2bb73d7e9040159
:10feb6004ff000024ff000030a0e0023d3b2fb738b
:10fec60007f1080308221946786806f042f8034647
:08fed60018461837bd4680bd37
:020000040000fa
:020000040042b8
:10fee00000000204010074696d655f7365740000b1
:10fef0000000000004000e040700706f7765725f59
:10ff00006e616d6500000000200000010700706f49
:10ff10007765725f736574000000000027000e04af
:10ff200006006932635f6e616d65000000000000cd
:10ff30003f00000106006932635f736574000000d2
:10ff4000000000004500000101006c65645f656e03
:10ff5000000000000000000046000001010069668a
:10ff6000625f656e000000000000000047000001b5
:10ff700001006d70755f656e0000000000000000fc
:10ff80004800000101006f74615f737461747573e0
:10ff9000000000004900000101006f74615f63749c
:08ffa000726c0000000000007b
:020000040000fa
:020000040042b8
:10ffa80080b586b000aff860b9601346fb80bb68c7
:10ffb800002b02d0fb88002b01d101234de00bf070
:10ffc8001ff90346002b01d0012346e002233b75ad
:10ffd800fb681b0cdbb27b75fb681b0adbb2bb75cd
:10ffe800fb68dbb2fb751f4b4ff080525a6307f179
:10fff80014030421184611f0c1fb034683f00103e2
:020000040043b7
:10000800dbb2002b05d0174b4ff080521a63012347
:1000180023e000bf0ef0aaf90346002bfad1fb88b3
:100028001946b86811f0aafb034683f00103dbb256
:10003800002b05d00b4b4ff080521a6301230ce0c4
:1000480000bf0ef093f90346002bfad1054b4ff091
:1000580080521a630bf000f9002318461837bd4682
:0800680080bd00bf00140e4032
:020000040000fa
:020000040043b7
:1000700080b58cb002aff860b9607a603b60002355
:100080007b623b68002b0cd14ff0800372b683f388
:100090001188bff36f8fbff34f8f62b63b6200bf13
:1000a000fee7fb68002b32d03b68002b2fd07b682b
:1000b000002b02d0bb68002b29d07b68002b02d11b
:1000c000bb68002b23d150237b617b69502b0cd064
:1000d0004ff0800372b683f31188bff36f8fbff3c5
:1000e0004f8f62b6fb6100bffee77b693b687b62b6
:1000f0007b6a012283f8462097f830207b6a0093c0
:1001000013467a68b968f8680df0c2fa0fe07b6aa6
:10011000002b0cd14ff0800372b683f31188bff32c
:100120006f8fbff34f8f62b6bb6100bffee77b6a84
:0801300018462837bd4680bdca
:020000040000fa
:020000040043b7
:1001380080b58eb004aff860b9607a603b607b6bc5
:10014800002b0cd14ff0800372b683f31188bff3f4
:100158006f8fbff34f8f62b63b6200bffee7bb6b8a
:10016800002b0cd14ff0800372b683f31188bff3d4
:100178006f8fbff34f8f62b6fb6100bffee75c2352
:100188007b617b695c2b0cd04ff0800372b683f3e4
:100198001188bff36f8fbff34f8f62b6bb6100bf8b
:1001a800fee77b69bb6b002b1fd07b6b002b1cd041
:1001b800bb6b7b625c220021786a12f07bfc7b6a55
:1001c8007a6b1a637b6a022283f85920002303930f
:1001d8007b6a0293fb6b01933b6b00933b687a68e5
:1001e800b968f868f9f72cff01e000237b627b6aa5
:0801f80018462837bd4680bd02
:020000040000fa
:020000040043b7
:1002000080b584b000af0346fb71fb7903f00f03a8
:10021000013b072b2ad801a252f823f03d024300ec
:1002200043024300490243004f024300550243008a
:100230005b02430061024300670243001e23fb6030
:1002400017e01f23fb6014e02023fb6011e0212353
:10025000fb600ee02223fb600be02323fb6008e041
:100260002423fb6005e02523fb6002e00023fb6004
:1002700000bffb7903f0f003402b13d0402b14dcbc
:10028000302b0cd0302b10dc102b02d0202b03d0c5
:100290000be00123bb600be00223bb6008e00323fb
:1002a000bb6005e00423bb6002e00023bb6000bf2d
:1002b000fa68b968034811f00df900bf1037bd4660
:0802c00080bd00bff02e4400d8
:020000040000fa
:020000040043b7
:1002c80080b582b000af2d4b1b780133dab22b4bcf
:1002d8001a702b4b1b687b6048e07b689a7f274b22
:1002e8001b789a423fd0254b1a787b689a777b68af
:1002f8005b8b03f00103002b10d07b685b8b43f012
:1003080002039ab27b685a837868e9f707f87b6832
:100318005b8b23f003039ab27b685a837b685b8b01
:1003280003f00803002b09d07b685b8b23f00803dc
:100338009ab27b685a83786802f05bfd7b68db6859
:100348003b607b689b6f002b0ad00e4b00221a7013
:100358007868fef717fb0b4b1b78002b00d0b8e72b
:100368003b687b6002e07b68db687b607b68002b16
:10037800b3d100bf00bf0837bd4680bd726a4520b3
:080388006c6c45206f674520f5
:020000040000fa
:020000040043b7
:1003900090b58bb002af0346fb712d4b9a892c4b65
:1003a000db89d31a9bb27b8340233b837a8b3b8bc5
:1003b000934228bf13469bb2bb830023fb77244b99
:1003c0001b7823f07f03dbb2002b2fd08023fb7739
:1003d000bb8b002b2ad01e4b9a68bb8b1d497961c1
:1003e00040213961fa60bb607b69002b02d14ff07c
:1003f000ff3317e0bb68002b01d1002312e0fb683c
:10040000002b02d14ff0ff330ce03a69bb689a42ef
:1004100002d24ff0ff3305e0ba68f968786912f04c
:10042000f5f80023002b01d000230de0bb8b002b3f
:1004300001d0084a00e00022bb8bf97ff879002444
:100440000094fdf71ff8034618462437bd4690bdbb
:08045000d46945204c664520eb
:020000040000fa
:020000040043b7
:100458005b444d4553475d204e6f206c6f6773209a
:10046800617661696c61626c650d0a005b253130eb
:100478006c755d2025730d0a000000005b444d4536
:1004880053475d20436f7272757074656420656ea2
:100498007472792064657465637465640d0a00007c
:1004a8005b444d4553475d2042756666657220631f
:1004b8006f7272757074696f6e20646574656374a9
:1004c80065640d0a000000005b444d4553475d20fc
:1004d800456e74727920636f7272757074696f6e8d
:1004e80020647572696e6720736b69700d0a00006d
:1004f8005b444d4553475d20456e74727920636fa8
:100508007272757074696f6e20647572696e672097
:07051800726561640d0a0029
:020000040000fa
:020000040043b7
:1005200080b588b000af78607b68db687b617b69f1
:1005300093f8333003f02003002b4ad07b69da694b
:1005400007f10c0379681846f5f7eaf97b8a002b66
:1005500002d17b691b8c3b82204b1b681946786853
:100560000df01ffd7b699b8e01221946786808f00b
:1005700075fd7b691b8cfb610be07b681b68f96870
:10058000fa690a441278114678689847fb69013382
:10059000fb613b8a1a46fb699342eed33b8abb61ff
:1005a00007e07b681b68202178689847bb690133a6
:1005b000bb617b691b8e1a46bb699342f1d33a8ab1
:1005c0007b691a86064b1b68194678680df0e9fcb2
:1005d00000e000bf2037bd4680bd00bfd874452075
:0405e000dc74452062
:020000040000fa
:020000040043b7
:1005e40080b584b000af7860274b1b8b1a467b68bc
:1005f40093420cd9254b1b78002b06d0224b1b8b26
:100604007a6823490020fef793fd002337e0002396
:10061400fb60204b1b6807f10c010022184610f008
:1006240023fdfb68002b09d1184b1b78002b03d04a
:1006340019490020fef77cfd002320e0fb685a687e
:10064400fb689a420cd0114b1b78002b06d0fa6839
:10065400fb685b6811490020fef76afd00230ee089
:100664000a4bdb78002b05d0fb681a460c490320a3
:10067400fef75efdfb6801221a60fb68083318462a
:100684001037bd4680bd00bf9c684520b07445202e
:10069400a8ad4200e06b4520e4ad4200f8ad420055
:0406a4001cae420046
:020000040000fa
:020000040043b7
:1006a80080b58ab000af7860396000237b61002391
:1006b8003b620023fb610023bb6100233b61284ba5
:1006c8001b687b6230e07b6a5a697b68db689a4208
:1006d8000cd17b6a9a697b681b699a4206d17b6a4e
:1006e8009a897b689b889bb29a4214d03b690133f4
:1006f8003b613b6a002b04d17b6a3b62fb69bb61af
:1007080009e07b6ada7f3b6adb7f9a4203d87b6a1f
:100718003b62fb69bb617b6a1b68002b01d07b6a6b
:10072800fb617b6a1b687b627b6a002bcbd13b6acf
:10073800002b08d0b969386a01f006f9f8607a69bf
:10074800fb6813447b617a693b689a4202da3b6929
:10075800012bacdc7b6918462837bd4680bd00bf3d
:04076800146c4520a8
:020000040000fa
:020000040043b7
:10076c0080b584b000aff860b9607a603b60294b0b
:10077c001b68002b01d0002348e0fb68002b01d143
:10078c00002343e0fb69002b01d100233ee0bb6852
:10079c00002b01d1204bbb607b68002b01d11e4b81
:1007ac007b603b68002b01d11b4b3b60fb6800223c
:1007bc001a60fb6800225a60fb6800229a60fb6892
:1007cc00164a1a61fb6800221a84fb68002283f81f
:1007dc002920fb6800229a61fb68ba69da61104b28
:1007ec001a78fb6883f82c20fb683a6ada603b685d
:1007fc007a68b968f86804f029fffb69f8689847cb
:10080c000346002b01d0002300e0fb68184610378c
:10081c00bd4680bd586c452004c743008d1f440065
:04082c009f61452063
:020000040000fa
:020000040043b7
:1008300080b588b000af78600b46fb707b689a8803
:100840007b68db88d31afb83fb8b002b35d07b685e
:100850001b89fa8b9a4202d97b681b89fb83fb7840
:10086000da03224b1344bb617b681b68002b0ad060
:100870007b681b687a68d2881344fa8b1946b8697a
:1008800011f0c4fe0ce07b68db687b61bb693b61f7
:10089000fb8bfb81fa89002339697869f6f773fdd0
:1008a000bff34f8f00bfbff36f8f00bf7b68da8845
:1008b000fb8b13449ab27b68da80fb78002b04d15f
:1008c0000b4b0122c3f8602106e0094afb7888330c
:1008d0004ff4804142f82310054afb787c33012114
:1008e00042f8231000bf2037bd4680bd000010a095
:0408f0000080034041
:020000040000fa
:020000040043b7
:1008f400902910b50fdc7f2913dd8039102910d819
:10090400dfe801f02b2b360f110f0f0f200f0f0f05
:100914000f0f0f0f3600c02944d0f02942d0a02970
:1009240021d000200de019682ab10a1d1a60b1f91e
:100934000030da1702e00c1d1c600b88c0e900329d
:10094400012010bd196822b10a1d1a6091f9003006
:10095400efe70c1d1c600b78f0e71968f2b10a1d73
:100964001a600b68e5e71a68111d19601368e0e75f
:10097400196852b1073121f0070101f108021a6028
:10098400d1e90023c0e90023dae7ca1d22f00702f7
:1009940002f108011960d2e90023f3e70c1d1c6081
:1009a4000b68cbe71a68111d1960136803600023f4
:0409b4004360c5e7f0
:020000040000fa
:020000040043b7
:1009b80073747265616d2066756c6c00696f206573
:1009c80072726f72000000006172726179206d614d
:1009d800782073697a652065786365656465640065
:1009e8006d697373696e6720726571756972656484
:1009f800206669656c640000696e76616c696420c4
:100a08006669656c642074797065000063616c6c5c
:100a18006261636b206572726f7200007375626d3c
:100a280073672073697a65206368616e676564001f
:100a3800696e76616c696420646174615f73697a58
:100a48006500000062797465732073697a652065b2
:100a58007863656564656400696e76616c696420b5
:100a68006669656c642064657363726970746f721b
:010a7800007d
:020000040000fa
:020000040043b7
:100a7c002de9b04f8ab000aff860b96000237b62fb
:100a8c004ff000024ff00003c7e906237b6a3f2baf
:100a9c000bd9fb68db68002b02d0fb68db6800e03d
:100aac00224bfa68d36000233be007f11703194689
:100abc00f86807f0fbf8034683f00103dbb2002b68
:100acc0001d000232de0fb7ddbb200223b607a607d
:100adc003b6803f07f084ff000097b6aa3f120010b
:100aec00c3f1200209fa03f508fa01f10d4328fac3
:100afc0002f2154308fa03f4d7e9062342ea040a82
:100b0c0043ea050bc7e906ab7b6a07337b62fb7dc7
:100b1c005bb2002bbadbb968d7e90623c1e9002325
:100b2c00012318462837bd46bde8b08f54724200e9
:020000040000fa
:020000040043b7
:100b3c0080b586b000aff8607a603b600b46fb7204
:100b4c003b681b687b61fb7a052b35d0052b3ddca4
:100b5c00002b02d0012b25d038e03b6800221a6014
:100b6c003b681b685a1c3b681a603b681b687a69b7
:100b7c009a4201d2002334e001227968f868fef72a
:100b8c000ffc034683f00103dbb2002b01d00023e2
:100b9c0027e07b685a1c7a601b785bb2002bdfdb8a
:100bac0001231ee03b6808221a6008227968f86865
:100bbc00fef7f6fb034614e03b6804221a6004229d
:100bcc007968f868fef7ecfb03460ae0fb68db6823
:100bdc00002b02d0fb68db6800e0044bfa68d360a2
:100bec00002318461837bd4680bd00bf6472420012
:020000040000fa
:020000040043b7
:100bfc002de9b04f86b000aff860b9607a604ff065
:100c0c0000024ff00003c7e90423bb68b3f80730b8
:100c1c009bb2012b09d17b6893f900305bb2da17d8
:100c2c009a469346c7e904ab35e0bb68b3f8073086
:100c3c009bb2022b09d17b68b3f900301bb2da17d7
:100c4c0098469146c7e9048925e0bb68b3f807309c
:100c5c009bb2042b07d17b681b68da171c46154620
:100c6c00c7e9044517e0bb68b3f807309bb2082b03
:100c7c0005d17b68d3e90023c7e904230be0fb68ab
:100c8c001b69002b02d0fb681b6900e0074bfa685c
:100c9c001361002305e0d7e90423f86802f0a0fff4
:100cac00034618461837bd46bde8b08f380a4300d6
:020000040000fa
:020000040043b7
:100cbc002de9b04f86b000aff860b9607a604ff0a4
:100ccc0000024ff00003c7e90423bb68b3f80730f8
:100cdc009bb2012b09d17b6893f900305bb2da1718
:100cec009a469346c7e904ab35e0bb68b3f80730c6
:100cfc009bb2022b09d17b68b3f900301bb2da1717
:100d0c0098469146c7e9048925e0bb68b3f80730db
:100d1c009bb2042b07d17b681b68da171c4615465f
:100d2c00c7e9044517e0bb68b3f807309bb2082b42
:100d3c0005d17b68d3e90023c7e904230be0fb68ea
:100d4c001b69002b02d0fb681b6900e0074bfa689b
:100d5c001361002305e0d7e90423f8680af022faae
:100d6c00034618461837bd46bde8b08f380a430015
:020000040000fa
:020000040043b7
:100d7c0080b586b000aff860b9607a60fb68002b74
:100d8c000dd0fb6893f8243083f00103dbb2002b09
:100d9c0005d1bb68002b02d07b68002b06d17b6889
:100dac00002b3cd07868fcf7c3fd38e07b685b898e
:100dbc00092b09d81c4807f095f97868fcf7b8fda1
:100dcc00b8680df0b1fb2be07b6810337b617b695d
:100ddc001b78ff2b0cd0ff2b16dc002b02d0442be6
:100dec000cd011e0fa687969b868e5f733ff12e0c6
:100dfc00fa687969b868f6f7c9f80ce0fa687969a5
:100e0c00b86805f0cdfa06e0084807f06bf9b86849
:100e1c000df08afb00bf7868fcf78afd00e000bf8c
:100e2c001837bd4680bd00bfe4194200001a4200cd
:020000040000fa
:020000040043b7
:100e3c00f0b5a1b00caf2b4b1b68fb6449e0fb6c0d
:100e4c001a6b07f130031921184603f0bbfbfb6c3e
:100e5c005a6b07f114031921184603f0b3fb224b0c
:100e6c001b78002b32d0fb6c1b68fb60fb6c596948
:100e7c00b960fb6c9b69fa6cd269f96c096af86c05
:100e8c00406a7860fc6ca46afd6ced6afe6c366b93
:100e9c00f86c406b3860f86cb0f810c060460a9083
:100eac0007f1140009903868089007f1300007909a
:100ebc00069605950494786803900291019200932c
:100ecc00bb68fa6809490020fef72ef9fb6cdb6b56
:100edc00fb64fb6c002bb2d100bf00bf5437bd4686
:100eec00f0bd00bff86b4520b0744520183f43009f
:020000040000fa
:020000040043b7
:100efc00b0b584b000af78607b681b6f002b02d15b
:100f0c006ff0050350e07b681b6ffb600be0f8682b
:100f1c0010f092fa0346002b02d06ff0050343e069
:100f2c00fb681b68fb60fb681b68002befd1f86843
:100f3c0010f082fa0346002b02d06ff0050333e069
:100f4c007b68da6efb681a607b681a6f7b68da66fe
:100f5c007b6800221a677b685b8b43f400639ab250
:100f6c007b685a83fb68db685b6818460ef0effd04
:100f7c000446fb681b891d46fb68db689b899bb29a
:100f8c0018460ff0d7fc0346dbb203f00303002b2b
:100f9c0001d0012300e000232b44e2187b68da64c3
:100fac007b6800225a63002318461037bd46b0bd3b
:020000040000fa
:020000040043b7
:100fbc0080b584b000af78600b467b807b681b8962
:100fcc007a889a424fd27b681a897b88d31a3b81e4
:100fdc007b887b817b68fb600ee0fb685b897a8990
:100fec00d31a7b81fb681a893b89d31a9ab2fb68a6
:100ffc001a81fb681b68fb60fb685b897a899a42e3
:10100c00ebd8fb681b7b03f00f03002b17d1fb689d
:10101c005b897a899a4212d0fb685b7b03f00203ee
:10102c00002b0cd1fb685a68fb68d31a9ab27b89e7
:10103c0013449bb21946f868f0f7ccfef860fb68d5
:10104c007a895a81fb685a89fb681a81fb681b688c
:10105c00002b04d0fb681b68184601f016fefb68d9
:0e106c0000221a6000e000bf1037bd4680bdb4
:020000040000fa
:020000040043b7
:10107a0080b586b000aff8607b600b467b81134673
:10108a003b817a893b8913449bb214339bb24ff458
:10109a00207219462220f4f7b7fd78617b69002b8c
:1010aa0040d07b695b683b613b8c18460ff043fc80
:1010ba0003461a463b691a80bb8c18460ff03bfc64
:1010ca0003461a463b695a803b697a685a60f8684f
:1010da000ef03efd02463b699a607b899b089bb2f3
:1010ea0005339bb21b039ab297f828309bb213437d
:1010fa009bb218460ff01ffc03461a463b699a81b9
:10110a00bb8d18460ff017fc03461a463b69da8175
:10111a003b6900221a7400225a743b6900229a74ad
:0e112a000022da747b6918461837bd4680bd76
:020000040000fa
:020000040043b7
:1011380080b588b000aff860b96011461a460b4612
:10114800fb801346bb80fb689a88bb88d31afb8355
:10115800fa88fb8bd31abb83fb68db88c3f30e03c7
:101168009bb21a46fb8b13fb02f37b83fb68db887d
:10117800c3f30e039bb21a46bb8b13fb02f33b83ec
:10118800fb681b68ba88f968c988c1f30e0189b27f
:1011980001fb02f213447b6197f82830002b21d120
:1011a800fa88fb8b9a420dd8fb88fa68d288c2f37a
:1011b8000e0292b202fb03f31a46b968786911f07d
:1011c80021fa10e07b8b1a46b968786911f01afa8f
:1011d800fb6818687b8bba6813443a8b194611f080
:0e11e80011fa00e000bf00bf2037bd4680bdf9
:020000040000fa
:020000040043b7
:1011f60080b588b000aff860b96011461a460b4654
:10120600fb801346bb80fb689a88bb88d31afb8396
:10121600fa88fb8bd31abb83fb68db88c3f30e0308
:101226009bb21a46fb8b13fb02f37b83fb68db88be
:10123600c3f30e039bb21a46bb8b13fb02f33b832d
:10124600fb681b68ba88f968c988c1f30e0189b2c0
:1012560001fb02f213447b6197f82830002b21d161
:10126600fa88fb8b9a420dd8fb88fa68d288c2f3bb
:101276000e0292b202fb03f31a467969b86811f0be
:10128600c2f910e07b8b1a467969b86811f0bbf990
:101296007b8bba68d018fb681b683a8b194611f02d
:0e12a600b2f900e000bf00bf2037bd4680bd9a
:020000040000fa
:020000040043b7
:1012b40080b586b000aff860b9601346fb71fb6877
:1012c400002b02d0bb68002b02d14ff0ff3349e062
:1012d400fb68ba681a60fb7903f07f03dab2fb6833
:1012e4001a71fb680022da80fb684ff6ff721a81dc
:1012f4000023fb8207f116031a460021f86806f062
:10130400b9fe0346002b01da02232be0fb68083305
:101314001a460621f86806f0adfe0346002b01daf2
:1013240003231fe00023bb8207f114031a460021a4
:10133400f86806f09ffe0346002b01da042311e04f
:10134400fb68da88fb681b89db439bb213409ab2c3
:10135400fb681989bb8a0b409bb213439ab2fb68a2
:0c136400da80002318461837bd4680bd13
:020000040000fa
:020000040043b7
:1013700080b582b000af78607b6893f82830002b8e
:1013800034d17b682249184611f0ecf90346002b52
:101390000bd17b68012283f828207b680022da6267
:1013a0001c4978680ff015f82ee07b681a4918463a
:1013b00011f0d8f90346002b0bd17b68022283f889
:1013c00028207b680022da62124978680ff001f861
:1013d0001ae0124978680ef0fcff114978680ef0a7
:1013e000f8ff104978680ef0f4ff0de07b6893f881
:1013f0002830032b04d07b6893f82830042b03d1ca
:10140000094978680ef0e5ff00bf0837bd4680bd8a
:10141000a0c34100a8c34100b4c34100bcc3410004
:0c14200084c3410088c34100e8c34100c0
:020000040000fa
:020000040043b7
:10142c0080b5a8b000aff860b9607a600121b868e7
:10143c000ef0ccf8c7f89c00d7f89c30002b04d1e8
:10144c002249f86802f09cfe3de000220021d7f80a
:10145c009c0011f055fb034687f89b3097f89b30a6
:10146c00013bdbb20f2b04d91949f86802f088fe56
:10147c0029e097f89b30013bdbb218460ff07ef960
:10148c00c7f89400d7f89430012b0ed197f89b3005
:10149c0007f114000f4a802110f04afe07f11403e3
:1014ac001946f86802f06cfe0de097f89b3007f1d6
:1014bc001400094a802110f03bfe07f11403194671
:1014cc00f86802f05dfea037bd4680bd60e34000c9
:0c14dc00f0e2400080e34000a4e3400088
:020000040000fa
:020000040043b7
:1014e80090b585b000af78600b46fb707b68db6811
:1014f800fb60fb783f2b48d9fb787e2b45d8fb68ef
:1015080093f8333023f00803dab2fb6883f833200a
:10151800fb78412b02d0fb78422b09d1fb78412b79
:101528000cbf01230023dbb219467868fcf72cfeb8
:10153800fb78432b0fd1fb689b8e002b0bd0fb68ed
:101548009b8e013b9ab2fb689a86124b1b68194620
:1015580078680cf022fdfb78442b16d1fb689b8e33
:101568001c46fb68db69184611f058f803469c4294
:101578000bd2fb689b8e01339ab2fb689a86064ba6
:101588001b68194678680cf008fd00bf1437bd4683
:0c15980090bd00bfd0744520d4744520e5
:020000040000fa
:020000040043b7
:1015a4002de9b04f86b000aff860b9607a604ff0b3
:1015b40000024ff00003c7e90423bb68b3f8073007
:1015c4009bb2012b08d17b681b78dbb200229a46c0
:1015d4009346c7e904ab34e0bb68b3f807309bb269
:1015e400022b08d17b681b889bb200229846914647
:1015f400c7e9048925e0bb68b3f807309bb2042b24
:1016040007d17b681b6800221c461546c7e90445c0
:1016140017e0bb68b3f807309bb2082b05d17b6891
:10162400d3e90023c7e904230be0fb681b69002b03
:1016340002d0fb681b6900e0074bfa6813610023c2
:1016440005e0d7e90423f86802f0cefa0346184609
:0c1654001837bd46bde8b08f380a4300cf
:020000040000fa
:020000040043b7
:10166000b0b58ab000af78607b6898687b68da684c
:1016700013469b0013449b00194602f0a9fb034646
:101680007b8407f11c0318460ff07cff00237b626c
:1016900022e07b6899687a6a13469b0013449b009a
:1016a0000b4407f108041d4628686968aa68eb68be
:1016b0000fc4286920603b8918460ff04ff8034695
:1016c0003b8107f1080107f11c031422184602f0c0
:1016d000abfd7b6a01337b627b68db687a6a9a4286
:1016e000d7d307f11c0318460ff0d8f903463b8403
:1016f00011f055fa0346002b06d07b687a8cda8409
:101700007b683a8c1a8505e07b683a8cda847b68c2
:0c1710007a8c1a8500bf2837bd46b0bd9a
:020000040000fa
:020000040043b7
:10171c0080b584b000af78607b68002b02d16ff08d
:10172c0015034be027480ff025fc786807f0fcfc0c
:10173c000346fb81b7f90e30002b02d0b7f90e30ff
:10174c003ce07b685433184607f024fd0346fb81cc
:10175c00b7f90e30002b02d0b7f90e302ee07b68b3
:10176c00a833184607f04cfd0346fb81b7f90e3041
:10177c00002b02d0b7f90e3020e07b68fc33184602
:10178c0007f074fd0346fb81b7f90e30002b02d035
:10179c00b7f90e3012e07b6803f5a873184607f012
:1017ac009bfd0346fb81b7f90e30002b02d0b7f935
:1017bc000e3003e004480ff0ddfb00231846103711
:0c17cc00bd4680bd8cf24100b4f241002b
:020000040000fa
:020000040043b7
:1017d80080b584b000aff860b9601346fb80bb6881
:1017e800002b05d0fb88002b02d0fb88fc2b01d9ed
:1017f80001233ee00cf0bafd0346002b01d0022382
:1018080037e009f0fdfc0346002b01d0012330e04e
:101818001a4b02221a70fb681b0cdab2174b5a706b
:10182800fb681b0adab2154b9a70fb68dab2134be5
:10183800da70fb881a46b968114810f0e3fe114bbc
:1018480000225a70104b4ff080525a63fb880433c1
:1018580019460a480ff092ff034683f00103dbb2f2
:10186800002b05d0084b4ff080521a63012300e08b
:10187800002318461037bd4680bd00bf30564520ae
:0c18880034564520c86c452000140e406a
:020000040000fa
:020000040043b7
:1018940080b586b002af78606420fef7a1fef860e0
:1018a400fb68002b02d14ff0ff333ee0214b1b6855
:1018b40018460ef037f90246fb681a611e4b1b6886
:1018c40018460ef02ff90246fb685a611b4b1b6841
:1018d40018460ef027f90246fb689a61184b1b68fc
:1018e40018460ef01ff90246fb68da61154b1b68b7
:1018f40018460ef017f90246fb681a62124b1b6871
:1019040018460ef00ff90246fb685a62fb6818226b
:101914005a817b685b8c1a4600230093134601228c
:10192400f9687868ebf79eff034618461037bd4602
:1019340080bd00bfec744520f0744520f47445204c
:0c194400f8744520fc7445200075452017
:020000040000fa
:020000040043b7
:1019500080b588b000af786039600023fb833b68b6
:10196000002b7b685b685b687b617b699b889bb2b3
:10197000002b1ed17b685b68bb617b691a687b6842
:101980005a60bb6958687b6808331422194610f006
:101990003dfe0121b86910f0a5f8b8690ef05efdb2
:1019a00003467b82fa8b7b8a1344fb83b86901f080
:1019b00072f97b685b68bb6113e0bb695b687b6144
:1019c000bb69fb607b691b68bb61f8680ef046fd74
:1019d00003467b82fa8b7b8a1344fb83f86801f011
:1019e0005af9bb69002be8d1396878680df008fa1c
:1019f000054b1a88fb8bd31a9ab2034b1a80fb8bc8
:0c1a000018462037bd4680bd2a6a4520ec
:020000040000fa
:020000040043b7
:101a0c0080b586b000aff860b9607a6009200df03f
:101a1c00ebff38613b69002b4ad03b6900221a600e
:101a2c003b69ba689a603b697a68da603b69fa6824
:101a3c005a60214b1b68002b03d11f4a3b69136072
:101a4c0037e03b695a681c4b1b685b68d31adb0f89
:101a5c0003f00103dbb2002b07d0174b1a683b696c
:101a6c001a60154a3b69136023e0134b1b687b61ba
:101a7c001ae07b691b68002b0bd03b695a687b69a9
:101a8c001b685b68d31adb0f03f00103dbb2002b7e
:101a9c0007d07b691a683b691a607b693a691a60de
:101aac0007e07b691b687b617b69002be1d100e05f
:0c1abc0000bf1837bd4680bd8c6c452073
:020000040000fa
:020000040043b7
:101ac80053ec102bc3f30a512de9f04140f2fd709d
:101ad8004c1e84429e4640d8a1f2ff30002833dbda
:101ae80033282ddc244c4ff0ff3cc0f1200615466e
:101af800a1f21f4104fa06f22cfa00fc4cea020c8f
:101b080024fa01f24cea020cc44003ea040805ea8c
:101b18000c0757ea080725ea0c0223ea04030fd04a
:101b2800002b0dda4ff4801404fa06f624fa01f1ba
:101b38000e43b61824fa00f444eb03043246234655
:101b480043ec102bbde8f0819fed090bbfee007b45
:101b5800002b20fe070bbde8f0810029f0d10a46d2
:101b680003f0004343ec102bece700bfaff3008019
:0c1b78000000000000000000ffff0f0054
:020000040000fa
:020000040043b7
:101b840080b586b000af786039603b68002b4cd0dc
:101b94007b681b89002b48d000237b6101237b8257
:101ba40013e07b681b687a8a114618460df02dfdf8
:101bb40078613968786910f0d3fd0346002b0ad0a8
:101bc40000237b617b8a01337b827b681b897a8a51
:101bd4009a42e6d900e000bf7b69002b27d07b68de
:101be4001b89013b9ab27b681a817a8a7b681b89bc
:101bf40001339a421dd0786910f012fdf8607b68b9
:101c04009b881946fb6801337a691a447b681b6810
:101c1400d31acb1abb60fb6801337a691344ba68e0
:101c2400194678690cf0a4fe04e000bf02e000bf8e
:0a1c340000e000bf1837bd4680bd78
:020000040000fa
:020000040043b7
:101c3e0080b489b000af786039607b68fb610023a7
:101c4e00fb8100237b61fb6903f001033b613b6970
:101c5e00002b0dd03b68002b0addfa69531cfb618b
:101c6e0007f10e03013312781a703b68013b3b609b
:101c7e00fb69bb610ae0bb699a1cba611b881a46f4
:101c8e007b6913447b613b68023b3b603b68012be5
:101c9e00f1dc3b68002b04dd07f10e03ba69127804
:101cae001a70fb891a467b6913447b617b691a0c97
:101cbe007b699bb213447b617b691a0c7b699bb277
:101cce0013447b613b69002b07d07b691b029ab2e0
:101cde007b691b0adbb213437b617b699bb218469f
:0a1cee002437bd465df8047b704703
:020000040000fa
:020000040043b7
:101cf80080b58cb002aff860b96011461a460b4641
:101d0800fb801346bb80fb689b887b84bb883b8435
:101d18003b8efb833a8cfb8bd31abb61bb69002bd0
:101d280002dbbb699bb206e07b8c5b009ab2bb69a5
:101d38009bb213449bb2fb84fb8c002b01d1002384
:101d48002fe0fb689b88fa8c9a4209d9bb88194610
:101d5800f8680cf08bfd03463b86fb689b88fb8488
:101d6800fa8cfb889a4201d2fb8cfb80fb689b882b
:101d7800fb823b8ebb8203e0ba8afb8ad31abb8202
:101d8800fa8abb8a9a42f7d9bb8abb84b98cfa888b
:101d980097f8343000930b46b968f868fff727facc
:0a1da800fb8818462837bd4680bdb1
:020000040000fa
:020000040043b7
:101db20080b588b000aff860b96011461a460b468c
:101dc200fb711346bb7107f1100310220021184664
:101dd20010f073fefb79082b01d90823fb71bb7944
:101de200002b0bd0fb6823f060423b6962f31c03bb
:101df2003b61fb7c43f04003fb740de0fb6823f086
:101e020060439a0422f060423b6962f31c033b6127
:101e1200fb7c23f04003fb74fb7903f00f03dab27f
:101e2200bb7d62f30303bb75bb68002b0ad0fb7951
:101e3200002b07d0fa7907f110030833b968184666
:101e420010f0e3fb0ff08dfc0346002b01d10023c1
:101e520006e007f110031946012000f0e6fa0346f6
:081e620018462037bd4680bd83
:020000040000fa
:020000040043b7
:101e6c0080b5a2b002aff860b9607a600023fb675e
:101e7c00234b5b7983f00103dbb2002b0bd02048a2
:101e8c000af0a0fbf867fb6f002b04d01d49f86823
:101e9c0002f076f930e064200ff0befe07f1740317
:101eac001946174810f00af8f867fb6f002b04d09e
:101ebc001549f86802f064f91ee01449f86802f05c
:101ecc005ff9d7ed1d7ab7eee76ad7ed1e7ab7ee5c
:101edc00e77a07f110008ded007b53ec162b0c49c3
:101eec0010f033f907f110031946f86802f048f9bd
:101efc000849f86802f044f98037bd4680bd00bf40
:101f0c0078744520e8e14000fce1400010e240001c
:081f1c0024e24000dcd040008b
:020000040000fa
:020000040043b7
:101f240080b58cb002aff8607a603b600b46fb7200
:101f34007a683b681a403b6b22fa03f37b6235e014
:101f44007b6a013b7b62fb7c03f04003dbb2002b2a
:101f54000bd0fb7c23f07f03dbb2002b05d1fb7c91
:101f640003f02003dbb2002b05d0194b1b680133af
:101f7400174a13601ae03b69c3f31c033b62154b19
:101f84001b680133134a1360fb6803f10c00bb7d2b
:101f9400c3f30303dbb2194607f1100303f108028c
:101fa400002300930b46396aecf748fc7b6a002b4c
:101fb40009d007f11002fb7a01211846f7f7c0f89f
:101fc4000346002bbcd100bf2837bd4680bd00bfef
:081fd400d86b4520d46b4520b9
:020000040000fa
:020000040043b7
:101fdc0080b485b000af4ff48033fb60254bbb6001
:101fec00bb6803f00703002b0cd0bb680733bb6046
:101ffc00bb6823f00703bb60fa68bb68d31a1d4aa1
:10200c001344fb60bb687b601b4a7b6813601a4bf4
:10201c0000225a607a68fb681344bb600822bb68d4
:10202c009b1abb60bb6823f00703bb60bb68134af9
:10203c001360124b1b6800225a60104b1b68002265
:10204c001a607b683b603b68ba68d21a3b685a607e
:10205c000a4b1a683b681a603b685b68084a136055
:10206c003b685b68074a136000bf1437bd465df8d8
:10207c00047b704720204320d46a4520046c452003
:08208c000c6c4520086c452096
:020000040000fa
:020000040043b7
:1020940080b588b000aff860b96011461a460b46a7
:1020a400fb801346bb8000237b830023fb82fb68f9
:1020b400002b01d1002343e0bb68002b01d1002396
:1020c4003ee0fb68fb6134e0bb88002b0ad0fb696f
:1020d4005b89ba889a4205d3fb695b89ba88d31aab
:1020e400bb8023e0fb695a89bb88d31a3b833a8bb4
:1020f400fb889a4201d9fb883b837b8bba68d01852
:10210400fb695a68bb8813443a8b194610f07cfa71
:10211400fa8a3b8b1344fb827a8b3b8b13447b837d
:10212400fa883b8bd31afb800023bb80fb691b68b6
:10213400fb61fb88002b02d0fb69002bc4d1fb8a16
:0821440018462037bd4680bd9e
:020000040000fa
:020000040043b7
:10214c0090b585b000af78607b681b6f002b02d117
:10215c006ff005034ce07b681b6fbb60b8680ff039
:10216c006bf90346002b02d06ff0050340e0bb680f
:10217c001a687b681a677b686c33fb6002e0fb684b
:10218c001b68fb60fb681b68002b11d0fb681b688d
:10219c00db685b6818460df0dafc0446bb68db684c
:1021ac005b6818460df0d3fc0346e31a002be6db04
:1021bc00fb681a68bb681a60fb68ba681a60bb686f
:1021cc001b68002b03d17b680022a3f868207b6876
:1021dc0093f84230ff2b07d07b6893f842300133e1
:1021ec00dab27b6883f842207b6800225a630023b2
:0821fc0018461437bd4690bde2
:020000040000fa
:020000040043b7
:1022040080b584b000af78600b467b80294b9b6a15
:10221400002b49d0274b9b6afb60fb68fa68128944
:1022240092b213447a88796818460ef00bfc034680
:102234007b81204bdb8d1846fb681b8999b2fa68b9
:10224400031d9b0013440a469a801a4bdb8dfa68df
:1022540004339b0013447a89da80164bdb8d0133f7
:102264009ab2144bda85fb681b899ab27b8903f016
:1022740003039bb2c3f104039bb203f0030399b2bb
:102284007b890b449bb213449ab2fb681a81fb68a6
:102294001b899bb240f6cc32934207d8054b5b793d
:1022a400184602f0c5fd02e000bf00e000bf103791
:0822b400bd4680bd0467452012
:020000040000fa
:020000040043b7
:1022bc0080b582b000af3b600346fb710b46bb712f
:1022cc0013467b71274b5b78ba799a421ed1254b0a
:1022dc001b6939681846f2f75bff034683f001036c
:1022ec00dbb2002b05d01f4b1b6918460bf0eefd23
:1022fc0004e01c4b1b6918460bf084f8194b0022a8
:10230c001a61fb7918460ff027fc26e0154b1b7859
:10231c00ba799a4217d1134b5b6a184609f0f4fb51
:10232c00104b00225a62fb793968184603f09afe6a
:10233c00034683f00103dbb2002b0ed0fb79184669
:10234c0002f072fd09e0074b9b78ba799a4204d1ee
:10235c00fb7901211846f3f739ff0123184608379a
:08236c00bd4680bd0467452059
:020000040000fa
:020000040043b7
:1023740080b586b000af786000237b617b689b7872
:1023840003f5fa63fb814ff4fa637b820de07b8ae9
:10239400184608f0c5f8034603f26d131a467b6924
:1023a40013447b617b8a01337b827a8afb899a425c
:1023b400edd301237b740de0fa897b7c114618462a
:1023c4000cf0b2fd03461a467b6913447b617b7ca7
:1023d40001337b747b685b787a7c9a42ecd37b68ac
:1023e4001b781a467b691344013b7b617b690d4a68
:1023f40003fb02f27b68db7819464ff4616301fb4f
:1024040003f31a447b681b7919460b461b015b1abc
:102414009b0013447a685279134418461837bd4612
:0824240080bd00bf80510100e2
:020000040000fa
:020000040043b7
:10242c0080b586b000af03463960fb710023bb60fa
:10243c003b687b6100233b610023fb730023bb7370
:10244c00fb79002b05d0fb79102b02d83b68002bb5
:10245c0001d1002336e01d4bd3f8c4301b0cdbb28a
:10246c0003f01f03fb730023bb731fe0184bda68e8
:10247c00fb7b1b011344bb6010227969b86810f018
:10248c00bff87b6910337b61fb7b012202fa03f3fb
:10249c003a6913433b61fb7b0133fb73fb7b102bd2
:1024ac0001d10023fb73bb7b0133bb73ba7bfb797c
:1024bc009a42dbd3bff34f8f00bf044a3b69c2f88b
:1024cc00d030012318461837bd4680bd004003406c
:0424dc00f868452037
:020000040000fa
:020000040043b7
:1024e00080b485b000af264b1b68002b41d0254b34
:1024f0001b68fb60fb68ff2b06d9224b00221a6089
:102500001f4b00221a6035e00023bb600ee03a4604
:10251000bb6813441c49fa680a4412781a70fb68b5
:102520000133dbb2fb60bb680133bb60bb68042bcb
:10253000edd93b79002b02d03b79802b0cd9134b82
:102540001b68104a13600e4b00221a60104b1b6868
:1025500001330f4a13600de03b791a46fb681344c0
:10256000dbb2084a1360064b1b68013b044a136048
:1025700000e000bf1437bd465df8047b704700bf24
:10258000186b4520146b45203c5a4520106b4520a4
:04259000206b452057
:020000040000fa
:020000040043b7
:1025940080b58ab000aff860b9607a60bb68d3f8e0
:1025a4000b303b6207f110031946f86805f0d8fdbb
:1025b400034683f00103dbb2002b01d000233be090
:1025c400bb68d3f80b30002b0bd1fb68db68002b06
:1025d40002d0fb68db6800e0194bfa68d360002383
:1025e4002ae0bb689b7803f03003202b0ad107f163
:1025f40010037a68396a18460ef082f8034687f8a1
:10260400273009e007f110037a68396a1846ebf7b6
:10261400f7ff034687f8273007f110031946f868d7
:102624000af08efb034683f00103dbb2002b01d0da
:10263400002301e097f8273018462837bd4680bdaf
:042644004873420095
:020000040000fa
:020000040043b7
:1026480000000e1001007569640000000000000021
:102658000000000010000e08010074797065000089
:10266800000000000000000018000001030072656f
:102678007600000000000000000000001b000001c0
:1026880001006373705f6164647200000000000001
:102698001c000e1001006373705f706f727400008d
:1026a800000000002c000e6001006373705f7274fc
:1026b80061626c65000000008c000102010063612a
:1026c8006e5f737065656400000000008e00010293
:1026d80001007265626f6f745f696e000000000030
:1026e80090000102010064656661756c745f696e33
:0426f80000000000de
:020000040000fa
:020000040043b7
:1026fc0080b586b000aff860b9601346fb80bb684c
:10270c00002b02d0fb88002b01d1012344e00323d2
:10271c003b75fb681b0cdbb27b75fb681b0adbb2e1
:10272c00bb75fb68dbb2fb751d4b4ff080525a63d7
:10273c0007f11403042118460ff01ef8034683f02a
:10274c000103dbb2002b05d0154b4ff080521a63fe
:10275c00012321e000bf0bf007fe0346002bfad14a
:10276c00fb881946b8680ff017f8034683f001038d
:10277c00dbb2002b05d00a4b4ff080521a630123b9
:10278c000ae000bf0bf0f0fd0346002bfad1044b1e
:10279c004ff080521a63002318461837bd4680bd8f
:0427ac0000140e40c7
:020000040000fa
:020000040043b7
:1027b00080b485b000af4ff44833bb60244bfb605e
:1027c000fb6803f00703002b0cd0fb680733fb60aa
:1027d000fb6823f00703fb60ba68fb68d31a1c4a46
:1027e0001344bb60fb681b4a13601a4b00225a60fb
:1027f000fa68bb6813447b6008227b689b1a7b6085
:102800007b6823f007037b607b68134a1360124bdd
:102810001b6800225a60104b1b6800221a60fb687c
:102820003b603b687a68d21a3b685a600a4b1a6868
:102830003b681a603b685b68084a13603b685b68ea
:10284000074a136000bf1437bd465df8047b70472c
:1028500020004020cc6a4520606b4520686b4520f5
:04286000646b452040
:020000040000fa
:020000040043b7
:1028640080b584b000af786039606ff00103fb601d
:102874003b681033bb60bb681b78002b01d0fb683e
:1028840043e0bb685b78013b052b36d801a252f8c4
:1028940023f000bfb1284300c1284300d1284300de
:1028a400e1284300eb284300f5284300b86801f011
:1028b400dbfef8603b685d225a8122e0b8680af0ca
:1028c4002bfff8603b680f225a811ae0b868fcf7c6
:1028d4003bf9f8603b6835225a8112e0b86809f088
:1028e400e9fcf8600de0b86809f00cfdf86008e058
:1028f400b86801f007fff86003e06ff00103fb60c4
:1029040000bfbb68ff221a70fb6818461037bd462b
:0429140080bd00bfc3
:020000040000fa
:020000040043b7
:1029180080b487b000aff860b9601346fb71fb68fc
:10292800002b03d0bb68b3f5803f01d3012343e0fc
:10293800bb68002b01d100233ee0bb687b82fb68ab
:102948001a897b8a13449bb27a8a9a4201d9012355
:1029580032e0fb681b7b3b823b8a03f08003002b41
:102968000cd0fb685a68bb685b4213447b61fb6808
:1029780010337a699a420dd201231de0fb79002bae
:1029880006d0fb685a68bb685b4213447b6101e070
:10299800012311e0fb687a695a60fb685a897b8acf
:1029a80013449ab2fb685a81fb681a897b8a1344dc
:1029b8009ab2fb681a81002318461c37bd465df899
:0429c800047b7047d5
:020000040000fa
:020000040043b7
:1029cc0080b483b000af78600b467b807b681b7d46
:1029dc00042b0ed07b681b7d072b0ad07b681b7ddc
:1029ec00022b06d07b681b7d032b02d06ff00a03f1
:1029fc0038e07b88002b01d1002333e07b68b3f8ef
:102a0c0064307a889a4209d97b685b8b43f08003e7
:102a1c009ab27b685a834ff0ff3323e07b68b3f89c
:102a2c0066300f2b11d9124bb3f89c3001339ab28c
:102a3c000f4ba3f89c207b685b8b43f080039ab20e
:102a4c007b685a834ff0ff330ce07b68b3f8663039
:102a5c00002b03d07b681b6f002b02e07b681b6f85
:102a6c00002b002318460c37bd465df8047b7047dd
:042a7c003c5b45205a
:020000040000fa
:020000040043b7
:102a800080b483b000af03463960fb71fb79032b40
:102a90002ed0032b45dc002b17d0002b41db013b54
:102aa000012b3ed83b681b7803f01003002b07d0a6
:102ab0003b681b7803f02003002b01d0012300e0ca
:102ac000002303f00103dbb22de03b681b7803f029
:102ad0001003002b07d03b681b7803f04003002b4a
:102ae00001d0012300e0002303f00103dbb21ae070
:102af0003b681b7803f01003002b0dd03b681b785c
:102b000003f02003002b07d03b681b7803f0400341
:102b1000002b01d0012300e0002303f00103dbb20e
:102b200001e000bf012318460c37bd465df8047b69
:022b30007047ec
:020000040000fa
:020000040043b7
:102b320080b58ab000aff860b9607a60bb68002bdc
:102b420002d07b68002b01d1002346e0f8680af02e
:102b5200f6fab861bb69002b01d100233de00023e6
:102b62007b6200233b622be00ef02bff7861002397
:102b7200fb770ce0012006f08cfc0ef022ff0246ef
:102b82007b69d31a0a2b02d90123fb770fe0bb69b9
:102b920003f13400ba683b6a13441b78194603f008
:102ba200acfa034683f00103dbb2002be2d1fb7fd8
:102bb200002b0ad17b6a01337b623b6a01333b62a1
:102bc2003a6a7b689a42cfd300e000bf7b6a002b4f
:102bd20002d0b86908f086f97b6a18462837bd46e4
:022be20080bdb4
:020000040000fa
:020000040043b7
:102be4000a00000000000306b20008000100000013
:102bf400a800080002000000a000140003005749c8
:102c04004e4e434d00000000000000000000840010
:102c1400040007002a004400650076006900630090
:102c2400650049006e007400650072006600610072
:102c3400630065004700550049004400730000002c
:102c440050007b0031003200330034003500360080
:102c5400370038002d0030004400300038002d00cb
:102c640034003300460044002d0038004200330095
:102c740045002d0031003200370043004100380088
:102c84004100460046004600390044007d00000033
:022c940000003e
:020000040000fa
:020000040043b7
:102c960080b588b000af78607b68002b01d1002337
:102ca6004be00023fb7744e010f069f8b8617b68dd
:102cb6009b7b013bdab27b689a737b689b7bfb75d7
:102cc600b8690ff08afefb7d002b30d17b681b684c
:102cd6003b617b681b7b03f00f03fb737b685b7bad
:102ce60003f00203002b06d07b68bb60bb681b6940
:102cf6007868984715e0fb7b022b04d179680b2096
:102d06000cf0f7fb0de0fb7b012b04d179680a2060
:102d16000cf0effb05e0fb7b002b02d17868f5f7a2
:102d26003efdfb7f0133fb773b697b6001e00023bf
:102d36007b607b68002bb7d1fb7f18462037bd46ea
:022d460080bd4e
:020000040000fa
:020000040043b7
:102d480080b588b000aff860b9601346fb80fb8897
:102d58007b6100233b61fb68002b02d16ff00f03fe
:102d680043e0bb68002b02d16ff00f033de0fb6826
:102d78001b89fa889a4202d94ff0ff3335e0fb6885
:102d8800002b07d0bb68002b04d0fb681b89fa888e
:102d98009a4202d96ff00f0327e0fb68fb611ee03f
:102da8007b69bb61fb695b891a46bb69934202d99f
:102db800fb695b89bb61fb695868ba683b69134466
:102dc800ba6919460ff01efc7a69bb69d31a7b6190
:102dd8003a69bb6913443b61fb691b68fb617b690a
:102de800002bddd17b69002b002318462037bd4618
:022df80080bd9c
:020000040000fa
:020000040043b7
:102dfa0080b584b000af78607b681b7d072b20d03c
:102e0a00072b2bdc032b02d0042b0dd026e078688d
:102e1a0004f0bbf90346fb7397f90f30002b1fd15f
:102e2a007b6805221a751be0786804f0aef9034640
:102e3a00fb7397f90f30002b14d17b6805221a75a2
:102e4a0010e0786804f0a1f90346fb7397f90f3094
:102e5a00002b09d17b6809221a7505e000231ce0c2
:102e6a0000bf02e000bf00e000bf97f90f30002b5f
:102e7a0003d17868e6f751fa0de097f90f30b3f10c
:102e8a00ff3f08d17b685b8b43f008039ab27b68eb
:102e9a005a83002301e097f90f3018461037bd46d0
:022eaa0080bde9
:020000040000fa
:020000040043b7
:102eac0080b586b000aff860b9607a6007f11403a2
:102ebc001946f8680ef0bffe034683f00103dbb23f
:102ecc00002b01d000233be07b69b3f5803f0bd393
:102edc00fb68db68002b02d0fb68db6800e01a4b58
:102eec00fa68d36000232be07b69002b0ad1bb6806
:102efc00b3f807309bb21a46002178680ff0d8fd62
:102f0c0001231de0bb68b3f807309bb21a467b69fe
:102f1c009a420bd0fb68db68002b02d0fb68db68a5
:102f2c0000e00a4bfa68d360002309e0bb68b3f8f1
:102f3c0007309bb21a467968f868fcf731fa0346f9
:102f4c0018461837bd4680bd1873420064734200a2
:020000040000fa
:020000040043b7
:102f5c0080b584b000af0ff09ffa03460b3323f01b
:102f6c000303bb60234bdb8a1a46bb6802fb03f3eb
:102f7c0018460ff06dfa03461f4a13601e4b1b6870
:102f8c00002b30d01b4bdb8a0421184607f083fb47
:102f9c0003461a4a1360194b1b68002b1fd00023e1
:102fac00fb6014e0144b1a68fb68b96801fb03f36f
:102fbc0013447b607b687a685a60104b1b68391d20
:102fcc00002218460df072fffb680133fb60094bc1
:102fdc00db8a1a46fb689342e4d3002306e000bf69
:102fec000cf068fa00e000bf4ff0ff3318461037c2
:102ffc00bd4680bd9c684520e46b4520e06b4520b8
:020000040000fa
:020000040043b7
:10300c0080b584b000aff860b9607a607b681b7bd8
:10301c0003f00103002b16d00021786801f0e6ffc5
:10302c000346002b1cd01e4b1b78002b03d01d49d4
:10303c000020fcf779f8bb681b6a5a1cbb681a6243
:10304c006ff0650328e0fb6803f04003002b07d00a
:10305c00134b5b78002b03d013490120fcf764f869
:10306c007b681b7b03f00203002b14d1fb6803f07d
:10307c000103002b0fd00a4b5b78002b03d00b49bc
:10308c000120fcf751f8bb681b6a5a1cbb681a621a
:10309c006ff0010300e0002318461037bd4680bdd9
:1030ac00b074452070ed41009ced4100f8ed4100fd
:020000040000fa
:020000040043b7
:1030bc0080b485b000af7860274bfb6002e0fb6802
:1030cc001b68fb60fb681b687a689a42f7d87b68c0
:1030dc00bb607b685b68ba681a44fb681b689a42e1
:1030ec0018d1fb681a681d4b1b689a420dd07b687f
:1030fc005a68fb681b685b681a447b685a60fb68fb
:10310c001b681a687b681a6008e0144b1a687b68a5
:10311c001a6003e0fb681a687b681a60fb68bb6086
:10312c00fb685b68ba6813447a689a420bd1fb68f7
:10313c005a687b685b681a44fb685a607b681a683b
:10314c00fb681a6002e0fb687a681a6000bf1437eb
:10315c00bd465df8047b7047d46a4520046c45205d
:020000040000fa
:020000040043b7
:10316c0080b58ab000af7860396007f108031e2281
:10317c00002118460ff09cfc07f1080201231b21cb
:10318c00786807f05eff3b7a43f01303dbb23b72c7
:10319c003b7a1a461b2178680bf026f807f10802d7
:1031ac0001230321786807f04cff07f10803194647
:1031bc000320fff75ffc034683f00103dbb2002b17
:1031cc0001d001231ae007f1080301331a46032149
:1031dc0078680cf082fa07f10803013319460320d2
:1031ec00f9f76cfd074b1a683b681a60064b1a68b6
:1031fc003b685a607b6801225a71002318462837b5
:0c320c00bd4680bdec6a4520f06a4520fc
:020000040000fa
:020000040043b7
:1032180080b500af002009f06ffebff35f8f00bfdd
:1032280062b600bf07214ff0ff3008f077fa072198
:103238000d2008f073fa0d200bf0eefc07210f208b
:1032480008f06cfa0f200bf0e7fc0721222008f0a9
:1032580065fa22200bf0e0fc0721252008f05efa31
:1032680025200bf0d9fc07212c2008f057fa2c2038
:103278000bf0d2fc0721322008f050fa32200bf074
:10328800cbfc0d4b5b6a0c4a43f4802353620a4b18
:103298005b69094a43f010035361074b5b6a064aae
:1032a80043f400335362044b5b6a034a43f48033ac
:0c32b800536200bf80bd00bf00ed00e0cd
:020000040000fa
:020000040043b7
:1032c40080b584b000af786002f0b8fd00bf204b39
:1032d40093f8293003f00103002bf8d003f098fd94
:1032e4001c491d4801f01cff1c491d480cf008ff37
:1032f4000ef0dafff86005f0b1f9fb68002b18d086
:1033040015480ef0cbfe0346fb72fb7a032b02d06a
:10331400fb7a042b0dd1104b1b6a012b06d11149ea
:10332400f86800f031ff0c4b00221a62f868f7f7d6
:103334003ef80d4b1b68002b04d00b4b1b68184642
:10334400e5f7eeff07f0aefe05200ff0b1f9d2e786
:10335400a06745202906440060624520f4554200d8
:0c336400001a0e4024564200fc6a45206e
:020000040000fa
:020000040043b7
:1033700080b586b000af78607b683b613b691b68b5
:103380005b697b617b6903f0e003002b3ed03b6906
:10339000012283f875203b69db6f5a1c3b69da67b1
:1033a0003b691b684ff480721a6005e03b691b683b
:1033b0009b69dbb2bb73bb7b3b691b685b6903f03a
:1033c0000103002bf2d13b691b68e022da603b6904
:1033d0001b68e0229a601ee03b691b689b69fb73d7
:1033e0003b690433fa7b1146184602f087fe034618
:1033f00083f00103dbb2002b04d03b699b6f5a1ca6
:103400003b699a673b691b685b697b617b6903f079
:0c3410000103002be0d11837bd4680bd41
:020000040000fa
:020000040043b7
:10341c00b0b586b000aff860b9607a603b601fe071
:10342c00bb687b61bb681b68bb607b695b681846cb
:10343c000df00ef803467b82fb68b3f866207b8a9e
:10344c00d31a9ab2fb68a3f866207b691a89194bc8
:10345c001b8813449ab2174b1a8078690cf03cff06
:10346c00bb68002b20d0bb68db685b6818460cf08f
:10347c006efb0446bb681b891d46bb68db689b89d9
:10348c009bb218460df056fa0346dbb203f0030369
:10349c00002b01d0012300e000232b44e218064b43
:1034ac001b68d31a002bbbddbb6818461837bd460a
:0c34bc00b0bd00bf5a6a4520806c45205e
:020000040000fa
:020000040043b7
:1034c80080b5c6b000af07f58c73a3f58873196093
:1034d80007f58c73a3f58a731a6007f58c73a3f24a
:1034e800091302461a7007f58c73a3f58a7307f55a
:1034f8008c72a2f5887207f110001b6812684ff4ed
:10350800807107f06bf8c7f81001d7f81031002b5d
:1035180022dd0023c7f8143110e007f58c73a3f5fa
:103528008472d7f8143113441b7819460d4809f0f2
:1035380017fad7f814310133c7f81431d7f8142122
:10354800d7f810319a42e8db0d21064809f008fa4d
:103558000a21044809f004fa00bf07f58c77bd4634
:0835680080bd00bf001a0e40f7
:020000040000fa
:020000040043b7
:1035700090b58fb000af7860396007f11803102163
:1035800018460cf081f978633b685b087a6b9a42c5
:1035900002d93b685b087b6300233b6330e0002378
:1035a000fb6227e01b4b07f108040fcb84e80f00f8
:1035b00007f118023b6b13441b781a46fb6a9b0009
:1035c00042fa03f3dbb203f00f0387f82b3097f8ce
:1035d0002b3038333b4413f8301c3b6b5a00fb6aea
:1035e000d31a01335b007a6813440a461a80fb6ad7
:1035f0000133fb62fb6a012bd4d93b6b01333b6384
:103600003a6b7b6b9a42cad37b6b5b0018463c37a4
:08361000bd4690bde09f4300a0
:020000040000fa
:020000040043b7
:1036180080b58ab002aff860b9601346fb71002329
:10362800fb61fb68002b32d00021ba68fb68a3fb62
:103638000223002b00d001210b46002b27d1fb6869
:10364800ba6802fb03f313f1510f20d8fb68ba687c
:1036580002fb03f3bb61bb6950331846e8f7e2fb92
:10366800f861fb69002b22d0fb697b617b695033d1
:103678007b61fb69002283f84620fa79fb69009395
:1036880013467a69b968f86809f0feff0fe0fb692c
:10369800002b0cd14ff0800372b683f31188bff36f
:1036a8006f8fbff34f8f62b63b6100bffee7fb69c8
:0836b80018462037bd4680bd15
:020000040000fa
:020000040043b7
:1036c00080b487b000af0346fb710b46bb71134655
:1036d0007b7100237b610023fb74224b1b68fb6022
:1036e00036e0fb681b7afa799a4207d1fb685b7a6d
:1036f000ba799a4202d1fb687b612ce07b79002b7e
:1037000023d1fb685b7ac3f10503012202fa03f3bc
:10371000dbb2013bfb72fb7adb43bb72fb681a7abc
:10372000bb7a13407b72fa79bb7a13403b727a7a88
:103730003b7a9a4209d1fb685b7afa7c9a4204d8b8
:10374000fb687b61fb685b7afb74fb68db68fb6092
:10375000fb68002bc5d17b6918461c37bd465df858
:08376000047b7047dc6b45207f
:020000040000fa
:020000040043b7
:1037680080b58cb004aff860b9607a603b603a68a5
:103778007968f8680bf0f4feb861bb69002b02d1d8
:10378800fc23fb7734e0bb685b687b61bb681a8904
:103798003b6800937b680621b8680df0e3f80346a0
:1037a8001a467b691a82fb68002b06d0fb68db7a15
:1037b800bb77fb689b7a7b7703e0ff23bb7700230b
:1037c8007b77104bb3f8903001339ab20d4ba3f8c6
:1037d8009020ba7fbb690293062301937b7f0093f5
:1037e80013463a687968b86808f030fb0346fb77f7
:1037f800b868fff74cfa97f91f3018462037bd46ce
:0838080080bd00bf3c5b4520c0
:020000040000fa
:020000040043b7
:103810006373705f62696e643a20696e76616c6989
:103820006420706f72742025752c206f6e6c792067
:10383000706f7274732066726f6d20302d25752045
:10384000282b204353505f414e5920666f722064ed
:10385000656661756c7429206172652061766169a5
:103860006c61626c6520666f7220696e636f6d6952
:103870006e6720706f72747300000000506f727476
:1038800020256420697320616c7265616479206908
:103890006e2075736500000042696e64696e672072
:1038a000736f636b657420257020746f20706f7266
:0538b0007420257500e5
:020000040000fa
:020000040043b7
:1038b80080b584b000af78600b46fb707b68db682e
:1038c800fb60fb681b8c0233fa68528c93423bda2c
:1038d800fb68db6918460ef0a1fe0246fb689b8e6a
:1038e800d31abb60fb68da69bb680133d018fb6880
:1038f800da69bb68d118fb689b8e01331a460bf056
:1039080035f8fb681b8c01339ab2fb681a84fb6894
:103918001b8e01339ab2fb681a86fb68da69bb68aa
:103928001344fa781a70fb689b8e002b05d0084b5d
:103938001b68194678680af030fb7b681b68fa78c0
:1039480011467868984700e000bf1037bd4680bd33
:04395800e0744520b2
:020000040000fa
:020000040043b7
:10395c0080b584b000af786005f0deff7b6893f82b
:10396c004530fb7311e07b685b6a002b12d07b68df
:10397c0024331846eff73afb0346002b01d00ef028
:10398c005bfdfb7b013bdbb2fb7397f90f30002b2c
:10399c00e9dc00e000bf7b68ff2283f8452007f0dc
:1039ac00b1fc05f0b9ff7b6893f84430bb7311e0b0
:1039bc007b681b69002b12d07b6810331846eff71d
:1039cc0015fb0346002b01d00ef036fdbb7b013bf3
:1039dc00dbb2bb7397f90e30002be9dc00e000bfc3
:1039ec007b68ff2283f8442007f08cfc00bf103763
:0439fc00bd4680bd87
:020000040000fa
:020000040043b7
:103a000080b586b000af7b600346fb730b46bb817d
:103a100013467b81bb89fb82ba897b899a4221d27a
:103a200097f8243003f00203002b11d13b6a5b8b23
:103a300003f04003002b15d197f82830002b07d056
:103a40003b6adb6e002b03d13b6a1b6f002b09d056
:103a5000bb8903f2b75323f003027b89934228bf4b
:103a60001346fb82f98afb7b4ff420721846f2f76b
:103a7000d0f838613b69002b01d100230ee03b698f
:103a80005a89bb89d31a9ab27b681a803b69ba8972
:103a90001a813b691a893b695a813b691846183774
:043aa000bd4680bde2
:020000040000fa
:020000040043b7
:103aa40080b582b000af78607b681b6f002b45d077
:103ab4007b685b8b03f00403002b3fd17868fef72f
:103ac40043fb0346002b39d17b68b3f860207b6845
:103ad400b3f84830934228bf13469bb2002b00da58
:103ae40001335b109ab27b68a3f84a207b68b3f871
:103af4004a301a467b685b8e5b009a4206d27b682a
:103b04005b8e5b009ab27b68a3f84a207b68b3f8ab
:103b14004a207b685b8e194649000b449bb21344d0
:103b24009ab27b68a3f848207b685b8b43f004035c
:103b34009ab27b685a837b6800221a8600bf0837d2
:043b4400bd4680bd3d
:020000040000fa
:020000040043b7
:103b48002de9f041d2e900230c4686b005465fea2c
:103b5800d378d1e901060968e76805913fd0524258
:103b680063eb4303002808db21f002010591b8f15b
:103b7800000f02d10599480722d5711e05a80290a9
:103b88000a20cde90010204604f036fab8f1000ffb
:103b98001ad001382d233b542269059b0093013a22
:103ba8003346121a3918284603f09afe6b68db056b
:103bb80003d563689842b8bf184606b0bde8f081df
:103bc8000807dad43146d9e7059b590702d50138e9
:103bd8002b23e0e71a07dfd501382023dbe700288d
:043be800c2dac7e78f
:020000040000fa
:020000040043b7
:103bec0080b58ab000aff860c7e9002300237b6280
:103bfc00d7e90023802a73f1000323d23b78fb75ad
:103c0c0007f1170301221946f86802f09ff90346e1
:103c1c0033e03b7863f07f03d9b207f118027b6a7b
:103c2c0013440a461a70d7e900014ff000024ff016
:103c3c000003c20942ea4162cb09c7e900237b6a4f
:103c4c0001337b62d7e900231343e2d17b6a013b4a
:103c5c0028333b4413f8102c7b6a013b02f07f02a3
:103c6c00d2b228333b4403f8102c07f118037a6abc
:103c7c001946f86802f06af9034618462837bd461b
:023c8c0080bdf9
:020000040000fa
:020000040043b7
:103c8e0090b587b000af78600023fb750023bb753d
:103c9e00fb7d9b00dbb203f004037b757b7d9cb246
:103cae007b681b6d18460bf051ff03460022214620
:103cbe00786807f098f938613b69002b09d17b6869
:103cce005b8b43f003039ab27b685a836ff0010358
:103cde0023e0bb7dfa7d396978680bf069ff7a685d
:103cee007b68043339697868fff737fd0346fb7349
:103cfe0097f90f30002b07d07b685b8b43f00303e3
:103d0e009ab27b685a8306e07b685b8b23f00303d1
:103d1e009ab27b685a8397f90f3018461c37bd4606
:023d2e0090bd46
:020000040000fa
:020000040043b7
:103d300080b5a6b000aff860b9607a600121b868bc
:103d40000bf04afcc7f89400d7f89430002b04d14c
:103d50001b49f86800f01afa2fe007f18c030022e3
:103d60001946d7f894000ef0d1fec7f89000d7f8a6
:103d70008c301b78002b03d1d7f89030ff2b04d95f
:103d80001049f86800f002fa17e0d7f89030dbb27b
:103d900018460cf09ff907f11400d7f890300a4a42
:103da00078210ef0cbf907f114031946f86800f0fa
:103db000edf90649f86800f0e9f99837bd4680bd8d
:103dc00084fc4200a0fc4200bcfc4200d4fc420047
:020000040000fa
:020000040043b7
:103dd00080b487b000af786039600023fb82002395
:103de000bb827b68002b31d03b68002b2ed07b68d8
:103df0003b610023fb6025e0fa8a3b69591c39616d
:103e00001b781a44194b83fb02131344d911d3179f
:103e1000c91a0b461b025b1ad11a0b46fb82ba8adf
:103e2000fb8a1a44114b83fb02131344d911d31795
:103e3000c91a0b461b025b1ad11a0b46bb82fb68e0
:103e40000133fb60fa683b689a42d5d3b7f9143066
:103e50001b021ab2b7f9163013431bb29bb21846b5
:103e60001c37bd465df8047b704700bf81808080b1
:020000040000fa
:020000040043b7
:103e700080b487b000af7860396000233b617b6815
:103e8000002b0cd14ff0800372b683f31188bff37f
:103e90006f8fbff34f8f62b6fb6000bffee73b68da
:103ea000002b24d000237b611ee0184a7b69db00d5
:103eb00013445b687a689a4205d17b69db00134a38
:103ec00013443b6113e03b69002b0ad10f4a7b6925
:103ed00052f83330002b04d17b69db000b4a1344ca
:103ee0003b617b6901337b617b69072bddd93b69d2
:103ef000002b05d03b693a681a603b697a685a60c2
:103f000000bf1c37bd465df8047b70470c6645203a
:020000040000fa
:020000040043b7
:103f1000252e316625630000252d313073207478fd
:103f20003a202530356c752072783a202530356c72
:103f300075207478653a202530356c752072786567
:103f40003a202530356c750d0a20202020202020b5
:103f50002020202064726f703a202530356c752047
:103f6000617574686572723a202530356c7520660b
:103f700072616d653a202530356c750d0a20202060
:103f800020202020202020207478623a20256c7583
:103f90002028257329207278623a20256c75202804
:103fa000257329204d54553a2025750d0a0d0a0018
:020000040000fa
:020000040043b7
:103fb0007bb972b90029bebf00204ff0004106e076
:103fc00008bf00281cbf6ff000414ff0ff300ef01b
:103fd000e7bfadf1080c6de904ce002909db002b29
:103fe0001adbe7f785fcddf804e0dde9022304b025
:103ff0007047404261eb4101002b1bdbe7f778fc87
:10400000ddf804e0dde9022304b0404261eb410148
:10401000524263eb43037047524263eb4303e7f7bb
:1040200067fcddf804e0dde9022304b0404261eb07
:1040300041017047524263eb4303e7f759fcddf857
:1040400004e0dde9022304b0524263eb430370470e
:020000040000fa
:020000040043b7
:1040500080b584b000af786039607b681b683a68cf
:104060009a4205d17b681b68da687b681a6013e0a6
:104070007b681b68fb600ce0fb68db683a689a426f
:1040800004d13b68da68fb68da6005e0fb68db684e
:10409000fb60fb68002befd13b680022da603868d8
:1040a00002f072fd3b681b7d0a2b13d03b681b7d21
:1040b000012b0fd03b685b8b03f00103002b09d071
:1040c0003b685b8b43f002039ab23b685a833868c3
:1040d000e5f728f93b681b7d012b3b6800221a7528
:0e40e0003b680022da8200bf1037bd4680bd6b
:020000040000fa
:020000040043b7
:1040f00080b400af1f4b1a6a1e491f4b13430b625b
:1041000000bf1c4b9b6e03f00103012bf9d1194b2f
:104110001a6a1849194b13430b6200bf154b9b6e6b
:1041200003f48033b3f5803ff8d1124b1a6a11497a
:10413000134b13430b6200bf0e4b9b6e03f4003313
:10414000b3f5003ff8d10b4b1b6a0e4a1a400949e0
:104150000d4b13430b6200bf064b9b6e03f4003301
:10416000b3f5003ff8d100bf00bfbd465df8047b4a
:10417000704700bf00060e4001ff37000000370106
:0c418000080037008fffc8ff2000370048
:020000040000fa
:020000040043b7
:10418c0080b584b000af786039607b681b68002b09
:10419c003ed07b68db68fb60fb689b8e7b81fb6899
:1041ac0093f8333003f01003002b02d1786805f03c
:1041bc0043fafb687a899a863968786809f0ebfecd
:1041cc00154b1b681946786809f0e5fefb6893f8f7
:1041dc00333003f01003002b1bd1fb681b6819460e
:1041ec00786809f0d8fefb68db691946786809f035
:1041fc00d2fefb681a8cfb681a86fb689b8e002229
:10420c001946786804f024ff7868fcf783f900e01d
:0c421c0000bf1037bd4680bdcc744520ab
:020000040000fa
:020000040043b7
:1042280080b487b000aff860b9607a60fb68002b93
:104238003bd0bb68002b38d07b68002b35d0bb68df
:104248007b6100233b612ce0fb681b8819467b6976
:104258005a1c7a611b78ca18174b83fb0213134444
:10426800d911d317c91a0b461b025b1ad11a8ab285
:10427800fb681a80fb685b881a46fb681b881a442f
:104288000d4b83fb02131344d911d317c91a0b46dc
:104298001b025b1ad11a8ab2fb685a803b69013348
:1042a8003b613a697b689a42ced300bf1c37bd4652
:0c42b8005df8047b704700bf81808080af
:020000040000fa
:020000040043b7
:1042c40080b588b002aff8607a603b600b467b81b2
:1042d400fb68002b02d07b68002b07d1fb68002b06
:1042e40002d06ff0150330e01a4b2ee0fb6899689a
:1042f400fb68da687b89184601f058fd78617b69b0
:10430400002b01d1144b20e07b69db781a463b6813
:10431400934202d86ff04a0317e07b699a787b696d
:10432400db78184679893b6a019300907b68f868ca
:10433400fbf70efb03467b827b69db781a467b68be
:10434400134400221a70b7f9123018461837bd46c4
:0c43540080bd00bf30f8ffff2df8ffff18
:020000040000fa
:020000040043b7
:1043600080b584b000af78600b467b809f23fb73e1
:104370007b68002b02d07b88002b01d1012337e022
:104380001d4b4ff080525a6307f10f03012118466d
:104390000df0f8f9034683f00103dbb2002b05d0e2
:1043a000154b4ff080521a63012321e000bf09f042
:1043b000e1ff0346002bfad17b88194678680df09f
:1043c000f1f9034683f00103dbb2002b05d00a4b61
:1043d0004ff080521a6301230ae000bf09f0caffc0
:1043e0000346002bfad1044b4ff080521a6300238e
:0c43f00018461037bd4680bd00140e407a
:020000040000fa
:020000040043b7
:1043fc0080b584b000af786039600df07bfd07f1bb
:10440c00080318460af010f9f860bb68002b30d18d
:10441c003b68002b0ad17a68fb689a4206d8ebf706
:10442c0003fff968786805f0f7fe24e03b68002b81
:10443c0008d0134b1b681b68002b01d1012300e033
:10444c0000233b600f4b18687a68fb68d31a3a68f4
:10445c00194605f0cbfaebf7e7fe0346002b0ad121
:10446c00094b4ff080521a60bff34f8fbff36f8f21
:10447c0001e0ebf7d9fe00bf1037bd4680bd00bf91
:0c448c00b46b4520b86b452004ed00e047
:020000040000fa
:020000040043b7
:1044980080b586b004af3a601a460346fb710b46f6
:1044a800bb7113467b71fb79202b03d10023bb71b1
:1044b8000023fb71fb791f2b02d9fb79ff2b05d158
:1044c8003b68002b02d0bb79052b1bd9134b1b78fb
:1044d800002b14d0f879ba793b68002b02d03b68de
:1044e8001b6800e00e4b7979039102933b680193b6
:1044f800009203460b4a0c490020faf717fe6ff0aa
:10450800010306e07b79b979f8793a6800f0f6fb9f
:10451800034618460837bd4680bd00bfb074452025
:0c452800e8d54200102d4400ecd5420004
:020000040000fa
:020000040043b7
:1045340090b585b000af786039607b68002b02d1fc
:104544006ff0010339e03b68002b09d03b68db7b4b
:10455400c3f38113dbb218460ef0d6f8f86001e01d
:104564000023fb607a68fb6802339b0013445b689a
:104574003946002218460cf09dfc0346012b1bd043
:10458400104b1b78002b14d07a68fb6802339b0015
:1045940013445c687a68fb6802339b0013445b68cd
:1045a40018460df065ff0346224607490020faf736
:1045b400bffd4ff0ff3300e0002318461437bd461b
:0c45c40090bd00bfb0744520c4e341006e
:020000040000fa
:020000040043b7
:1045d00080b58cb004aff860b9607a607b68b3f5e1
:1045e000801f0dd37b6807ee903ab8ee676b9feda6
:1045f0001a5b86ee057b87ed047b4d23fb771ae083
:104600007b68b3f5806f0dd37b6807ee903ab8ee08
:10461000676b9fed135b86ee057b87ed047b4b2379
:10462000fb7708e07b6807ee903ab8ee677b87ed92
:10463000047b4223fb77b968fb7f0293d7e904230d
:10464000cde90023084af8680df078fd03461846c6
:104650002037bd4680bd00bf000000000000304193
:0c4660000000000000009040103f4300ec
:020000040000fa
:020000040043b7
:10466c0090b583b000af78607b683433204ad16852
:10467c00142218460ef012fc7b68002283f84720a7
:10468c007b6848331b4a1c46134607cb206061608d
:10469c00a2607b68002283f853207b685433164950
:1046ac001a460b4603cb106051601b7813727b6863
:1046bc00002283f85c207b6802330d4a5168142277
:1046cc0018460ef0ebfb7b6800225a757b6816339c
:1046dc00074a91681e2218460ef0e0fb7b68002208
:1046ec0083f83320002318460c37bd4690bd00bf1d
:0c46fc009c684520d47a4300e07a43001b
:020000040000fa
:020000040043b7
:1047080080b588b002af78607b68d3f8023018466d
:104718000df0dcfe0346fb607b68d3f806301846d4
:104728000df0d4fe03463b6100237b61fb68002b40
:1047380015d007f10c0318460cf090f878617b69e6
:10474800002b0cd0134b5b78002b08d0fa68396922
:104758007b6900930b4610490120faf7e7fc07f143
:104768000c0318460df04af9fb6818460bf0d8f907
:1047780002467b68c3f802203b6918460bf0d0f963
:1047880002467b68c3f806207b6918461837bd4681
:0c47980080bd00bfb0744520ec7a4300e7
:020000040000fa
:020000040043b7
:1047a40080b586b000af0346fb7197f90730002b44
:1047b40001dbfb7900e07f23fb72fb7a002b34d012
:1047c400fb7a013bfb720023fb6000233b61194b26
:1047d4001b687b611fe07b695b7dfa7a9a420cd887
:1047e4007b695b7dfa7a9a4212d1134b1a687b6912
:1047f4001b6ad31afa689a420ad80f4b1a687b6963
:104804001b6ad31afb607b693b617b695b7dfb722e
:104814007b69db687b617b69002bdcd13b69002b06
:1048240004d038690df090fe00e000bf1837bd4693
:0c48340080bd00bf6c6c4520606c45200e
:020000040000fa
:020000040043b7
:1048400080b586b000af78600023fb6000237b61f9
:104850007b683b612be03b695a683b695b89194681
:104860001046fdf7ecf903461a467b6913447b6159
:104870007b691a0c7b699bb213447b613b695b8942
:1048800003f001039bb2002b0ed0fb68002b0cbf82
:1048900001230023dbb2fb607b691b029ab27b69b8
:1048a0001b0adbb213437b613b691b683b613b69bd
:1048b000002bd0d1fb68002b07d07b691b029ab27a
:1048c0007b691b0adbb213437b617b699bb2db43d1
:0a48d0009bb218461837bd4680bda4
:020000040000fa
:020000040043b7
:1048dc0080b500affff706fc0bf05efe07f056fb51
:1048ec0004f0a8fa0cf028ff09f0defc1c4b4ff486
:1048fc006f321a611a4b1b4ac3f800210a2004f0cc
:10490c00cffa0b2004f0ccfa0c2004f0c9fa1020da
:10491c0004f0c6fa112004f0c3fa222004f0c0fa05
:10492c00172004f0bdfa192004f0bafa1a2004f08a
:10493c00b7fa2f2004f0b4fa302004f0b1fa0f20ab
:10494c0004f0aefa132004f0abfa142004f0a8fa29
:10495c00292004f0a5fa152004f0a2fa00bf80bdae
:08496c0000060e4020100400bb
:020000040000fa
:020000040043b7
:1049740080b5a4b000aff860b9607a601b49f868ec
:10498400fff702fc07f110000c23194a80210df0f7
:10499400d3fb07f110031946f868fff7f5fb0df098
:1049a40073fd034607f11000124a80210df0c4fb89
:1049b40007f110031946f868fff7e6fb0e49f8689b
:1049c400fff7e2fbfcf738fa0c49f868fff7dcfb69
:1049d4000ef022f80a49f868fff7d6fb0949f8688f
:1049e400fff7d2fb00bf9037bd4680bd40db4000df
:1049f40054db400068db40007cdb40008cdb400083
:084a04009cdb4000dcd0400007
:020000040000fa
:020000040043b7
:104a0c0080b5aab002aff860b9607a600123c7f82c
:104a1c009c300023c7f8983021e0d7f8983007f184
:104a2c001402d018d7f89830c3f18001d7f89c3015
:104a3c00012b01d1154a00e0154ad7f894300093a8
:104a4c001346144a0df074fb0246d7f89830134401
:104a5c00c7f89830d7f89c300133c7f89c30d7f89a
:104a6c009c309bb21946b8680af0b0fdc7f89400a8
:104a7c00d7f89430002bd0d107f114031946f868fd
:104a8c00fff77efb00bfa037bd4680bd482e44001b
:084a9c004c2e4400502e440092
:020000040000fa
:020000040043b7
:104aa40080b5a6b000aff860b9607a600121b8683b
:104ab4000af090fdc7f89400d7f89430002b04d185
:104ac4001949f868fff760fb2be007f18c0300221b
:104ad4001946d7f894000ef017f8c7f89000d7f8e5
:104ae4008c301b78002b04d01049f868fff74cfb7e
:104af40017e0d7f89030dbb218460af0fffb07f155
:104b04001400d7f890300a4a78210df015fb07f10c
:104b140014031946f868fff737fb0649f868fff7ee
:104b240033fb9837bd4680bdd8fc4200f4fc4200fc
:084b340004fd4200d4fc420024
:020000040000fa
:020000040043b7
:104b3c0080b5a6b000aff860b9607a600121b868a2
:104b4c000af044fdc7f89400d7f89430002b04d138
:104b5c001949f868fff714fb2be007f18c030022ce
:104b6c001946d7f894000df0cbffc7f89000d7f892
:104b7c008c301b78002b04d01049f868fff700fb31
:104b8c0017e0d7f89030dbb218460af0cffb07f1ec
:104b9c001400d7f890300a4a78210df0c9fa07f1c1
:104bac0014031946f868fff7ebfa0649f868fff7a3
:104bbc00e7fa9837bd4680bd1cfd4200f4fc42006c
:084bcc0038fd4200d4fc420058
:020000040000fa
:020000040043b7
:104bd40080b584b000aff860b9601346fb80bb6851
:104be400002b02d0fb88002b01d1012331e009f016
:104bf400bffb0346002b01d002232ae0174b0322fc
:104c04001a70fb681b0cdab2144b5a70fb681b0a4f
:104c1400dab2124b9a70fb68dab2104bda70104bae
:104c240000225a700f4b4ff080525a63fb88ba68c7
:104c340004210a48f4f7bcf8034683f00103dbb20d
:104c4400002b05d0074b4ff080521a63012300e07c
:104c5400002318461037bd4680bd00bf586b452061
:084c6400c86c452000140e404d
:020000040000fa
:020000040043b7
:104c6c0080b586b000aff860b9607a6000237b61d4
:104c7c0037e020497a6913465b001344db000b4490
:104c8c0010331b78012b29d11a497a6913465b0022
:104c9c001344db000b4408331a68fb685a40bb68aa
:104cac001340002b1ad17b68002b03d00ef079f83f
:104cbc00024602e00ef06ef802460e4879690b4689
:104ccc005b000b44db00034414331a607a6913460f
:104cdc005b001344db00074a134406e07b69013395
:104cec007b617b69042bc4dd002318461837bd4655
:084cfc0080bd00bfb46045203b
:020000040000fa
:020000040043b7
:104d040080b584b000af3a601a460346fb710b4687
:104d1400bb7113467b71b979fb7901221846fef702
:104d2400cdfcf860fb68002b22d110200df094fb21
:104d3400f860fb68002b02d14ff0ff3325e0fb68dd
:104d44000022da60134b1b68002b03d1114afb6865
:104d540013600de00f4b1b68bb6002e0bb68db68af
:104d6400bb60bb68db68002bf8d1bb68fa68da600b
:104d7400fb68fa791a72fb68ba795a72fb683a6866
:104d84001a60fb687a791a71002318461037bd46f9
:084d940080bd00bfdc6b45206f
:020000040000fa
:020000040043b7
:104d9c0080b485b000aff860b9601346fb71fb6856
:104dac001b7a002b0bd0fb681a7a1e4b5b6893f8ae
:104dbc002c300133dbb29a4201d000232be0fb797b
:104dcc00002b18d0fb68002b13d0fb681b68002b42
:104ddc000fd0144b5b69b3f1ff3f0ad0fb681a6824
:104dec00104b5b695a40bb6804331b681340002ba3
:104dfc0010d101230fe0fb68002b09d0fb681b6866
:104e0c00002b05d0fb681a68064b5b699a4201d1ee
:104e1c00012300e0002318461437bd465df8047bdf
:084e2c00704700bf306945200a
:020000040000fa
:020000040043b7
:104e340080b584b002af0346fb71224b5b6a002b42
:104e440035d1204b1b79012b33d11e4b1a78fb79ba
:104e54001146184605f032ff0346002b2bd10cf007
:104e640065f80346174a5362164b5b6a002b0ed152
:104e7400144b9b6a002b20d0124bdb8d002b1cd0d3
:104e8400104b9b6a0f4a53620e4b00229a620d4be1
:104e940019780c4b5b6a18460a4b5b6a1b899bb2f8
:104ea4000022009202460020f8f7eafa06e000bf6a
:104eb40004e000bf02e000bf00e000bf0837bd46c9
:084ec40080bd00bf046745201a
:020000040000fa
:020000040043b7
:104ecc0080b586b000aff860b9607a603b60fb6873
:104edc00002b08d0bb68002b05d07b68002b02d0c0
:104eec003b68002b01d1042331e0fb68ba681a60df
:104efc00fb687a685a60fb683a689a60fb685b6882
:104f0c00184608f04dfcfb689b68184608f048fcf6
:104f1c00fb6800221a73fb6800225a73f86805f0cc
:104f2c00bbf878617b69002b01d07b690fe0002115
:104f3c00f86809f079f978617b69002b01d07b69fd
:104f4c0005e00121f86809f06ff978617b69184672
:064f5c001837bd4680bdc0
:020000040000fa
:020000040043b7
:104f62002de9b04f82b000af78607968b1f1ff3fb0
:104f720002d14ff0ff3339e0796800200c46054634
:104f8200204629464ff0000a4ff0000b4fea411b22
:104f92004bead06b4fea401a50465946021b61eb6e
:104fa20005034ff000004ff00001990041ea9271b1
:104fb200900002460b4612eb040843eb05094ff042
:104fc20000024ff000034feac90343ea58734fea65
:104fd200c80290469946404649464ff47a724ff0cd
:104fe20000030bf0c6f902460b4613461846083773
:064ff200bd46bde8b08fd2
:020000040000fa
:020000040043b7
:104ff80080b584b000af78600b46fb707b685b8936
:10500800032b02d86ff0650339e0fb78002b0bd037
:105018007b6803f10c027b685b891946104607f030
:105028001ff90346fb600be07b6803f110027b6805
:105038005b89043b1946104607f012f90346fb60ea
:10504800fb6818460af06cfd0346fb607b685b89c9
:1050580010337a681344043b07f10c010422184604
:105068000cf025fb0346002b02d06ff0650306e029
:105078007b685b89043b9ab27b685a810023184697
:065088001037bd4680bd9b
:020000040000fa
:020000040043b7
:1050900080b584b000af214b1b7ddbb2002b38d034
:1050a0001e4b5b68bb601d4b9b68fb600de01b4ba0
:1050b0001a68fb6813441a78194bdb691146184ac1
:1050c0000b43d361fb680133fb60154b5b6903f055
:1050d0000203022b03d1ba68fb689a42e7d80f4a51
:1050e000fb6893600d4b9b68ba689a4211d80b4bd2
:1050f00000221a750a4b4ff40072da60074bdb6826
:10510000002b06d0054b1b697b60044bdb6878687d
:10511000984700bf1037bd4680bd00bf706745206f
:04512000001a0e4023
:020000040000fa
:020000040043b7
:1051240080b582b000af786039607b683a689a6570
:105134007b6800221a627b6800225a627b68002224
:1051440083f828207b680022da627b6800221a65d3
:105154007b6800225a657b682022002118460df0e6
:10516400abfc7b6830332022002118460df0a4fcf0
:105174000b4978680bf02bf90a4978680bf027f98a
:10518400094978680bf023f9084978680bf01ff98e
:10519400074978680bf01bf900bf0837bd4680bd8e
:1051a40058c3410060c3410068c341007cc341004f
:0451b40084c341006f
:020000040000fa
:020000040043b7
:1051b80080b598b000aff860b9607a600121b8682e
:1051c8000af006faf865fb6d002b04d11949f86856
:1051d800fef7d8ff2be007f1540300221946f86dbb
:1051e8000df090fcb8657b6d1b78002b05d1bb6d6d
:1051f800002b02d0bb6d042b04d90f49f868fef7c9
:10520800c1ff14e0bb6d013b0c4a52f8233018462d
:105218000cf05cff07f11400bb6d094a40210cf04b
:1052280089ff07f114031946f868fef7abff6037ea
:10523800bd4680bd88e44000e0e34000607345203f
:04524800a0e440009e
:020000040000fa
:020000040043b7
:10524c0080b598b000aff860b9607a600121b86899
:10525c000af0bcf9f865fb6d002b04d11949f8680c
:10526c00fef78eff2be007f1540300221946f86d70
:10527c000df046fcb8657b6d1b78002b05d1bb6d22
:10528c00002b02d0bb6d042b04d90f49f868fef734
:10529c0077ff14e0bb6d013b0c4a52f823301846e3
:1052ac000cf01fff07f11400bb6d094a40210cf0f4
:1052bc003fff07f114031946f868fef761ff6037ea
:1052cc00bd4680bdc0e44000e0e340006073452073
:0452dc00d8e44000d2
:020000040000fa
:020000040043b7
:1052e00080b584b000af786039603b689b7803f08c
:1052f0000f03092b22d801a252f823f025534300b3
:1053000025534300255343002b534300315343009f
:105310003753430037534300375343003d53430053
:10532000375343000023fb7314e00523fb7311e0a4
:105330000123fb730ee00223fb730be07b681b6908
:10534000002b02d07b681b6900e0094b7a6813616f
:10535000002309e03b681b889bb21a46fb7b194679
:10536000786806f025fd034618461037bd4680bd17
:04537000000a4300ec
:020000040000fa
:020000040043b7
:1053740080b58ab000aff860b9607a60bb68002b72
:1053840002d07b68002b02d16ff0150334e00023b8
:105394007b6207f12403fa681949184607f0f5fc03
:1053a400034683f00103dbb2002b02d06ff0150338
:1053b40022e07b681a687b6a9a4202d26ff04a0341
:1053c4001ae07a6a07f11003b968184609f090f8f0
:1053d40007f11003fa680a49184600f0a0fc0346d6
:1053e40083f00103dbb2002b02d06ff0150303e05e
:1053f4007a6a7b681a60002318462837bd4680bd48
:04540400d4ec4300a1
:020000040000fa
:020000040043b7
:1054080080b584b000af786039607b68002b02d02b
:105418003b68002b02d16ff0150335e03b6893f829
:105428002030002b04d03b6893f82030082b02d999
:105438006ff0150328e00023fb600be03b68fa6877
:1054480053f82230002b02d16ff015031ce0fb68e3
:105458000133fb603b6893f820301a46fb6893429f
:10546800ecdb2822002178680df024fb7b682422dd
:10547800396818460df0c6f87b68012283f82420a5
:10548800034802f031fe002318461037bd4680bda0
:04549800c8194200ed
:020000040000fa
:020000040043b7
:10549c0080b582b002af1b4b5a6e1a4bdb6e9bb2bf
:1054ac0000931346184a0121184804f06ffb154b62
:1054bc009a6e144b1b6f9bb200931346144a022135
:1054cc00144804f063fb0f4b002283f874200d4b3f
:1054dc00002283f875200b4b00229a67094b00229f
:1054ec00da67084b19460c480bf08cfb054b194638
:1054fc000a480bf073fb0a4be1229a600023184612
:10550c00bd4680bd44704520a82744004870452006
:10551c00b4274400787045207133430003be430028
:04552c00001a0e4013
:020000040000fa
:020000040043b7
:1055300080b588b000aff860b9607a603b60fb6806
:105540005b68fb61fb681b7f03f00103002b22d02b
:105550007b687b617b697a689a420cd04ff080034c
:1055600072b683f31188bff36f8fbff34f8f62b6ac
:10557000bb6100bffee73a68bb6a9a4208d307f1f5
:105580001401fb690422f868f8f776fef86108e078
:1055900000237b6005e07a683b68934228bf13468e
:1055a0007b607b68002b08d0fb697a68b968f86873
:1055b000f8f762fe0246fb685a607b68184620379f
:0455c000bd4680bda7
:020000040000fa
:020000040043b7
:1055c40080b58ab004af00237b6101f021fd1d4b3f
:1055d4001b68002b21d00023fb600023bb603a1d15
:1055e40007f1080107f10c0318460af099f97968e4
:1055f400bb68fa68029201930423009300230a46cd
:105604001149124807f02afe0346114a1360104b51
:105614001b68002b01d001237b617b69002b0cd11b
:105624004ff0800372b683f31188bff36f8fbff31b
:105634004f8f62b63b6100bffee77b69184618379f
:10564400bd4680bdb86b4520582e4400011344006c
:04565400bc6b4520c6
:020000040000fa
:020000040043b7
:1056580080b588b000aff860b9607a603b6000231d
:10566800fb610023bb61bb68002b01d11c4bbb60f5
:105678007b68002b01d11a4b7b603b68002b01d162
:10568800174b3b60bb68002b03d0bb681b68002b23
:1056980001d1012300e000237b617b69002b06d048
:1056a80007f110031a46b968f86805f045fcfa696d
:1056b8007968f86809f017faba693968f86809f07a
:1056c80031fa7b69002b06d107f110031a46b96835
:1056d800f86805f031fc00bf2037bd4680bd00bf2b
:0456e80004c74300b0
:020000040000fa
:020000040043b7
:1056ec0080b586b002af0346fb71214b1b79012bb1
:1056fc0033d11f4b1b69002b31d11d4b5a78fb79d1
:10570c001146184605f0d6fa0346002b29d106f0af
:10571c0025fa0346164a1361154b1b69002b22d040
:10572c00134b5978124b1b691a46f87900230093d6
:10573c0040f6cc33f7f7a0fe0346fb73fb7b83f0fc
:10574c000103dbb2002b0fd0094b1b69184608f084
:10575c00bdfb074b00221a6106e000bf04e000bf4e
:10576c0002e000bf00e000bf1037bd4680bd00bfa7
:04577c000467452059
:020000040000fa
:020000040043b7
:1057800090b58bb004aff860b9607a60fb68002b0d
:1057900002d07b68002b01d1002336e000237b611f
:1057a0007b68db68002b19d07b681b69002b15d048
:1057b0007b6818687b685c687b689b687a68d268dd
:1057c00079680969029101920093bb6822460146fb
:1057d000f86807f045fd03467b6115e07b681968b2
:1057e0007b685b689bb218467b689b6807f1140274
:1057f00001920093bb680246f86807f06cff03460d
:10580000012b01d0002300e07b6918461c37bd4600
:0258100090bd49
:020000040000fa
:020000040043b7
:1058140080b489b000aff860b9607a607b68002b0f
:1058240001d11d4b7b60bb68002b01d11b4bbb60be
:105834000023fb617b685b00ba68b2fbf3f37b6116
:105844007b69032b38bf0323033b7b617a69fb69c4
:1058540022fa03f3bb61bb69ff2b08d9fb6901334f
:10586400fb61fb69062be5d9ff23bb6100e000bfa8
:10587400bb69dab2bb691b029bb21a43fb691b0406
:1058840003f4e0231a43fb681a6100bf2437bd46c2
:105894005df8047b704700bfa086010080d1f0084a
:020000040000fa
:020000040043b7
:1058a40080b584b000af204b93f82c30dbb2002bd2
:1058b40035d01d4bdb69bb601b4b1b6afb600ae0e8
:1058c4001a4b9969184b9a69fb681344cab21a7047
:1058d400fb680133fb60154b5b6903f00103012b8b
:1058e40003d1ba68fb689a42ead80f4afb6813628c
:1058f4000d4b1b6aba689a4211d80b4b002283f8ed
:105904002c200a4be122da60074b5b6a002b06d09d
:10591400054b9b6a7b60044b5b6a7868984700bfc1
:105924001037bd4680bd00bf70674520001a0e4089
:020000040000fa
:020000040043b7
:1059340080b5a6b000aff860b9607a600121b8689c
:1059440009f048fec7f89400d7f89430002b04d12e
:105954001849f868fef718fc28e000220021d7f85f
:1059640094000df0d1f8034687f8933097f89330fc
:10597400013bdbb20f2b04d90f49f868fef704fc96
:1059840014e097f89330013bdbb218460bf02efa83
:1059940097f8933007f11000084a80210cf0ccfbf3
:1059a40007f110031946f868fef7eefb9837bd4679
:1059b40080bd00bfd0e24000f0e2400000e34000c0
:020000040000fa
:020000040043b7
:1059c40080b5a6b000aff860b9607a600121b8680c
:1059d40009f000fec7f89400d7f89430002b04d1e6
:1059e4001849f868fef7d0fb28e000220021d7f818
:1059f40094000df089f8034687f8933097f89330b4
:105a0400013bdbb20f2b04d90f49f868fef7bcfb4e
:105a140014e097f89330013bdbb218460bf0faf927
:105a240097f8933007f11000084a80210cf084fbaa
:105a340007f110031946f868fef7a6fb9837bd4630
:105a440080bd00bf20e34000f0e2400040e340009e
:020000040000fa
:020000040043b7
:105a540080b584b000aff9f70ffdf860fb68012b47
:105a640002d1fff7adfdf860fb68012b18d14ff0b0
:105a7400800372b683f31188bff36f8fbff34f8f28
:105a840062b6bb6000bf124b4ff0ff321a60114b7d
:105a940001221a60104b00221a60eef7fbfa10e0a4
:105aa400fb68b3f1ff3f0cd14ff0800372b683f370
:105ab4001188bff36f8fbff34f8f62b67b6000bf57
:105ac400fee7064b1b6800bf1037bd4680bd00bf14
:105ad400a46b4520906b4520886b45208c9943002e
:020000040000fa
:020000040043b7
:105ae40080b586b000aff860b9607a60fb68002bbf
:105af4000cd14ff0800372b683f31188bff36f8f1c
:105b0400bff34f8f62b63b6100bffee7fb685b6883
:105b14007b61164b1b687a69da61144b1b687a69de
:105b240092681a62114b1a687b699b6818325a6032
:105b34000e4b1b6803f118027b699a600b4b1b68c0
:105b4400fa689a62fb681b685a1cfb681a607b68d7
:105b5400002b02d04ff0ff33bb607968b868f6f7ca
:105b640027fc00bf1837bd4680bd00bf746b4520bd
:020000040000fa
:020000040043b7
:105b740080b586b000aff860b9607a60fb68002b2e
:105b840006d0bb68002b03d0fb685b78012b09d0df
:105b9400194b1b78002b03d018490020f9f7c8fad9
:105ba400002324e0fb681b7a03f00203002b08d0d7
:105bb400b968f868e8f7a0f80346002b01d0002381
:105bc40015e0fb685b89c3f30413dbb218460af0e3
:105bd4005dfe0246f8687b68b9688068ecf7d0fb24
:105be40078617b69002b0cbf01230023dbb21846cc
:105bf4001837bd4680bd00bfb0744520bc9f41002e
:020000040000fa
:020000040043b7
:105c040080b582b000af1c4b033323f003031a4664
:105c14001a4b1a60194b1b687b607b684ff4c8628f
:105c24001a807b6800225a807b6800221a714ff424
:105c3400c8600bf0abfb0346114a1360104b1b68a2
:105c440001221a710e4b1b684ff4c8621a800c4b68
:105c54001b684ff4c8625a80084b1b68094a1360da
:105c6400094b4ff4c862a3f8aa20084803f06efb5e
:105c740000bf0837bd4680bd4c2f4520186c452019
:105c84001c6c4520246c45203c5b4520206c452041
:020000040000fa
:020000040043b7
:105c940080b588b000af78607b68002b03d07b6848
:105ca4001b68002b01d1042335e07b681b7a082b89
:105cb40001d904232fe00023fb6110e07b681b7ae9
:105cc4005a1efb69d31a7a681344597a07f11002f1
:105cd400fb6913440a461a70fb690133fb617b6854
:105ce4001b7a1a46fb699342e8db7b685b681846bb
:105cf40007f07cfd7b6818687b681b7a07f1080253
:105d040007f11001f7f7b0fcb8617b685b681846cf
:0e5d140007f04afdbb6918462037bd4680bd2a
:020000040000fa
:020000040043b7
:105d220080b58ab000aff860b9607a6078680cf02c
:105d3200c3f9024607f11003b968184603f0b6fc2e
:105d4200034683f00103dbb2002b01d001232ae0da
:105d52007b699b7803f00f03082b0dd17b693a6aac
:105d62001946f86804f0a8f8034683f00103dbb291
:105d7200002b0fd0002316e07b693a6a1946f868b7
:105d820003f0a1ff034683f00103dbb2002b01d035
:105d9200002308e007f110031846f5f7e0fd03467b
:0e5da200002bd5d1012318462837bd4680bd01
:020000040000fa
:020000040043b7
:105db00080b48db000af0346b9607a60fb81bb68e8
:105dc000002b35d00023fb622ee0bb681b7987f8df
:105dd000273001233b6297f827203b6a9342b8bfe4
:105de0001346fb61bb68db78bb61bb681b889bb259
:105df0007b610023bb620de0bb6aba6903fb02f260
:105e00007b691a44fb899a4201d1bb6811e0bb6ae5
:105e10000133bb62ba6afb699a42edd3fb6a013374
:105e2000fb62bb681433bb60fa6a7b689a42ccd3ce
:0e5e3000002318463437bd465df8047b7047ea
:020000040000fa
:020000040043b7
:105e400080b586b004af194b7b6009f09ffe7b687c
:105e5000062283f828207b682233154a10681860d0
:105e600092889a807b6893f8273083f00103dab236
:105e70007b6883f827200f4b02930f4b019300237d
:105e800000930e4b0e4a0f497868faf76ffc786062
:105e900078680bf037fe0c4978680bf0c8fb78681f
:105ea00006f020fe00bf0837bd4680bda067452034
:105eb000b87445207d67420055c74300d48b41002c
:0c5ec0003c844100d4294100c9b84300d3
:020000040000fa
:020000040043b7
:105ecc0080b596b000aff860b9607a600121b8680f
:105edc0009f07cfb78651849f868fef751f97b6d81
:105eec00002b0ad11549f868fef74af9f8f732fa8f
:105efc001349f868fef744f915e00a220021786d81
:105f0c000cf0fefd386507f110003b6d0d4a402189
:105f1c000cf00ef907f110031946f868fef730f98a
:105f2c00386debf797f90849f868fef729f900bfc7
:105f3c005837bd4680bd00bf3cd3400054d3400011
:0c5f4c0064d3400074d34000dcd040005f
:020000040000fa
:020000040043b7
:105f580080b584b000aff860b9607a60fb681b68f0
:105f6800002b2bd0fb68da687b681a44fb689b68b7
:105f78009a420bd9fb681b69002b02d0fb681b698e
:105f880000e0144bfa68136100231ee0fb681b68ed
:105f98007a68b968f8689847034683f00103dbb26a
:105fa800002b0bd0fb681b69002b02d0fb681b6918
:105fb80000e0094bfa681361002306e0fb68da6821
:105fc8007b681a44fb68da60012318461037bd461f
:0c5fd80080bd00bfb8094300c4094300ad
:020000040000fa
:020000040043b7
:105fe40080b483b000af0023bb801e4b1b880133f9
:105ff4009ab21c4b1a801b4b1b884ff6ff729342bc
:1060040003d1184b4ff440421a800023fb711ee069
:10601400fb79154a52f823301b683b6011e03b685a
:10602400da8a104b1b889a4208d1bb880133bb80a3
:10603400bb88b3f5804fd8d300230de03b68db6801
:106044003b603b68002bead1fb790133fb71fb79a0
:10605400032bddd9034b1b8818460c37bd465df86e
:0c606400047b7047a26a4520a02c440079
:020000040000fa
:020000040043b7
:1060700080b586b002af03463960fb713b68002be8
:1060800004d03b68c3f30803002b01d000232de0ac
:10609000184b1b79012b0ad0174bbb60bb681b68e0
:1060a00003f00103002b00d000be00231ee0114bc3
:1060b0001a78fb791146184604f002fe0346002bbd
:1060c0000ad00d4bfb60fb681b6803f00103002b3b
:1060d00000d000be002309e0064b1978f8790023b0
:1060e000009300230022f7f7cdf90123184610375b
:0c60f000bd4680bd04674520f0ed00e0d7
:020000040000fa
:020000040043b7
:1060fc0080b48bb000af78600b46fb707b682a33a2
:10610c003b623b6a1b889bb2fb81fb890133fb849e
:10611c007b681b8dfa8c9a4201d10023fb847b682f
:10612c002c33fb61fb691b88bff35b8f9bb2bb817c
:10613c00bb897b83fa8c7b8b9a4218d07b685b6a19
:10614c007a682a327a617a69128892b27a817a896b
:10615c001344fa781a707b682a333b61fb8c3b81c1
:10616c003a893b69bff35b8f1a80012300e000235f
:0c617c0018462c37bd465df8047b7047c8
:020000040000fa
:020000040043b7
:106188004d43414e2054582074696d656f757400f5
:106198004d43414e205458206661696c6564000087
:1061a80043414e004d43414e3a206373705f636133
:1061b8006e5f6164645f696e7465726661636528a9
:1061c80029206661696c65643a2025640000000036
:1061d8004353505f43414e5f525800004d43414e78
:1061e8003a20785461736b4372656174652829207d
:1061f8006661696c656400004d43414e3a205b2539
:09620800735d2072656164790088
:020000040000fa
:020000040043b7
:106214002de9b00f85b000aff860f968c8170c46d7
:1062240005461b4901fb05f0002104fb01f1014473
:106234001748a4fb002319440b46104619460029ad
:1062440008da6ff07e43c3183b6041f100037b60c2
:10625400d7e900014ff000024ff00003420e42ea7a
:10626400c1124b160021d2f1000a61eb030b524616
:106274005b46084912eb010843f1000942464b46cc
:10628400104619461437bd46bde8b00f704700bf2d
:0862940000f90295807c814aab
:020000040000fa
:020000040043b7
:10629c0080b584b000af1e4b5b6903f0e003fb607c
:1062ac00fb68002b11d01a4be122da60194b00224b
:1062bc0083f82c20174b5b6a002b06d0154b9b6a7e
:1062cc00bb60144b5b6ab8689847114b5b6903f071
:1062dc000103012b08d1fff7dffa0e4b9b6a7b60a1
:1062ec000c4b5b6a78689847094b5b6903f00203b7
:1062fc00022b08d1fef7c6fe064b1b693b60054b13
:10630c00db683868984700bf1037bd4680bd00bfba
:08631c00001a0e4070674520d5
:020000040000fa
:020000040043b7
:1063240080b588b002aff8607a603b600b467b8131
:10633400fb68002b01d11a4b2ee07b68002b02d1a5
:106344006ff0150328e0fb689968fb68da687b89bd
:106354001846fff72bfd78617b69002b01d1114ba7
:106364001ae078680cf05cf9034601333b617b6901
:10637400db781a463b69934202d96ff04a030be07b
:106384007b699a7879893b6801933b6900937b68c0
:10639400f868e6f7f9f8034618461837bd4680bd95
:0863a40030f8ffff2df8ffffa8
:020000040000fa
:020000040043b7
:1063ac0080b58ab002aff860b9607a60bb685b7880
:1063bc001946786809f070fef861fb69002b07d06c
:1063cc00fb699b68002b03d0fb69db68002b06d1b3
:1063dc00124801f087fef86808f0a6f81be0104898
:1063ec0001f080fefb69da6813469b0013449b00a6
:1063fc00bb61fb69996842f2107300934ff47a7396
:10640c00ba69f86809f030fe78617b69002b02d01c
:10641c00044801f067fe2037bd4680bd6419420078
:08642c0084194200a819420086
:020000040000fa
:020000040043b7
:1064340080b485b000afeff30583fb60fb680f2bde
:1064440016d9194afb6813441b78fb72174b1b7847
:10645400fa7a9a420cd24ff0800372b683f3118811
:10646400bff36f8fbff34f8f62b67b6000bffee751
:106474000f4b1b6803f4e0620e4b1b689a420cd965
:106484004ff0800372b683f31188bff36f8fbff3ad
:106494004f8f62b63b6000bffee700bf1437bd46b6
:1064a4005df8047b704700bff0e300e0875e4520a1
:0864b4000ced00e05c6b4520db
:020000040000fa
:020000040043b7
:1064bc0090b585b000af78600b46fb707b685b894c
:1064cc001c1d0bf0f5ff03469c4202d94ff0ff3325
:1064dc002ee0fb78002b0cd07b6803f10c027b6860
:1064ec005b8904331946104605f0b8fe0346fb6081
:1064fc000ae07b6803f110027b685b891946104641
:10650c0005f0acfe0346fb60fb68184609f006fb81
:10651c000346fb607b685b8910337a681344fa6826
:10652c001a607b685b8904339ab27b685a810023ba
:08653c0018461437bd4690bd5e
:020000040000fa
:020000040043b7
:1065440080b584b000af786009f06afe20227968d3
:106554001b480cf059f8fcf7fffcf860fb68002bb3
:1065640001d0fb6827e0eef787f9f860fb68002ba1
:1065740001d0fb681fe009f021faf860fb68002bea
:1065840001d0fb6817e003f07bfef860fb68002b8a
:1065940001d0fb680fe00b4801f03eff084b1b786d
:1065a400ff22084918460af085fdff2205492020ec
:1065b4000af080fd002318461037bd4680bd00bf99
:0865c4009c6845202c72452063
:020000040000fa
:020000040043b7
:1065cc006373705f6e6577207061636b65742063b5
:1065dc00616c6c65642077697468204e554c4c2056
:1065ec007061636b657400006373705f6e65772018
:1065fc007061636b65742063616c6c656420776992
:10660c007468204e554c4c20696e746572666163db
:10661c00650000004552524f523a20526f75746912
:10662c006e6720696e707574204649464f206973f9
:10663c002046554c4c2e2044726f7070696e67204a
:08664c007061636b65742e00a0
:020000040000fa
:020000040043b7
:1066540090b587b000aff860b9607a6018e0fb6865
:106664001b7818460cf0e0fb0446bb681b78184600
:106674000cf0dafb0346e31a7b617b69002b01d043
:106684007b6925e0fb680133fb60bb680133bb60b9
:106694007b685a1e7a60002b07d0fb681b78002b9e
:1066a40003d0bb681b78002bd9d17b68b3f1ff3fc3
:1066b40001d100230ce0fb681b7818460cf0b4fbf6
:1066c4000446bb681b7818460cf0aefb0346e31a7d
:0866d40018461c37bd4690bdbd
:020000040000fa
:020000040043b7
:1066dc0080b588b000af03463960fb711b4b1b784b
:1066ec00fb713b689b78fb75fb7d03f00f03dbb202
:1066fc00092b0ad9164bbb61bb691b6803f001035c
:10670c00002b00d000be00231ce0124b5a793b68d2
:10671c003b611346fb73012383f00103dbb2002bb7
:10672c000ad00b4bfb61fb691b6803f00103002bc8
:10673c0000d000be002305e0fb7939681846ebf762
:10674c00efff034618462037bd4680bdcb6c452075
:08675c00f0ed00e08c66452021
:020000040000fa
:020000040043b7
:106764002de9b04384b000af7860396007f10803c5
:1067740019467868faf780f9034683f00103dbb21f
:10678400002b01d0002329e0d7e9022302f0010401
:10679400002554ea050313d0d7e902014ff00002a3
:1067a4004ff00003420842eac1724b086fea020844
:1067b4006fea030942464b463968c1e900230ce0fd
:1067c400d7e902014ff000024ff00003420842ea09
:1067d400c1724b083968c1e90023012318461037f8
:0667e400bd46bde8b083d4
:020000040000fa
:020000040043b7
:1067ec0008b5194b9847194b98470af033fa002013
:1067fc0000f0cafa09f040fa09f044f9144c154bb0
:10680c0023f07f03a360144b9847636913f4003f94
:10681c0012d1bff34f8fbff36f8f0022c4f85022f9
:10682c00bff34f8fbff36f8f626942f40032626126
:10683c00bff34f8fbff36f8f084b9847084b9847a8
:10684c000cf022f9fee700bf03e6410003e641002d
:10685c0000ed00e000c04000d5ad430003e6410070
:04686c0003e64100fe
:020000040000fa
:020000040043b7
:1068700080b588b000af78606423bb610bf0a2f8ec
:1068800078610123fb740023fb6125e0174afb6953
:106890001b01134408331b687a69d31afb60134a3f
:1068a000fb691b01134404331b68fa689a4210d930
:1068b0000e4afb691b0113440c331b68002b06d0e6
:1068c0000a4afb691b0113440c331b6898470023d9
:1068d000fb74fb690133fb61054b1b781a46fb69ae
:1068e0009342d3dbb86902f0d5fdc7e73c59452098
:0468f000f3544520f8
:020000040000fa
:020000040043b7
:1068f40080b582b000af78600b46fb70fb78052b47
:1069040026d801a252f823f0256943002f694300d9
:106914003d69430055694300556943004769430095
:10692400786808f0b3fc03461de00822002178686b
:10693400f8f73afd034616e0786808f0a6fb03462c
:1069440011e0042200217868f8f72efd03460ae0de
:106954007b68db68002b02d07b68db6800e0044bbb
:106964007a68d360002318460837bd4680bd00bf4f
:046974006472420007
:020000040000fa
:020000040043b7
:106978000fb480b5c2b000af1c4b1b680a21184683
:10698800e9f76eff0346012b27d107f58a7207f551
:106998008473a3f584731a6007f58473a3f584736d
:1069a800381d1b68d7f810214ff4807103f016fecc
:1069b800c7f80401d7f80431002b07dd0c4b186821
:1069c800d7f80421391d0023ecf7c6fc074b1868db
:1069d800002300220021e9f73dfe00bf07f5847778
:1069e800bd46bde8804004b0704700bf4c6b4520f1
:0469f800506b45207b
:020000040000fa
:020000040043b7
:1069fc0080b586b000aff860b9607a603b60002368
:106a0c007b61fb68ba685a60fb68fa681a61ba68fd
:106a1c007b689a4212d87a683b68d21afb689b69e9
:106a2c009a4202d301237b611be0104b1a68fb686e
:106a3c0004331946104601f047fe12e07a683b68b1
:106a4c009a4206d2ba683b689a4202d301237b6110
:106a5c0007e0074b1a68fb6804331946104601f02f
:106a6c0033fe7b6918461837bd4680bdb46b452094
:046a7c00b06b452096
:020000040000fa
:020000040043b7
:106a800090b587b002af78600123fb600023bb6044
:106a900018e01b4b5b7c1c467a68bb6802339b008a
:106aa00013445b6818460bf0e5fc0346e21a7b686a
:106ab000db6a5b009a4202dc0023fb6005e0bb68f6
:106ac0000133bb60bb68002be3ddfb68002b11d0fa
:106ad000786803f054fa0346002b0bd07b68db8bfd
:106ae0001a467b689b8c009313460222002178682b
:106af000e6f7bafe002318461437bd4690bd00bf26
:046b00009c68452028
:020000040000fa
:020000040043b7
:106b040080b584b000af78603960052008f070ff6c
:106b1400f860fb68002b16d139687868f9f7c2fd74
:106b240002463b68934203dc052008f061fff860ed
:106b3400fb68002b07d1114b9b8f01339ab20f4b8b
:106b44009a87002316e020220021f8680bf0b4ff96
:106b5400fb680f22da770a4b1a68fb681a60084a46
:106b6400fb681360fb6808331422796818460bf03d
:106b74004bfdfb6818461037bd4680bd3c5b452085
:046b8400146c452028
:020000040000fa
:020000040043b7
:106b880080b582b000af78607b68002b37d07b6817
:106b98001b7d002b33d07b681b7d0a2b2fd07b6895
:106ba8001b7d012b2bd07b689b6f002b07d07b684c
:106bb8009b6f1846fcf76bf87b6800229a677b6826
:106bc8005b6f002b02d078680af09af97b684ff661
:106bd800ff721a867b68db6e184609f09aff7b689d
:106be8001b6f184609f095ff7b680022da667b6800
:106bf800da6e7b681a677b680022a3f8682008377a
:046c0800bd4680bd48
:020000040000fa
:020000040043b7
:106c0c0080b582b000af382200211c480bf050ff39
:106c1c0000237b6012e07b6840f6cc3202fb03f36e
:106c2c0003f6c833164a13441a1d14497b680633fd
:106c3c009b000b445a607b6801337b607b68002ba4
:106c4c00e9dd00233b600ee03b6840f6cc3202fbf2
:106c5c0003f30b4a1a4409493b68023341f82320d9
:106c6c003b6801333b603b68002beddd034b01229d
:106c7c0083f8322000bf0837bd4680bd046745202d
:046c8c00a4df44201d
:020000040000fa
:020000040043b7
:106c900080b588b002aff860b9607a603b607b680d
:106ca00003f48073002b04d000233b604ff0ff33cc
:106cb0003b620023fb82bb681b683b6119e0fb68f9
:106cc00099683a6913469b0013449b0019447b6af8
:106cd00001933b6a00933b687a68f868ecf7c9fd5a
:106ce0000346fb82b7f91630002b08d13b6901330c
:106cf0003b61fb68db683a699a42e0d300e000bf81
:106d0000bb683a691a60b7f9163018461837bd469d
:026d100080bd44
:020000040000fa
:020000040043b7
:106d120080b48bb000af786039607b682c333b6203
:106d22003b6a1b889bb27b827b8afb847b682a330b
:106d3200fb61fb691b88bff35b8f9bb23b823b8a83
:106d42007b837a8bfb8c9a421cd07b685a6afb8cc1
:106d520013441a783b681a70fb8c0133fb847b68fe
:106d62001b8dfa8c9a4201d10023fb847b682c3361
:106d72007b61fb8cfb81fa897b69bff35b8f1a8095
:106d8200012300e0002318462c37bd465df8047b42
:026d9200704748
:020000040000fa
:020000040043b7
:106d9400174b184a5a601a46936813f0010ffbd038
:106da400134bdb68144a1360c3f3c11383421dd031
:106db40010f0020f0cbf0c220b22104b13430c4a91
:106dc4005360936813f0010ffbd000f00100c0f191
:106dd4000c000b4b18600b4b0343054a536093683c
:106de40013f0010ffbd0084b084a1a60704700bf2c
:106df400000c0e400d00005af46a45200008005aa9
:106e0400f86a45200007005a00180e40010000a54a
:020000040000fa
:020000040043b7
:106e140080b582b000af0bf049ff78607b68002b2f
:106e240022d040f6131214497868f5f7c5fb0346df
:106e3400fb7097f90330002b0dd1ff2178680af01d
:106e440005fc78600d49786809f034fb0c490d485d
:106e540009f056f90ce00c490a4809f051f979682f
:106e6400022008f047fb03e00849064809f048f906
:106e740000bf0837bd4680bd04c74300ede64200ad
:106e840058554200001a0e407c5542009855420065
:020000040000fa
:020000040043b7
:106e940090b589b000aff860b9603b601346fb71f0
:106ea4003b681b691b68fb61fb689b687b6122e094
:106eb400fb691b681b68002b0ad0fb691b681c68f4
:106ec400fb79ba68f969f868a0470346fb7607e0de
:106ed400fb79ba68f969f86804f03fff0346fb766a
:106ee400fb7e83f00103dbb2002b01d000230be017
:106ef400fb699b68fb61fb69002b04d0fb689b6802
:106f04007a699a42d4d0012318462437bd4690bded
:020000040000fa
:020000040043b7
:106f140080b58ab004aff860b9607a603b607b6882
:106f24009b001846e4f780ff38613b69002b13d0bf
:106f34005c20e4f779ff78617b69002b08d05c2240
:106f4400002178690bf0b8fd7b693a691a6305e0a2
:106f54003869f6f7a1f901e000237b617b69002b16
:106f640011d07b69002283f85920002303937b69a5
:106f740002937b6a01933b6a00933b687a68b96821
:106f8400f868f3f75ff87b6918461837bd4680bd8b
:020000040000fa
:020000040043b7
:106f940080b582b000af00237b600ce07a681346b2
:106fa4009b0013449b00124a1344184607f0e0fa6e
:106fb4007b6801337b607b68042befd90d4807f0b5
:106fc400d7fa0d4807f0d4fa0c4807f0d1fa0c4868
:106fd40007f0cefa0b4807f0cbfa0b4b054a1a60c0
:106fe4000a4b054a1a6000bf0837bd4680bd00bf82
:106ff400a0614520486945205c69452070694520a9
:107004008469452098694520786b45207c6b452030
:020000040000fa
:020000040043b7
:1070140080b582b002af02f083fc154b1b68002bd5
:1070240020d1144807f0a4fa134807f0a1fa134b2f
:10703400104a1a60124b104a1a6000230093114b35
:10704400114a10210520f9f711f80346084a136084
:10705400074b1b68002b05d0054b1b680b491846d2
:10706400fcf704ff04f052f900bfbd4680bd00bf29
:10707400b86b4520ac694520c0694520b06b4520fc
:10708400b46b4520d864452088644520602e4400b4
:020000040000fa
:020000040043b7
:1070940080b582b000af786039607b683968184683
:1070a400fdf746fa0346002b0bda164b1b78002b30
:1070b40003d015490020f8f73bf83868f6f73cfc94
:1070c4001de07b681b69002b19d07b681b69391d87
:1070d4000022184609f0eefe0346012b0cd0094ba2
:1070e4005b78002b03d009490120f8f721f87b686d
:1070f40018460bf014f802e07b6800221a61083786
:10710400bd4680bdb074452064d7430084d7430096
:020000040000fa
:020000040043b7
:1071140080b584b000af786039600023fb607b6881
:10712400002b03d07b685b78012b01d000232be07c
:107134003b68002b0dd07b681b7903f00203002b06
:1071440007d07b681b6b3a689a4202d27b681b6b40
:107154003b607b68db6807f10c013a68184609f06c
:1071640083ff0346012b01d000230de07b681b79cc
:1071740003f00203002b06d07b689b6b002b02d02c
:107184007868fff77bfcfb6818461037bd4680bd66
:020000040000fa
:020000040043b7
:1071940090b585b000af78607b68db6e002b2ed095
:1071a4007b68db6efb6002e0fb681b68fb60fb68ce
:1071b4001b68002bf8d1fb68db689b899bb21846df
:1071c40009f0bcfb0346dbb203f00703002b16d126
:1071d400fb68db689b899cb2012009f0affb034686
:1071e4001a46fb68db68224392b29a817b685b8b08
:1071f40043f020039ab27b685a83002304e0012100
:107204007868eff76fff034618461437bd4690bd04
:020000040000fa
:020000040043b7
:1072140080b582b000af0346fb71fb7918460bf0d2
:10722400dbf9194b194ac3f8002800bf164bd3f8f1
:10723400043803f48043002bf8d0134b1b68124a24
:1072440023f440631360104b19229a610e4b1c22e5
:107254009a600d4bdb680c4a43f00103d3600a4b80
:1072640010229a60084b1b68074a23f4807313604a
:10727400054bd3f80038044a43f48043c2f800387d
:1072840000bf0837bd4680bd008003400080000277
:020000040000fa
:020000040043b7
:1072940080b584b000af03463960fb71fb79012be4
:1072a40003d83b681b78002b0ad1174bbb60bb6823
:1072b4001b6803f00103002b00d000be00231fe075
:1072c400fb793a681178114ad1543b681b78012b39
:1072d40015d1fb7939681846e9f7c8fb034683f0f2
:1072e4000103dbb2002b0ad0074bfb60fb681b6871
:1072f40003f00103002b00d000be002300e00123b3
:1073040018461037bd4680bdf0ed00e0c46c452042
:020000040000fa
:020000040043b7
:1073140080b485b000af786039607b68fb607b68bf
:10732400b3f1ff3f02d07b68002b01d1012328e099
:107334003b6893f8293003f00203002b01d10023aa
:107344001fe03b681b687a689a4201d1002318e069
:10735400fa683b681b685a403b6804331b68134057
:10736400002b0dd13b6804331b68da437b681a4059
:107374003b6804331b68db439a4201d1012300e0dc
:0e738400002318461437bd465df8047b7047a1
:020000040000fa
:020000040043b7
:1073940080b500af194b01229a6100bf174b9b695e
:1073a40003f00103012bf9d1144b9b69134a43f0f9
:1073b40002039361114b124ada61104b0022c3f8a5
:1073c40080200e4b9b690d4a23f00103936100bf9b
:1073d4000a4b9b6903f00103012bf9d0074b0022f0
:1073e4009a65064b0122da65044b064a5a651c214c
:1073f400054807f02dfe00bf80bd00bf00400340dc
:0c7404001d58003afffdc23ff86845200b
:020000040000fa
:020000040043b7
:1074100080b500af134b1b78dbb2002b01d00023eb
:107420001ee0114b00221a60104b00221a60104b14
:1074300000221a600f4b00221a600f4b00221a60c4
:107440000e4b00221a600e4b0e4a1a604ff48072e7
:1074500000210d480bf032fb024b01221a70002371
:10746000184680bd2f564520106b4520146b4520d3
:10747000186b45201c6b4520206b4520246b452054
:0c748000c8744520efbeadde3c5a45202c
:020000040000fa
:020000040043b7
:10748c0080b485b000af78600b467b807b68002ba6
:10749c0002d07b88002b02d14ff6ff7328e000232b
:1074ac00fb810123bb81ba897b889a4213d0fb896b
:1074bc007a6813441b78002b09d1bb890133bb813b
:1074cc00fb8901337a6813441b78002b05d0fb89a8
:1074dc000133fb81e7e700bf00e000bffb897a685e
:1074ec0013441b78002b01d0fb8901e04ff6ff738e
:0c74fc0018461437bd465df8047b70474d
:020000040000fa
:020000040043b7
:1075080080b584b000aff8600b467a60fb727b6888
:107518005b689b7803f0c003802b0ed0802b1cdcab
:10752800002b02d0402b10d017e0fb7a7a6819465e
:10753800f868e6f76ff803461ae0fb7a7a681946a6
:10754800f86808f01bf9034612e0fb7a7a681946d6
:10755800f868f3f74ffe03460ae0fb68db68002b88
:1075680002d0fb68db6800e0034bfa68d3600023b5
:0c75780018461037bd4680bda0724200ce
:020000040000fa
:020000040043b7
:1075840080b586b000aff860b9607a6000237b6193
:107594007b687b617b68002b06d100220021f868a0
:1075a40006f03ffd034623e0bb689b7803f0c0036d
:1075b400002b14d17b691b880233ba68b2f8072008
:1075c40092b293420bd9fb681b69002b02d0fb6873
:1075d4001b6900e0084bfa681361002308e07b692b
:1075e400991c7b691b881a46f86806f01afd034645
:0c75f40018461837bd4680bd4c0a430005
:020000040000fa
:020000040043b7
:1076000080b586b000aff860b9607a603b600af080
:1076100059fe38613b69002b06d0fb68002b03d074
:10762000fb681b78002b06d13b68002b22d03b68ff
:1076300000221a601ee0fb687b6108e07b691b7812
:107640001946386905f0deff7b6901337b617b6990
:107650001b78002bf2d10d21386905f0d3ff796832
:10766000b86804f061fd3869f2f7a3fe386803f0ea
:0c767000e5f900e000bf1837bd4680bd02
:020000040000fa
:020000040043b7
:10767c0080b485b000af78607b685b6a7a68128de5
:10768c001344fb607b68db6a7a68528e40f6683183
:10769c008a4228bf0a4692b21344fa68d31a002bc6
:1076ac0008db7b681a8d7b685a857b68db6afa6815
:1076bc00d31a15e07b685a6a7b68db6ad31a002bf5
:1076cc0003dd7b6800225a8509e07b68da6a7b68f7
:1076dc005b6ad31abb60bb689ab27b685a8500237d
:0c76ec0018461437bd465df8047b70475b
:020000040000fa
:020000040043b7
:1076f80080b584b000af786039607b68002b2ad0f1
:107708007b681b68002b26d0154b1b6819467868c8
:1077180006f078fb134b1b681946786806f072fb75
:107728003b68002b17d03b681b68002b13d00e4b0f
:107738001b68fb600ce0fb681a687b681b689a4250
:1077480003d13b681a68fb681a60fb68db68fb605a
:10775800fb68002befd100bf1037bd4680bd00bfce
:0c7768006c6c4520646c4520686c45206a
:020000040000fa
:020000040043b7
:1077740080b586b000aff860b9607a603b603b8c3e
:10778400184609f0dbf80346fb820e21b8680af0bc
:10779400edfa0346002b19d1bb685b683b613b697a
:1077a400fa8a9a813b690622396818460af02cff46
:1077b4003b6906330622796818460af025fffb6800
:1077c4005b69b968f8689847034608e000bf064b50
:1077d4005b8901339ab2044b5a816ff00103184656
:0c77e4001837bd4680bd00bf3c5b45204f
:020000040000fa
:020000040043b7
:1077f00080b584b000af03460a46fb711346bb71e7
:10780000184b1b78fb71bb793b733b7b03f00f0379
:10781000dbb2fb73bb797b737b7bdb09dbb2bb73b6
:10782000ba79fb791146184605f0f4f9fa7bbb7b6f
:107830000d4952000a44134403f12802d37843f05f
:107840000203d370fa7bbb7b074952000a441344fe
:1078500003f12802d37843f00103d37000bf10373f
:0c786000bd4680bdcb6c45208c664520e9
:020000040000fa
:020000040043b7
:10786c0080b584b000af03460a46fb711346bb716a
:10787c00184b1b78fb71bb793b733b7b03f00f03fd
:10788c00dbb2fb73bb797b737b7bdb09dbb2bb733a
:10789c00ba79fb791146184605f0dcf9fa7bbb7b0b
:1078ac000d4952000a44134403f12802d37823f003
:1078bc000203d370fa7bbb7b074952000a44134482
:1078cc0003f12802d37823f00103d37000bf1037e3
:0c78dc00bd4680bdcb6c45208c6645206d
:020000040000fa
:020000040043b7
:1078e8002de9ff471d460c9b13f0010806460f467d
:1078f800144601d195420bd822463946304607f046
:107908002ffba54204d82546284604b0bde8f087d9
:10791800a5eb04094a46102a28bf102220216846f0
:10792800ca460bf0c7f800bfbaf10f0f0ed809f01e
:107938000f026946304607f013fbb8f1000fe3d198
:1079480022463946304607f00bfbdde71022694630
:0c795800304607f005fbaaf1100ae5e735
:020000040000fa
:020000040043b7
:1079640080b584b000af786039600af009f9034645
:10797400fb7309f089fd0346bb73fb7b002b07d027
:10798400bb7b83f00103dbb2002b01d0012300e0b9
:10799400002303f00103dbb283f00103dbb2002b0d
:1079a40002d06ff0070314e03b681b89184602f00d
:1079b40087fd0346002b05d000213868faf720fc28
:1079c400002306e000214ff0ff30dff75dfb00bf2e
:0a79d400cbe718461037bd4680bd12
:020000040000fa
:020000040043b7
:1079de0080b487b000af78607b683b613b69002b59
:1079ee000cd14ff0800372b683f31188bff36f8f03
:1079fe00bff34f8f62b6bb6000bffee73b691b68eb
:107a0e00fb603b699a683b691b6813447b613b6969
:107a1e005b687a69d31a7b613b691b68fa689a4284
:107a2e00ecd17b69013b7b613b699b687a699a4229
:107a3e0004d33b699b687a69d31a7b617b691846cc
:0a7a4e001c37bd465df8047b70474d
:020000040000fa
:020000040043b7
:107a580080b588b000aff860b9607a603b60fb68b9
:107a68001b68bb61fb681b7f03f00103002b13d06d
:107a780007f11001bb690422f868f6f7a3feb861a4
:107a88003b69fb613b68043b3b60fa697b689a424f
:107a980004d90023fb6101e07b68fb613a68fb695c
:107aa800934228bf13467b617b69002b08d0bb69d2
:107ab8007a69b968f868f6f785fe0246fb681a60c5
:0a7ac8007b6918462037bd4680bddb
:020000040000fa
:020000040043b7
:107ad4004d617220323420323032360031373a333d
:107ae400313a3136000000006373705f636c6f637a
:107af4006b5f7365745f74696d65287365633d2599
:107b04006c752c206e7365633d256c752920666148
:107b1400696c65642c206572726f723a202564006a
:107b2400534552564943453a2050696e6720726561
:107b340063656976656400004e6f7420656e6f75c9
:0a7b44006768206d656d6f727900af
:020000040000fa
:020000040043b7
:107b4e0080b485b000af78600b46fb700023fb73ea
:107b5e0007233b730023bb7323e0bb7b7a6813447c
:107b6e001a78fb7b5340fb7300237b7313e097f96a
:107b7e000f30002b09da97f90f305b005ab297f9e4
:107b8e000c3053405bb2fb7302e0fb7b5b00fb737c
:107b9e007b7b01337b737b7b072be8d9bb7b01336c
:107bae00bb73ba7bfb789a42d7d3fb7b184614374c
:087bbe00bd465df8047b704731
:020000040000fa
:020000040043b7
:107bc80080b582b000af78600af018f9fcf782fe41
:107bd800e0f758f800f05cfe06f088fb134b4ff412
:107be80000425a60124b4ff400425a60fff7cefb36
:107bf80005f060fe03f010fe05f07efe05f09efe27
:107c080005f0befe07f086fd03f0b2fd03f0dafdd5
:107c180004f04efd074809f0a0fc08f017f8fbf740
:107c2800f7fa00bf0837bd4680bd00bf00190e40f7
:087c380050180e409074452025
:020000040000fa
:020000040043b7
:107c400080b596b000af78600023a7f85630184b87
:107c5000186807f10c0164234022eef7effef86488
:107c600003f022fafb6c002bf1d000233b651ae0f5
:107c700007f10c023b6d13441b7819460d4804f0c4
:107c800073feb7f856300133a7f85630b7f85630c0
:107c90007e2b05d90023a7f856300a2001f0fafb05
:107ca0003b6d01333b653a6dfb6c9a42e0d3cee706
:087cb000506b4520001a0e4044
:020000040000fa
:020000040043b7
:107cb80080b582b000af786039607b689b68002b24
:107cc8000bd17b68db68002b02d07b68db6800e0a7
:107cd800134b7a68d36000231de07b681b68012280
:107ce800396878689847034683f00103dbb2002bb4
:107cf8000bd07b68db68002b02d07b68db6800e078
:107d0800084b7a68d360002305e07b689b685a1e9d
:107d18007b689a60012318460837bd4680bd00bfbe
:087d280038724200487242006b
:020000040000fa
:020000040043b7
:107d30000100010000000004000000000000000a33
:107d400000370400fcff98000000440544000b00cd
:107d500037fffffcffa8000000accc43000c00374d
:107d6000fffffcff01000000f02c44000d0037ff76
:107d7000fffcff18000000d81c44000e0037ffff76
:107d8000fcff10000000740544000f0037fffffceb
:107d9000ff18000000f81c44000000000000000074
:087da0000000000000000000db
:020000040000fa
:020000040043b7
:107da80080b586b000af786039603b68002b0cd096
:107db8004ff0800372b683f31188bff36f8fbff360
:107dc8004f8f62b6fb6000bffee77b68002b02d1d5
:107dd800104b1b6800e07b683b6101f09ffd3a692e
:107de8003b68134458331b78dbb2022b08d13a693d
:107df8003b681344583300221a7001237b6101e069
:107e080000237b6103f080fa7b6918461837bd466a
:087e180080bd00bf746b452022
:020000040000fa
:020000040043b7
:107e200080b586b002aff8607b600b46fb721346ec
:107e3000bb727b681b79ff2b0fd1144b1b78002b77
:107e40001ed0fa7ab97a7b681b681b6800930b46d0
:107e50000f490020f7f76ef912e00c4b1b78002b4e
:107e60000ed0f97ab87a7b681b681b687a68127939
:107e70000192009303460a4606490020f7f75af993
:107e8000012318461037bd4680bd00bfb0744520a1
:087e900050d642005cd642000e
:020000040000fa
:020000040043b7
:107e980080b582b000af786039603b681b7b03f027
:107ea8000403002b0fd0154b1b78002b03d014496b
:107eb8000020f7f73bf97b689b6a5a1c7b689a623b
:107ec8006ff0040316e03b681b7b03f00803002bec
:107ed8000fd00a4b1b78002b03d00a490020f7f774
:107ee80025f97b689b6a5a1c7b689a626ff00403c9
:107ef80000e0002318460837bd4680bdb074452011
:087f0800b8ec410018ed410046
:020000040000fa
:020000040043b7
:107f100080b584b000af78607b681b7b03f01003f2
:107f2000002b01d100232be07b685b89072b01d854
:107f3000002325e07b685b89083b10337a68134493
:107f4000fb607b685b89083b9ab27b685a81fb685f
:107f50001b6818460af0befa0246fb681a60fb6806
:107f60005b6818460af0b6fa0246fb685a60fb687e
:107f70001a68fb685b689a4201d9002300e0fb683d
:087f800018461037bd4680bd14
:020000040000fa
:020000040043b7
:107f880080b586b000af7860786809f00ffa0346cc
:107f9800fb827b681b88184609f0f6f938617b6814
:107fa8005b88184609f0f0f9f8607b681b88b3f520
:107fb800c86f18d87b685b88b3f5c86f13d87b681f
:107fc8005b88fa8a9a4204d0fb681b88fa8a9a422c
:107fd80009d1084b1b683a699a4206d03b695b880d
:107fe800fa8a9a4201d0002300e001231846183784
:087ff800bd4680bd1c6c452054
:020000040000fa
:020000040043b7
:108000002de9f84f0446dde90a9a6668d4f80c8039
:1080100024690c9f013c1946002e4ff00003d7f84d
:1080200000b008f804301046b8bf01264d460123c1
:10803000002c03dcdbb12046bde8f88f50ea0102da
:1080400009d1a6eb09022a44002a04dc002df1dd47
:108050001bf0020feed052464feaea7308f08af99d
:10806000013c1346303208f80420013de0e73b684c
:0880700023f010033b60dee782
:020000040000fa
:020000040043b7
:1080780080b588b000aff8600b467a60fb72fb7a77
:10808800fb75fb681868fb68197907f1170201236b
:10809800f6f70eff0346fb61fb69002b01d00123b5
:1080a8001de00023bb82fb681868fb68197907f19b
:1080b80014020223f1f76ef90346bb61bb69002b7a
:1080c80001d002230be03b7d1ab27b7d1bb21b0261
:1080d8001bb213431bb29ab27b681a80002318465e
:0680e8002037bd4680bdfb
:020000040000fa
:020000040043b7
:1080f00080b586b000af7860194b1b78dbb283f097
:108100000103dbb2002b01d0062324e07b68002ba7
:1081100001d101231fe000237b617b683b6105e007
:108120007b6901337b613b6901333b613b691b78b0
:10813000002b02d07b697f2bf2d97b69002b01d108
:10814000042308e00af056faf860fa68796978685a
:10815000edf78cff034618461837bd4680bd00bfbb
:048160002f56452031
:020000040000fa
:020000040043b7
:1081640090b585b000af7860396007f10c0319460b
:10817400786809f064fd034683f00103dbb2002b49
:1081840001d0002320e03a687b6814460fcb84e8d2
:108194000f003b689a68fb689a420bd27b68db68e5
:1081a400002b02d07b68db6800e0094b7a68d3605f
:1081b400002309e0fa683b689a607b689a68fb6868
:1081c400d21a7b689a60012318461437bd4690bdc5
:0481d400787242007b
:020000040000fa
:020000040043b7
:1081d80080b582b000af78600b467b807b68002b4f
:1081e80002d07b88002b01d1012320e006f0bef8e5
:1081f8000346002b01d0022319e00f4b00225a70ce
:108208000e4b4ff080525a637b887a6801210c48e4
:10821800f0f7ccfd034683f00103dbb2002b05d059
:10822800064b4ff080521a63012300e000231846e2
:108238000837bd4680bd00bfc86c452000140e40fd
:04824800976a4520cc
:020000040000fa
:020000040043b7
:10824c0080b485b000af78607b68002b0cd14ff008
:10825c00800372b683f31188bff36f8fbff34f8f18
:10826c0062b6bb6000bffee70023fb6016e0104a5d
:10827c00fb68db0013445b687a689a420bd10c4aaa
:10828c00fb68002142f83310094afb68db001344f9
:10829c0000225a6006e0fb680133fb60fb68072b89
:1082ac00e5d900bf00bf1437bd465df8047b7047ad
:0482bc000c664520e7
:020000040000fa
:020000040043b7
:1082c00080b584b000af78607b68002b07d07b68f6
:1082d0001b68002b03d07b685b68002b02d16ff01a
:1082e000010321e07b685b68fb60fb685b68002b37
:1082f00002d16ff0010317e07b681b8a002b05d0c9
:108300007b681b8a40f2fa72934203d97b6840f281
:10831000fa721a82fb6800221a607b68044ada60eb
:10832000786800f07bf8034618461037bd4680bddc
:04833000852c420056
:020000040000fa
:020000040043b7
:1083340080b584b000af78607b68002b23d07b6865
:10834400083bfb60fb6803f00303002b1dd1fb68b3
:108354005a68fb689a421ad1fb681b68002b18d034
:10836400fb681a68013a1a601b68002b13d10023ba
:10837400bb600b4b1b6807f1080207f10c011846a0
:1083840009f031f908e000bf06e000bf04e000bfd7
:1083940002e000bf00e000bf1037bd4680bd00bf53
:0483a400e06b452025
:020000040000fa
:020000040043b7
:1083a80080b485b000af786039607a683b68134064
:1083b8007b600023fb601be0144b1a68fb685421a8
:1083c80001fb03f31344bb60bb685b78012b0cd142
:1083d800bb681b78002b08d1bb685a683b68134000
:1083e8007a689a4201d1bb6809e0fb680133fb60f7
:1083f800074b1b7c1a46fb689342dddb00231846bb
:108408001437bd465df8047b704700bfe86b452014
:048418009c684520f7
:020000040000fa
:020000040043b7
:10841c0080b584b000af78607b680022da63184bbb
:10842c001b68002b03d1164a7b68136022e00023e3
:10843c00fb60134b1b68bb6016e0ba687b689a4202
:10844c000ad07b681868bb681b680a221946fef7bd
:10845c00fbf80346002b02d16ff006030be0bb6860
:10846c00fb60bb68db6bbb60bb68002be5d1fb68ba
:10847c007a68da63002318461037bd4680bd00bf0a
:04848c00f86b452024
:020000040000fa
:020000040043b7
:1084900080b483b000af7860184bdb7c1a467b68f1
:1084a000934201d9002322e0154b1a687b68db0058
:1084b00013441b78012b06d1114b1a687b68db0033
:1084c00013445b6813e00e4b1a680c4bdb7c0133e2
:1084d000db0013441b78012b08d1094b1a68074baa
:1084e000db7c0133db0013445b6800e000231846ab
:1084f0000c37bd465df8047b704700bf9c68452083
:04850000fc6b4520ab
:020000040000fa
:020000040043b7
:1085040080b584b000af78600af03afcf8607b680c
:10851400db681b68bb60bb68002b1dd07b68db6815
:10852400ba6812681a607b681b689a88013292b232
:108534009a807b681b689a887b681b68db889a42f0
:1085440005d97b681a687b681b689288da80f868aa
:108554000af044fabb6809e07b681b681a88013298
:1085640092b21a80f8680af039fa002318461037d4
:04857400bd4680bdc3
:020000040000fa
:020000040043b7
:1085780080b485b000af786039607b68002b03d089
:108588003b68b3f5803f01d3012325e03b68002b0e
:1085980001d1002320e03b68fb817b685b89fa8975
:1085a8009a4201d9012317e07b685b68bb607b684e
:1085b8005a683b681a447b685a607b685a89fb8909
:1085c800d31a9ab27b685a817b681a89fb89d31ab5
:1085d8009ab27b681a81002318461437bd465df8a5
:0485e800047b704759
:020000040000fa
:020000040043b7
:1085ec0080b483b000af78600b46fb707b681b7a5d
:1085fc00002b0bd07b681a7a154b5b6893f82c30e8
:10860c000133dbb29a4201d000231be0fb78002b34
:10861c0008d07b68002b03d07b681b68002b10d123
:10862c0001230fe07b68002b09d07b681b68002bb3
:10863c0005d07b681a68064b5b699a4201d101230d
:10864c0000e0002318460c37bd465df8047b7047ec
:04865c00306945201c
:020000040000fa
:020000040043b7
:1086600080b584b000af0af086fbf860174b1b683a
:10867000bb60bb68002b22d0bb685b68fa68d31a6a
:10868000db0f03f00103dbb2002b1ad1bb681b68c0
:108690000e4a1360bb689b687b60bb68db683b600d
:1086a000bb685b680a4a1360b968092006f024ffba
:1086b0007b68002bdad07b6838689847d6e700bf24
:1086c00000e000bf1037bd4680bd00bf8c6c452068
:0486d000906c452045
:020000040000fa
:020000040043b7
:1086d40080b485b000af786039603b681b68bb60cc
:1086e400bb68b3f1ff3f03d17b681b69fb600ce0ff
:1086f4007b680833fb6002e0fb685b68fb60fb6837
:108704005b681b68ba689a42f6d2fb685a683b6891
:108714005a603b685b683a689a603b68fa689a609a
:10872400fb683a685a603b687a681a617b681b6820
:108734005a1c7b681a6000bf1437bd465df8047b81
:0287440070477c
:020000040000fa
:020000040043b7
:10874600f0b50c46d1e9011787b0236805930029d7
:10875600a4bf23f00203059305abe6680293082342
:10876600cde900730546d2e900232046fff745fc14
:10877600059bd90642bf00f1ff3030233354059bd9
:108786001a0742bf00f1ff30202333542269059bac
:108796000093013a3b46121a31182846fff7a1f812
:1087a6006b68db0503d563689842b8bf184607b007
:0287b600f0bd14
:020000040000fa
:020000040043b7
:1087b80080b584b000af78607b68002b01d10423ba
:1087c80023e07b681b68022b01d904231de07b682a
:1087d8001b68104a52f82330fb60fb68002b01d15c
:1087e800042312e07b681b68184603f03bfffb6814
:1087f80080221a60fb681b6bfb6824221a60064af9
:108808000649f868fdf702f8002318461037bd46f8
:1088180080bd00bf782e4400a086010080d1f008fa
:020000040000fa
:020000040043b7
:1088280080b58cb000aff8600b467a60fb7200230d
:1088380087f82f30144b1b883b823b8abb82fa7a1d
:10884800124913465b0013449b00ca1807f118032a
:1088580007ca83e8070007f114031946f868eff719
:108868000cfa034687f82f3097f92f30002b02d0e7
:1088780097f92f3003e07a6a7b681a60002318465c
:108888003037bd4680bd00bfd82e4400c470452097
:020000040000fa
:020000040043b7
:1088980080b400af184b4ff486721a60164b502202
:1088a8001a60154b4ff400625a60134b41221a624a
:1088b800124b00229a61114b0022da610f4b002201
:1088c8001a620e4b002283f82c200c4b00225a62ad
:1088d8000a4b00221a60094b00225a60074b0022fb
:1088e8009a60064b00221a75044b0022da6000bf1a
:1088f800bd465df8047b7047001a0e40706745203e
:020000040000fa
:020000040043b7
:1089080080b584b000af03463a60fb710b46bb717b
:10891800bb79012b01d0012321e03b681b78c3f30d
:108928004113dbb2022b18d13b685b78012b12d1c3
:108938003b689b889bb2072b0bd10b4b1b889bb2c8
:10894800fb81fb89f879094a3968f6f78bf8034601
:1089580005e0002303e000bf00e000bf0023184645
:108968001037bd4680bd00bfec2b4300e42b43000d
:020000040000fa
:020000040043b7
:1089780090b587b000af786039607b683b613b6930
:10898800002b0cd14ff0800372b683f31188bff32c
:108998006f8fbff34f8f62b6fb6000bffee73b6986
:1089a8009c6809f01bf803469c4207d13b69db68c9
:1089b8005a1c3b69da6001237b610ce0396838692d
:1089c800e7f74eff78617b69002b04d03b69db68d1
:1089d8005a1c3b69da607b6918461c37bd4690bd56
:020000040000fa
:020000040043b7
:1089e80080b582b000af00237b6022e0164b1a6886
:1089f8007b68542101fb03f313445b78012b15d1e9
:108a0800114b1a687b68542101fb03f313441b794b
:108a180003f00203002b09d00b4b1a687b68542122
:108a280001fb03f313441846e4f746f97b68013366
:108a38007b60064b1b7c1a467b689342d6db00bfe3
:108a480000bf0837bd4680bde86b45209c684520bf
:020000040000fa
:020000040043b7
:108a580080b584b000af78607b68002b25d07b6838
:108a6800fb6008235b42fa681344fb60fb68bb6049
:108a7800bb685b68002b1adabb681b68002b18d12f
:108a8800bb685b6823f00042bb685a6009f034fa9f
:108a9800bb685a68094b1b681344084a1360b868d6
:108aa800faf708fbe7f7c2fb04e000bf02e000bfeb
:108ab80000e000bf1037bd4680bd00bf086c4520f0
:020000040000fa
:020000040043b7
:108ac80080b483b000af7860174b1b68002b19d0b7
:108ad800154b1b6893f8293003f00103002b11d0c4
:108ae800114b1b6893f8293003f00403002b09d0bd
:108af8000d4b1b681b68002b04d07b681b68dbb21e
:108b08007f2b09d1094bb3f8563001339ab2074b82
:108b1800a3f85620002301e0034b1b6818460c37c6
:108b2800bd465df8047b7047586c45203c5b45208a
:020000040000fa
:020000040043b7
:108b380080b586b000aff8607b600b46fb721346c9
:108b48003b817b681b687b617b699bb23b617b696e
:108b58001b0c3a6913443b613b6a1b687b617b6968
:108b68009bb23a6913443b617b691b0c3a69134415
:108b78003b613b691a0c3b699bb213443b613b69ff
:108b88001a0c3b699bb213443b613a89f97a3b69f9
:108b9800f868f6f746f8034618461837bd4680bd0c
:020000040000fa
:020000040043b7
:108ba80080b586b000af0346fb710023fb6000234d
:108bb8003b61154b1b687b6117e07b691b7dfa796c
:108bc8009a420fd1114b1a687b691b6ad31afa684b
:108bd8009a4207d80d4b1a687b691b6ad31afb6047
:108be8007b693b617b69db687b617b69002be4d136
:108bf8003b69002b03d000213869eef755fe00bf12
:108c08001837bd4680bd00bf6c6c4520606c4520a0
:020000040000fa
:020000040043b7
:108c1800902910b50fdc7f2911dd803910290ed875
:108c2800dfe801f00f0f250d170d0d0d1e0d0d0db1
:108c38000d0d0d0d2500a02903d0c02901d000205d
:108c480006e019680c1d1c600b6803601a6001209f
:108c580010bd19680c1d1c600b6803601a80f6e7cc
:108c680019680c1d1c600b6803601a70efe719681f
:108c78000c1d1c600b680360d117c3e90021e6e7ef
:020000040000fa
:020000040043b7
:108c880080b584b000aff860b9607a60fb70fb68ab
:108c9800002b05d0bb68002b02d07b68002b01d1cc
:108ca800042320e0fb78002b02d0fb78082b01d9a5
:108cb800042318e0fb68ba681a60fb687a685a608f
:108cc800fb68fa781a72fb680933082200211846f3
:108cd80009f0f0fefb685b68184604f063fdf8686d
:0e8ce800fcf7d4ff034618461037bd4680bd8a
:020000040000fa
:020000040043b7
:108cf60090b484b000af0446084611461a4623468f
:108d0600fb710346bb710b467b7113463b71002317
:108d1600fb81fb79012b05d1fb896fea43436fea9f
:108d26005343fb817b79002b03d0fb8943f400532b
:108d3600fb813b79002b03d0fb8943f48053fb81f5
:108d4600bb791bb21b011ab2b7f90e3013431bb223
:0e8d5600fb81fb8918461037bd4690bc704764
:020000040000fa
:020000040043b7
:108d640080b586b000aff860b9607a603b603b685c
:108d740000221a70bb6800221a707b6800221a60f5
:108d840007f114033a681946f868f2f721f9034623
:108d940083f00103dbb2002b01d0002313e07b69d5
:108da400002b04d13b6801221a7000230be07b697d
:108db400da087b681a607b69dbb203f00703dab276
:0e8dc400bb681a70012318461837bd4680bde3
:020000040000fa
:020000040043b7
:108dd20080b584b000af786039607b68002b02d028
:108de2003b68002b02d14ff0ff3323e000237b814d
:108df20007f10a031a4600217868fff73cf9f86088
:108e0200fb68002b01ddfb6814e07b68da887b6875
:108e12001b89db439bb213409ab27b6819897b8919
:108e22000b409bb213439ab27b68da807a893b6823
:0c8e32001a80002318461037bd4680bd92
:020000040000fa
:020000040043b7
:108e400080b400af184b1b6b174a23f070031363f9
:108e500000bf154b9b6e03f00803082bf9d1124b92
:108e60001b6b23f44073104a43f48073136300bff9
:108e70000d4b9b6e03f00803082bf9d10a4b1b6bbb
:108e800023f00303084a43f00203136300bf064bb9
:108e90009b6e03f00803082bf9d100bf00bfbd464d
:0c8ea0005df8047b704700bf00060e4028
:020000040000fa
:020000040043b7
:108eac0080b485b000af78607b681f2b06d8164a5b
:108ebc0001217b6801fa03f313611fe07b683f2bf0
:108ecc000ad87b68203bbb600f4a0121bb6801fac2
:108edc0003f3c2f8003111e00b4a7b6803f07f0307
:108eec00c2f80c31084bd3f80c31fb60fb6843f033
:108efc001023fb60044afb68c2f80c3100bf143726
:0c8f0c00bd465df8047b704700060e4077
:020000040000fa
:020000040043b7
:108f180080b582b000af20e00323fb70fb78032b01
:108f280002d0fb78042b12d1124808f08bf909f013
:108f3800adf902467b68dbb21946104604f05efbc9
:108f480009f0a4f903461846f1f72ffa05e07b6803
:108f5800dbb219460748e1f721ff074805f080f81a
:108f680078607b68b3f1ff3fd6d100bf00bf0837f8
:0c8f7800bd4680bd04624520001a0e407a
:020000040000fa
:020000040043b7
:108f840080b483b000af78607b6801221a707b687c
:108f9400134a5a607b68134a9a607b68124ada6003
:108fa4007b680a221a747b680a225a747b68192225
:108fb4009a747b681822da747b6814221a757b68a9
:108fc4000a22da827b684ff480721a837b6800225b
:108fd400da6100bf0c37bd465df8047b704700bf03
:0c8fe400d4744200e0744200e8744200c3
:020000040000fa
:020000040043b7
:108ff000537461636b204f766572666c6f77202dba
:109000003e205461736b2025730000004d616c6c31
:109010006f6320486f6f6b204f766572666c6f7759
:1090200000000000526f6f740000000024904300a5
:1090300000020000040000004c1f4520bc624520d7
:109040004d6f6e69746f7200409043000001000024
:0c90500004000000e439452018634520ae
:020000040000fa
:020000040043b7
:10905c0080b586b000af78600b467b8013467b7082
:10906c007b88002b20d007f10c0300221a605a6079
:10907c001a727b78002b04d00d4b1b6802331b78c3
:10908c0003e00c4b1b6802331b78fb757a88fb7d65
:10909c0007f10c00084909f058f807f10c031946c0
:1090ac00786804f078ff00e000bf1837bd4680bd3b
:0c90bc00d0744520d4744520305f420081
:020000040000fa
:020000040043b7
:1090c80080b588b000aff860b9607a600023fb61b2
:1090d800bb68b3f807309bb2bb617b687b61bb6838
:1090e8009b7803f0c003802b02d14ff0ff33bb61a4
:1090f8007b68002b08d10023fb610de0fb6901337d
:10910800fb617b6901337b61fa69bb699a4203d2cf
:109118007b691b78002bf1d1fa697968f86804f04b
:0c9128007eff034618462037bd4680bd80
:020000040000fa
:020000040043b7
:1091340080b582b000af78607b68002b02d16ff0fd
:10914400150320e054220021786809f0b5fc7b68ff
:109154000f4a9a6009227b68da607b680d4a1a61bb
:109164007b6892225a617b6800221a65786805f050
:1091740009fe7b68d9687b685a697b68db8c064882
:1091840008f0a6f9002318460837bd4680bd00bf85
:0c91940048264300b06f452024f1410044
:020000040000fa
:020000040043b7
:1091a00080b582b000af78607b68002b02d16ff091
:1091b000150320e054220021786809f07ffc7b68c9
:1091c0000f4a9a600a227b68da607b680d4a1a614e
:1091d0007b684a225a617b6800221a65786805f02c
:1091e000d3fd7b68d9687b685a697b68db8c06484d
:1091f00008f070f9002318460837bd4680bd00bf4f
:0c920000e0fe4200e071452068f14100f2
:020000040000fa
:020000040043b7
:10920c0080b582b000af78607b68002b02d16ff024
:10921c00150320e054220021786809f049fc7b6892
:10922c000f4a9a6015227b68da607b680d4a1a61d6
:10923c007b68ec225a617b6800221a65786805f01d
:10924c009dfd7b68d9687b685a697b68db8c064816
:10925c0008f03af9002318460837bd4680bd00bf18
:0c926c00bc3b4200f46d4520b0f1410015
:020000040000fa
:020000040043b7
:1092780080b582b000af78607b68002b02d16ff0b8
:10928800150320e054220021786809f013fc7b685c
:109298000f4a9a6013227b68da607b680d4a1a616c
:1092a8007b68cf225a617b6800221a65786805f0ce
:1092b80067fd7b68d9687b685a697b68db8c0648e0
:1092c80008f004f9002318460837bd4680bd00bfe2
:0c92d80028564200e06e4520fcf14100e9
:020000040000fa
:020000040043b7
:1092e40080b582b000af78607b68002b02d16ff04c
:1092f400150321e054220021786809f0ddfb7b6826
:109304000f4a9a6016227b68da607b680d4a1a61fc
:109314007b6840f227125a617b6800221a657868dc
:1093240005f030fd7b68d9687b685a697b68db8c03
:10933400054808f0cdf8002318460837bd4680bd1f
:0c934400402e4200cc6c452044f2410059
:020000040000fa
:020000040043b7
:1093500080b582b000af7860042006f0ebfe0246d4
:109360007b681a607b681b68002b0ad1124bb3f82c
:10937000ee3001339ab2104ba3f8ee204ff0ff33da
:1093800016e00d4bb3f8ea3001339ab20a4ba3f85a
:10939000ea20094bb3f8ec20074bb3f8ea309a42c5
:1093a00005d2054bb3f8ea20034ba3f8ec200023c9
:0c93b00018460837bd4680bd3c5b4520d8
:020000040000fa
:020000040043b7
:1093bc0090b587b000af78607b683b613b69002b50
:1093cc000cd14ff0800372b683f31188bff36f8f0b
:1093dc00bff34f8f62b6fb6000bffee73b699c6832
:1093ec0008f0fafa03469c4211d13b69db685a1e1d
:1093fc003b69da603b69db68002b05d10023002256
:10940c0000213869e7f724f901237b6101e000238f
:0c941c007b617b6918461c37bd4690bd83
:020000040000fa
:020000040043b7
:1094280080b586b000aff860b9607a603b607a6852
:109438005521b86809f03efb0246bb6893420cd040
:109448004ff0800372b683f31188bff36f8fbff3b9
:109458004f8f62b67b6100bffee728220021f868c3
:1094680009f028fbfb68ba689a61fb687a689a6019
:10947800fb683a68da60fb6897f820201a77fb687f
:0c94880000225a6200bf1837bd4680bdac
:020000040000fa
:020000040043b7
:1094940080b584b000af78600023fb607b68002b4c
:1094a40019d008f02bfd134b1b68012b0cd04ff087
:1094b400800372b683f31188bff36f8fbff34f8fae
:1094c40062b6bb6000bffee700217868f2f770ff68
:1094d400e6f7aefef860fb68002b07d1064b4ff0b1
:1094e40080521a60bff34f8fbff36f8f00bf1037e6
:0c94f400bd4680bdac6b452004ed00e0df
:020000040000fa
:020000040043b7
:1095000080b586b002af78607b68fb6020e0fb68c6
:1095100093f85830dbb2002b17d0fb68002283f899
:109520005820114bd3f8a420002300937f2300215f
:10953000f868f8f7f7fc0c4bd3f8b420002300933d
:109540007f230121f868f8f7edfc0120fff7a2ff67
:10955000fb6893f85930dbb2002bd8d109f0fdfb42
:0c95600000bf1037bd4680bd0040034036
:020000040000fa
:020000040043b7
:10956c0080b584b000af78600b467b807b68002ba5
:10957c0029d07b681a8d7b881344fb81fb8941f2cf
:10958c00d062934204d87b681b8dfa899a4204d22c
:10959c007b6841f2d0621a8502e07b68fa891a85f1
:1095ac007868fef765f8b860bb6840f2b352934236
:1095bc0009d97b685b8b43f002039ab27b685a83b0
:0c95cc007868dff7a9fe1037bd4680bdaf
:020000040000fa
:020000040043b7
:1095d80080b483b000af154b1b885a1c91b2134a54
:1095e8001180fb80124b1b68002b04d0114b1b8889
:1095f800fa889a4208d2104b1b6814333b60fb88e8
:109608003a6813441b780be0fb88dab2094b1b88d5
:10961800dbb2d31a7b71064b1a687b7913441b782b
:1096280018460c37bd465df8047b70474e6a4520e6
:0c963800786c4520426a4520746c452087
:020000040000fa
:020000040043b7
:1096440090b587b000af78607b68db683b613b69ad
:109654001b8e1c463b691b68184608f0e1ff034655
:109664002344fb607b681b680d21786898470023be
:109674007b6107e07b681b682021786898477b69d9
:1096840001337b617a69fb689a42f3d37b681b6878
:109694000d21786898473b6900221a863b690022ad
:0a96a4009a8600bf1c37bd4690bd3a
:020000040000fa
:020000040043b7
:1096ae0080b485b000aff860b9607a60fb68ba68c4
:1096be001a60fb68ba685a60fb6800229a60fb6801
:1096ce007a68da60fb685b68b3f803309bb21a46bf
:1096de007b681a44fb681a61fb681b69fa6852685a
:1096ee00b2f9052012b21a44fb685a61fb685b6836
:1096fe001b889bb2002b14bf01230023dbb218463c
:0a970e001437bd465df8047b704778
:020000040000fa
:020000040043b7
:1097180080b588b000aff860b9601346fb710023cc
:10972800fb61bb6808337b6100233b61bb681b6836
:10973800002b1dd0bb68db68bb6115e0bb69db682b
:109748003b61fa691346db0013449b001a46fb6829
:109758009918fb7901223869f1f75cfefb6901333e
:10976800fb61bb695b68bb61ba697b699a42e5d1f9
:0a977800fb6918462037bd4680bd8e
:020000040000fa
:020000040043b7
:1097820090b58bb004aff860b9607a603b6000239b
:10979200fb754df21603bb82fb7d9cb2b86806f0e6
:1097a200dbf90246bb8a0393142302933b8e019397
:1097b200bb8d00931346002221467868f7f75cfcc4
:1097c20038613b69002b0cd0fb7d00223969f868b7
:1097d20006f0f4f9bb6a3a683969f868f9f7c3ff29
:0a97e20000e000bf1c37bd4690bd3b
:020000040000fa
:020000040043b7
:1097ec0080b584b000af78600b46fb701346bb703d
:1097fc007b68002b02d0fb780f2b02d94ff0ff3384
:10980c001ee07b68db88fb81bb78002b08d0fb78e3
:10981c00012202fa03f39ab2fb891343fb8109e09c
:10982c00fb78012202fa03f39bb2db439ab2fb8969
:10983c001340fb81fb891946786805f014f903463f
:08984c0018461037bd4680bd2f
:020000040000fa
:020000040043b7
:1098540080b483b000af0346fb71fb79042b17d8a7
:1098640001a252f823f000bf819843008598430079
:10987400899843008d98430091984300084b08e071
:10988400084b06e0084b04e0084b02e0084b00e0fc
:10989400084b18460c37bd465df8047b704700bf83
:1098a400dcf24100ecf2410004f3410020f34100fa
:0898b40038f341004cf34100c0
:020000040000fa
:020000040043b7
:1098bc0080b485b000aff860b9607a60fb68043b97
:1098cc00fb60fb684ff080721a60fb68043bfb6026
:1098dc00bb6823f00102fb681a60fb68043bfb6069
:1098ec000c4afb681a60fb68143bfb607a68fb68e7
:1098fc001a60fb68043bfb60fb686ff002021a60a5
:10990c00fb68203bfb60fb6818461437bd465df8ce
:08991c00047b7047c5a1430064
:020000040000fa
:020000040043b7
:1099240080b483b000af4ff0800372b683f3118824
:10993400bff36f8fbff34f8f62b67b6000bf104bd6
:109944001b6801330e4a13600d4b1b68012b11d1a8
:109954000c4b1b68dbb2002b0cd04ff0800372b6ab
:1099640083f31188bff36f8fbff34f8f62b63b60f1
:1099740000bffee700bf0c37bd465df8047b7047af
:08998400e874452004ed00e049
:020000040000fa
:020000040043b7
:04998c0004000000d3
:020000040000fa
:020000040043b7
:10999000eff30980bff36f8f154b1a681ef0100f9d
:1099a00008bf20ed108a20e9f04f10602de9090072
:1099b0004ff0800072b680f31188bff34f8fbff372
:1099c0006f8f62b6f2f75ef94ff0000080f31188f6
:1099d00009bc19680868b0e8f04f1ef0100f08bf06
:1099e000b0ec108a80f30988bff36f8f704700bf17
:0899f000746b452000bf00bfad
:020000040000fa
:020000040043b7
:1099f80080b586b000aff860b9607a60fb687b61bb
:109a0800fff78cff7b6993f844305bb2b3f1ff3ffb
:109a180003d17b69002283f844207b6993f84530a1
:109a28005bb2b3f1ff3f03d17b69002283f8452085
:109a380001f06afc7b699b6b002b06d17b692433a0
:109a48007a68b9681846fcf749f87869f9f782ff27
:089a580000bf1837bd4680bdb8
:020000040000fa
:020000040043b7
:109a600080b485b000af78607b68db6800221a6044
:109a70007b689b68033323f00303bb600023fb6018
:109a800011e07b68db681a68bb681a607b68db687a
:109a9000ba681a607b689b881a46bb681344bb602f
:109aa000fb680133fb607b68db881a46fb689342e6
:109ab000e7db7b681b687a68d2885a8000bf14375e
:089ac000bd465df8047b704710
:020000040000fa
:020000040043b7
:109ac80080b588b002af7b600346fb730b46bb8151
:109ad80013467b81fb7b7b827b8a033323f0030263
:109ae800bb891a44bb8c9a4201d9002318e03b6a0f
:109af800002b07d07b8a033323f003033a6a13440d
:109b08007b6101e000237b617868b989ba89022307
:109b180001937b8900930b46796901f0cdff7b683f
:089b280018461837bd4680bd48
:020000040000fa
:020000040043b7
:109b300080b582b000af78603960144b1b68013388
:109b4000124a1360114b1b68b3f57a7f18d30f4b81
:109b500000221a600e4b1b78002b04d00d4b4ff4e3
:109b600000725a6303e00b4b4ff400721a63084b08
:109b70001b78c3f10103dab2054b1a70f0f71af83b
:109b800008f058fa00bf0837bd4680bdb06c4520cc
:089b9000966a452000120e4008
:020000040000fa
:020000040043b7
:109b980080b588b000aff860b9607a603b60fb6858
:109ba800ba681a60fb6804331f227968184609f0fe
:109bb80077f9fb68002283f82320fb683a685a6229
:109bc800fb683a8d1a85fb682a33fb610023fb8208
:109bd800fa8afb69bff35b8f1a80fb682c33bb6181
:109be8000023bb82ba8abb69bff35b8f1a8000bfb0
:069bf8002037bd4680bdd0
:020000040000fa
:020000040043b7
:109c000080b485b000af87ed010a144bd3ed007a24
:109c100097ed017a77ee677ac7ed037a0f4bd3edb4
:109c2000017a97ed037a67ee277ac7ed027ad7edce
:109c3000037a27eea77a094bd3ed027a27ee277a2b
:109c4000d7ed027a77ee277a054bc3ed007a00bf95
:109c50001437bd465df8047b704700bfcc664520d5
:049c6000ec6a452045
:020000040000fa
:020000040043b7
:109c640080b483b000af78600b46fb70114b1b7857
:109c740083f00103dbb2002b15d10f4b1b68002bc3
:109c840012d00e4b1b685a1e0d4b1b689a420bd9ff
:109c9400094b1a680a4b1b68591c09480160134494
:109ca400fa781a7000e000bf0c37bd465df8047bfb
:109cb400704700bf3b594520386b45203c6b45201d
:049cc400406b45208c
:020000040000fa
:020000040043b7
:109cc80080b584b000aff860b9607a60bb689b78f3
:109cd80003f0c003802b06d0802b12dc002b02d0af
:109ce800402b07d00de07a68b968f868e7f782ff7b
:109cf800034611e07a68b968f86800f0c9fe0346bf
:109d08000ae0fb681b69002b02d0fb681b6900e0b6
:109d1800034bfa681361002318461037bd4680bd0f
:049d2800000a4300ea
:020000040000fa
:020000040043b7
:109d2c0080b584b000af7860144b1b8b1a467b68ef
:109d3c00934201d900231de00023fb600023bb608c
:109d4c000f4b1b6807f1080207f10c01184607f0ce
:109d5c0063fefb68002b01d100230be0fb685a6803
:109d6c00fb689a4201d0002304e0fb6801221a60d0
:109d7c00fb68083318461037bd4680bd9c684520eb
:049d8c00e06b452023
:020000040000fa
:020000040043b7
:109d900080b582b000af786015497a6813465b00e1
:109da0001344db000b441b68002b13d010497a6866
:109db00013465b001344db000b441b681846f8f79e
:109dc0006aff0b497a6813465b001344db000b44bf
:109dd00000221a6006497a6813465b001344db00d0
:109de0000b44143300221a7000bf0837bd4680bdf3
:049df000345c45207a
:020000040000fa
:020000040043b7
:109df40080b586b000af78607b687b617b695b6807
:109e0400984708f0b6ff38617b691a680f4b1b68e6
:109e14001344fb60fa683b69d31adb0f03f00103b8
:109e2400dbb2002b09d07b691a683b6913447a685a
:109e340007491846f7f7e8fd04e07a680449f8682a
:109e4400f7f7e2fd00bf1837bd4680bd906c452092
:049e5400f59d430035
:020000040000fa
:020000040043b7
:109e580080b485b000af78607b685b69002b02d165
:109e68007b685b8900e00023fb817b689b88033368
:109e78009a087b68db8803339b081a447b681b8934
:109e880003339b08d118fa8913465b001344db009f
:109e980003339b08ca18fb8903339b081344123306
:109ea8009bb29b009bb218461437bd465df8047bf5
:029eb8007047f1
:020000040000fa
:020000040043b7
:109eba0080b586b000aff860b9607a607b681b68cd
:109eca007b611ee07b691b685b68002b08d07b699d
:109eda001b685b687969f86898470346fb7405e074
:109eea007969f86803f097f80346fb74fb7c83f002
:109efa000103dbb2002b01d0002306e07b699b68db
:109f0a007b617b69002bddd1012318461837bd46da
:029f1a0080bd08
:020000040000fa
:020000040043b7
:109f1c0080b584b000af78607b6893f85930002b23
:109f2c0008d17b681b6b1846f3f7b2f97868f3f726
:109f3c00aff91ae07b6893f85930012b03d178689c
:109f4c00f3f7a6f911e07b6893f85930022b0cd08b
:109f5c004ff0800372b683f31188bff36f8fbff39a
:109f6c004f8f62b6fb6000bffee700bf1037bd46e7
:029f7c0080bda6
:020000040000fa
:020000040043b7
:109f7e0080b584b000af78607b689b6b002b01d1fd
:109f8e00012322e008f005fff8607b685a6c7b68bd
:109f9e00db6b13441946f86807f0d5ff0346002b18
:109fae0001d0012311e07b68988c7b681a8d7b6849
:109fbe001b6c9bb213449bb2194607f063f8034621
:109fce00002b01d0012300e0002318461037bd46b8
:029fde0080bd44
:020000040000fa
:020000040043b7
:109fe00030313233343536373839414243444546cf
:109ff00053706163654c69696e5465636800000065
:10a00000534c542d4d43552d55534220446576698c
:10a0100063650000534c5420555342204e657477bd
:10a020006f726b20496e7465726661636500000033
:10a03000303132333435363738394142434445467e
:01a04000001f
:020000040000fa
:020000040043b7
:10a0440080b485b000af78607b68002b1fd07b683c
:10a054001b68124a52f82330fb607b685b6801225c
:10a0640002fa03f3bb60fb689a6bbb681340002bd6
:10a0740006d0fb68ba685a637b6800221a7207e04c
:10a08400fb68ba681a637b6801221a7200e000bf99
:10a094001437bd465df8047b704700bf8c21440033
:020000040000fa
:020000040043b7
:10a0a40080b586b000af78607b68002b01d10423b3
:10a0b40022e07b68197b012301220020fef719feb0
:10a0c4000346fb82fb8a1946786801f0fffa38617f
:10a0d4003b69002b01d03b690ee07b68597b01236f
:10a0e40001220120fef705fe0346fb81fb89194688
:10a0f400786801f0ebfa034618461837bd4680bd70
:020000040000fa
:020000040043b7
:10a1040080b500af01f082fd08f0aefc08f0b6fcab
:10a11400fbf7c2f9002003f035f80d490d4805f0ae
:10a12400efff0d490b4805f0ebff0c49094805f01a
:10a13400e7ff0949074805f0e3ffeaf777f806f077
:10a144007dfe00f00df802f0d5ff0023184680bd17
:10a15400b8bc4300001a0e40bcbc4300e8bc43003a
:020000040000fa
:020000040043b7
:10a1640080b500af134b1b68124a43f400331360ed
:10a17400104b5b6e0f4a43f4003353660d4b1b695f
:10a184000c4a43f4003313610a4b1b6b094a43f432
:10a1940000331363202208490848f7f789f800219f
:10a1a400064804f064fc0021044804f061f800bf90
:10a1b40080bd00bf00120e40a07445206c74452081
:020000040000fa
:020000040043b7
:10a1c40080b485b000af00237b60144b1b68b3f1ef
:10a1d400ff3f0cd04ff0800372b683f31188bff3b6
:10a1e4006f8fbff34f8f62b6fb6000bffee74ff087
:10a1f400800372b683f31188bff36f8fbff34f8f61
:10a2040062b6bb6000bf00bf7b68002bfcd000bf00
:10a2140000bf1437bd465df8047b7047e8744520e1
:020000040000fa
:020000040043b7
:10a2240080b584b000af78603960144b1b68db687c
:10a23400db68fb60fb680433184601f0ebfbfb684a
:10a2440093f8283003f00403002b05d03a687968aa
:10a25400f86803f028ff08e0fb6893f8283023f03f
:10a264000103dab2fb6883f82820fb681b6af868ec
:10a27400984700bf1037bd4680bd00bfb06b452076
:020000040000fa
:020000040043b7
:10a2840080b582b000af00237b601ce0124a7b687b
:10a2940052f82330002b13d1104b9b7c0821184615
:10a2a40000f0fdf902460c497b6841f823200a4a74
:10a2b4007b6852f82330002b02d14ff0ff3306e0c5
:10a2c4007b6801337b607b68002bdfdd002318464d
:10a2d4000837bd4680bd00bf006c45209c68452002
:020000040000fa
:020000040043b7
:10a2e40080b485b000af786039607b68002b1ed0e5
:10a2f4007b681b68002b1ad03b68002b17d03b6887
:10a304001b68002b13d00d4b1b68fb600ce0fb6833
:10a314001a687b681b689a4203d13b681a68fb6819
:10a324001a60fb68db68fb60fb68002befd100bfa1
:10a334001437bd465df8047b704700bf5c6c452054
:020000040000fa
:020000040043b7
:10a3440080b584b000af00237b600023bb60124b58
:10a354001b68fb6012e0114b1a68fb681b6ad31a76
:10a364007a689a4207d80d4b1a68fb681b6ad31a9d
:10a374007b60fb68bb60fb68db68fb60fb68002bf1
:10a38400e9d1bb68002b02d0b86808f0ddf800bf43
:10a394001037bd4680bd00bf706c4520606c452001
:020000040000fa
:020000040043b7
:10a3a40080b582b000af7860134b1b7803f01003c4
:10a3b400002b1cd07b685b8b03f01003002b0dd1aa
:10a3c4007b68d3f89030002b08d07b68d3f89030aa
:10a3d4007a6812696ff00e01104698477968074849
:10a3e400f9f734fe786808f097f8012300e00023b9
:10a3f40018460837bd4680bd7e6a45206c6c4520f2
:020000040000fa
:020000040043b7
:10a4040090b587b000af78600023fb75fb7d9cb2ec
:10a414007b681b6d013b184605f09dfb034600223b
:10a424002146786800f0e4fd38613b69002b02d1d5
:10a434004ff0ff3310e0fb7d00223969786805f0a6
:10a44400bcfb7a687b68043339697868f9f78af960
:10a454000346fb7397f90f3018461c37bd4690bd71
:020000040000fa
:020000040043b7
:10a4640080b485b000af786039607b68002b1ed063
:10a474007b681b68002b1ad03b68002b17d03b6805
:10a484001b68002b13d00d4b1b68fb600ce0fb68b2
:10a494001a687b681b689a4203d13b681a68fb6898
:10a4a4001a60fb68db68fb60fb68002befd100bf20
:10a4b4001437bd465df8047b704700bf986c452097
:020000040000fa
:020000040043b7
:10a4c40080b584b000af0346fb80fb88b3f53b6fd7
:10a4d4000ad9114bfb60fb681b6803f00103002bd6
:10a4e40000d000be002313e0fb88184600f0beff36
:10a4f4000346002b04d1f3f75ffd0346002b01d084
:10a50400012305e0054b5b791846faf791fc00231b
:10a5140018461037bd4680bdf0ed00e004674520c5
:020000040000fa
:020000040043b7
:10a5240080b483b000af0346fb80fb8803f00303d1
:10a534009bb2002b1ad1fb88104aa2fb03125209ca
:10a54400642101fb02f29b1a9bb2002b0cd1fb8805
:10a554000a4aa2fb0312d2094ff4c87101fb02f2aa
:10a564009b1a9bb2002b01d1012300e00023dbb234
:10a5740018460c37bd465df8047b70471f85eb51c8
:020000040000fa
:020000040043b7
:10a5840011f0ff0170b504461fd003469a07184620
:10a594001fd14ff001354d43186880ea0506a0f13c
:10a5a400013222ea0002a6f1013020ea0600024349
:10a5b40012f0803f1c4603f10403edd0204614f84a
:10a5c400013b2bb18b42f9d102e008f029f8204479
:10a5d40070bd13f8012b002afad08a42d6d1f7e7ce
:020000040000fa
:020000040043b7
:10a5e400f0b59bb004460d46164600214c2207a840
:10a5f4001f4608f061fa4ff0ff324ff48173cde942
:10a60400022304b901accde9044555b16b1e002dfc
:10a61400069308da094b4f221a604ff0ff301bb043
:10a62400f0bd2b46f3e71cbf002323703a463146a6
:10a6340002a8cde9074407f009fdf0e7c06c452006
:020000040000fa
:020000040043b7
:10a6440009025e000201008032080b0002020d00c4
:10a65400000904000001020d000405240010010596
:10a66400240600010d240f0500000000ea05000087
:10a674000006241a00010007058103400032090482
:10a684000100000a00010009040101020a0001009e
:0ea69400070583020002000705020200020013
:020000040000fa
:020000040043b7
:10a6a20080b586b002af786039605420eff75dfd67
:10a6b200f860fb68002b01d100231ce07b683a683c
:10a6c20002fb03f31846eff750fd0246fb681a65da
:10a6d200fb681b6d002b04d1f868fef7bcf9002360
:10a6e20009e07868fb681a6dfb68002100913968ff
:0ea6f200f5f7bdfc034618461037bd4680bd87
:020000040000fa
:020000040043b7
:10a7000080b584b000af78600b467b807b88002bdf
:10a710001dd07b884ff4c17219460020ebf779faff
:10a72000f860fb68002b10d07b881a467968f868bf
:10a73000f8f70afb084bdb680749f86898470346b7
:10a74000002b02d0f868f8f7a6fa01f037fa0123d7
:0ca7500018461037bd4680bda0674520ac
:020000040000fa
:020000040043b7
:10a75c0080b58ab000af786008f09cf800f09efce1
:10a76c000f4b1b785a1cd1b20d4a117007f108001f
:10a77c000c4a202107f0dcfc094b1b785a1cd1b287
:10a78c00074a117019460848fcf7f0f807f108035e
:10a79c001846fdf7a7fc4ff4fa6007f085ffdbe7de
:0ca7ac009f354520fcfb430010fc4300df
:020000040000fa
:020000040043b7
:10a7b80080b584b000af78607b681b88112b08d106
:10a7c8007b685b68dbb219460e48fcf7d1f80123b9
:10a7d80013e07b681b88102b0ed17b685b681b0c11
:10a7e800fb737b685b68bb73fb7bba7b19460648c7
:10a7f800fcf7bef8012300e0002318461037bd46d9
:0ca8080080bd00bf0c6141002c614100cc
:020000040000fa
:020000040043b7
:10a8140080b584b000af78607b681b88192b08d1a1
:10a824007b685b68dbb219460e48fcf7a3f801238a
:10a8340013e07b681b88182b0ed17b685b681b0cac
:10a84400fb737b685b68bb73fb7bba7b194606486a
:10a85400fcf790f8012300e0002318461037bd46aa
:0ca8640080bd00bf5861410078614100d8
:020000040000fa
:020000040043b7
:10a8700080b584b000af78607b681b88212b08d13d
:10a880007b685b68dbb219460e48fcf775f801235c
:10a8900013e07b681b88202b0ed17b685b681b0c48
:10a8a000fb737b685b68bb73fb7bba7b194606480e
:10a8b000fcf762f8012300e0002318461037bd467c
:0ca8c00080bd00bfa4614100c4614100e4
:020000040000fa
:020000040043b7
:10a8cc0080b584b000af78607b681b88312b08d1d1
:10a8dc007b685b68dbb219460e48fcf747f801232e
:10a8ec0014e07b681b88302b0fd17b685b681b0cda
:10a8fc00fb737b685b68bb81fb7bb7f90c2019464b
:10a90c000548fcf733f8012300e000231846103704
:0ca91c00bd4680bd306241005062410029
:020000040000fa
:020000040043b7
:10a9280080b584b000af78607b681b88412b08d164
:10a938007b685b68dbb219460e48fcf719f80123ff
:10a9480013e07b681b88402b0ed17b685b681b0c6f
:10a95800fb737b685b68bb81fb7bba891946064839
:10a96800fcf706f8012300e0002318461037bd461f
:0ca9780080bd00bf786241009c6241007d
:020000040000fa
:020000040043b7
:10a9840080b500af07f00cfc07f016fc07f054fa92
:10a9940007f02afc07f040fc07f056fc06f0fafb2f
:10a9a4000ce00c4b00221a6004e00a4b1b680133d4
:10a9b400084a1360074b1b68092bf6dd064b1b681e
:10a9c4005a1e05490a60002bebd107f055fc00bf65
:0ca9d40080bd00bf086b45206c72452060
:020000040000fa
:020000040043b7
:10a9e000b0b58ab000af114b07f114041d460fcd6e
:10a9f0000fc42b68236007f114031a4600210c488a
:10aa0000faf7befe0b4b3c461d460fcd0fc42b681c
:10aa100023603b461a4600210748faf7b1fefbf7d0
:10aa200019f800bf2837bd46b0bd00bf2c904300c9
:0caa3000890c440048904300716843000a
:020000040000fa
:020000040043b7
:10aa3c0080b483b000af7860104b00221a70104bba
:10aa4c001b68002b0cd00f4b1a680f4b1b689a42db
:10aa5c0006d20b4b1a680b4b1b68134400221a705e
:10aa6c007b68002b03d0074b1a687b681a6000bf09
:10aa7c000c37bd465df8047b704700bf3b59452041
:0caa8c00386b4520406b45203c6b45209a
:020000040000fa
:020000040043b7
:10aa980080b586b000aff860b9607a607b687b618a
:10aaa8007b6904333b617b691b68002b17d07b698a
:10aab8001b683a69b968f8689847034683f0010348
:10aac800dbb2002b0bd0fb681b69002b02d0fb68a4
:10aad8001b6900e0044bfa681361002300e00123be
:0caae80018461837bd4680bd140a430014
:020000040000fa
:020000040043b7
:10aaf40080b582b000af19e0fef712ff104bdb689f
:10ab0400db687b607b680433184600f083ff0d4be1
:10ab14001b68013b0b4a13600b4b1b68013b0a4a41
:10ab2400136000f0f3fb7868fff7f6f9064b1b6837
:10ab3400002be1d100bf00bf0837bd4680bd00bf78
:0cab440084694520846b4520806b45200f
:020000040000fa
:020000040043b7
:10ab500080b582b000af786039607b68db68002b1d
:10ab60000dd03b68002b05d17b68db681846f2f7f7
:10ab7000e5fe04e07b68db681846fdf7dbfb7b68dd
:10ab80000022da607b6800221a807b6800229a60cb
:10ab90007b6800225a617b6800225a607b68002231
:0caba0001a74002318460837bd4680bd1b
:020000040000fa
:020000040043b7
:10abac0080b584b000af78603960072004f01cffda
:10abbc00f860fb68002b02d14ff0ff3317e0fb6805
:10abcc0001221a70fb687a685a60fb683a689a60ce
:10abdc00f968094803f048f80346002b06d0f968d9
:10abec00072004f083fc4ff0ff3300e000231846ed
:0cabfc001037bd4680bd00bf106c452026
:020000040000fa
:020000040043b7
:10ac080080b582b000af78600b46fb707b6893f824
:10ac1800293003f00403002b1cd07b6893f82930fb
:10ac280003f00103002b15d0fb7803f00103002b80
:10ac380011d07b681b68002b0dd07b6893f82930f6
:10ac480003f00803002b06d07b681946786806f0e5
:0cac580077fb00e000bf0837bd4680bd60
:020000040000fa
:020000040043b7
:10ac640080b483b000af00237b601ae0124a7b6893
:10ac740006339b0013445b68002b0fd00e4a7b689d
:10ac840006339b0013445b683b600b4a7b680633c6
:10ac94009b00134400225a603b6806e07b68013342
:10aca4007b607b68002be1dd002318460c37bd4632
:0cacb4005df8047b704700bf046745207a
:020000040000fa
:020000040043b7
:10acc00080b485b000af03460a46fb711346bb71e2
:10acd000bb793b733b7b03f00f03dbb2fb73bb79a8
:10ace0007b737b7bdb09dbb2bb73fa7bbb7b0a49e3
:10acf00052000a4413442833db78c3f30003dbb269
:10ad0000002b14bf01230023dbb218461437bd46c5
:0cad10005df8047b704700bf8c66452096
:020000040000fa
:020000040043b7
:10ad1c0080b485b000af03460a46fb711346bb7185
:10ad2c00bb793b733b7b03f00f03dbb2fb73bb794b
:10ad3c007b737b7bdb09dbb2bb73fa7bbb7b0a4986
:10ad4c0052000a4413442833db78c3f34003dbb2cc
:10ad5c00002b14bf01230023dbb218461437bd4669
:0cad6c005df8047b704700bf8c6645203a
:020000040000fa
:020000040043b7
:10ad780080b485b000af03463960fb713b681b782f
:10ad880003f01f03dbb2002b18d13b681b7803f0dc
:10ad98006003dbb2002b11d13b685b78052b0dd12a
:10ada8003b685b889bb2fb73074b1b68fa7b62f0be
:10adb8007f02d2b21146044a0b43136000bf143716
:0cadc800bd465df8047b7047008003402e
:020000040000fa
:020000040043b7
:10add4000e4a38b5002313600d4a0e4c13600e4a18
:10ade4000e4d13600e4a13600e4a13600e4a5362ee
:10adf40013610123936007f071ffe9f74af9ac424c
:10ae040000d338bd54f8043b9847f8e7bc6c4520a0
:10ae14008465452074c140008065452078c14000a8
:0cae2400786545207c6545208865452048
:020000040000fa
:020000040043b7
:10ae300038b50d46044608b9002038bd43689b0666
:10ae400007d5d0e905239a4216d80023c4e9053373
:10ae5000a362d4e90f13994204d220680122c91acf
:10ae600008f09bf80023c4e90f33002de4d02068dc
:10ae7000bde8384008f088b80022c36a11469847f8
:0cae80006369002be1d14ff0ff30d6e7f2
:020000040000fa
:020000040043b7
:10ae8c0080b485b000af78607b68002b03d07b6802
:10ae9c001b78002b01d1002319e00023fb60012358
:10aeac007b81fb687a6813441b78002b09d1fb6803
:10aebc0001337a6813441b78002b06d07b8901334d
:10aecc007b81fb680133fb60ebe700bf7b89184695
:0aaedc001437bd465df8047b704793
:020000040000fa
:020000040043b7
:10aee60080b584b000af78607b6893f87430dbb2cd
:10aef600002b1ed17b68343307f10f02114618462a
:10af0600fbf704ff0346002b14d07b68012283f86d
:10af160074207b681b685b6903f00203002b03d077
:10af2600fa7b7b681b68da617b681b6802229a6081
:0aaf360000e000bf1037bd4680bdeb
:020000040000fa
:020000040043b7
:10af400080b586b000aff860b9607a60bb681a68f7
:10af5000fb681b689a421bd0bb681b687b61fb685f
:10af60001a687b681a6007f114031946786805f0bf
:10af7000bffdbb68002b02d0bb681b6800e000234c
:10af8000fa6813600121f868fff73efe012300e034
:0aaf9000002318461837bd4680bda7
:020000040000fa
:020000040043b7
:10af9a0080b485b000af786039607b68002b1fd021
:10afaa003b68002b1cd07b68fb600ae0fb681a89af
:10afba003b681b8913449ab2fb681a81fb681b68b9
:10afca00fb60fb681b68002bf0d1fb681a893b68a1
:10afda001b8913449ab2fb681a81fb683a681a60a3
:0aafea001437bd465df8047b704784
:020000040000fa
:020000040043b7
:10aff400b0b58ab004aff8607b600b467b81134622
:10b004003b81fb68586afb68db8afa68128bf96833
:10b01400498d3d897c89039110210291019200930d
:10b024007b682a462146f6f726f878617b69002b6f
:10b0340006d0fb685b6afa68528d1a44fb68da62d0
:0ab044007b6918461837bd46b0bd01
:020000040000fa
:020000040043b7
:10b04e0080b586b000aff8607a601a460b46fb7288
:10b05e001346bb72fb681868fb68197907f10b027f
:10b06e000123f3f722ff0346002b01d001230fe04b
:10b07e00fb681868fb681979bb7a7a68eef787f96e
:10b08e007861bb7a7a699a4201d1012300e00023ec
:08b09e0018461837bd4680bdbd
:020000040000fa
:020000040043b7
:10b0a80080b582b000af06f099fc386000237b6061
:10b0b80014e00f4a7b681b0113441b683a689a42e4
:10b0c80009d106f07bfc024609497b681b010b4449
:10b0d80008331a6008e07b6801337b60054b1b78f6
:10b0e8001a467b689342e4db0837bd4680bd00bf43
:08b0f8003c594520f3544520aa
:020000040000fa
:020000040043b7
:10b1000080b5a6b000aff860b9607a600121b86878
:10b1100004f062fac7f89400d7f89430002b04d1f9
:10b120000b49f868f9f732f80ee000220021d7f851
:10b13000940007f0ebfc0346a7f89230b7f8923082
:10b140001946044803f095fc9837bd4680bd00bf02
:08b15000f81444006c74452062
:020000040000fa
:020000040043b7
:10b1580080b584b000af7860114b1b68002b03d01a
:10b16800104b1b68002b01d1002315e00c4b1b680a
:10b1780007f108017a681846e7f7eef90346012b4c
:10b1880009d1084b1b6807f108021146184602f05e
:10b198004bfd012300e0002318461037bd4680bd53
:08b1a800446b4520486b452073
:020000040000fa
:020000040043b7
:10b1b0002de9b04f86b000aff860c7e90023d7e9aa
:10b1c0000023002b0edad7e9002312eb020a43eb2f
:10b1d000030b52465b466fea02086fea0309c7e9b0
:10b1e000048906e0d7e90023941843eb0305c7e977
:10b1f0000445d7e90423f868f8f7f8fc0346184635
:08b200001837bd46bde8b08f10
:020000040000fa
:020000040043b7
:10b2080080b582b000af0623fb71124b4ff080521d
:10b218005a63fb1d0121184606f0b0fa034683f075
:10b228000103dbb2002b05d00a4b4ff080521a63a2
:10b2380001230ae000bf03f099f80346002bfad176
:10b24800044b4ff080521a63002318460837bd4656
:08b2580080bd00bf00140e4090
:020000040000fa
:020000040043b7
:10b2600080b582b000af0423fb71124b4ff08052c7
:10b270005a63fb1d0121184606f084fa034683f049
:10b280000103dbb2002b05d00a4b4ff080521a634a
:10b2900001230ae000bf03f06df80346002bfad14a
:10b2a000044b4ff080521a63002318460837bd46fe
:08b2b00080bd00bf00140e4038
:020000040000fa
:020000040043b7
:10b2b80080b485b000af78607b68fb6002e0fb6813
:10b2c800013bfb600e4b5b78dbb283f00103dbb222
:10b2d800002b02d0fb68002bf1d10a4b4ff08052b3
:10b2e8001a63fb68002b01d1032302e0044b9b780f
:10b2f800dbb218461437bd465df8047b704700bfc3
:08b30800c86c452000140e4042
:020000040000fa
:020000040043b7
:10b3100080b483b000af134b1b68002b0cd14ff0ef
:10b32000800372b683f31188bff36f8fbff34f8f23
:10b3300062b67b6000bffee70a4b1b68013b094a0f
:10b340001360084b1b68002b05d100233b603b6852
:10b3500083f3118800bf00bf0c37bd465df8047b46
:08b36000704700bfe8744520ae
:020000040000fa
:020000040043b7
:10b3680080b586b002af78603960002301933b68ee
:10b37800009300237a680c490c4801f0b5fff86087
:10b38800fb68002b0ad00a4b1b78002b04d0fa6804
:10b3980008490020f3f7cafefb6800e000231846be
:10b3a8001037bd4680bd00bfc4ee4100af2b44003e
:08b3b800b0744520c8ee41000d
:020000040000fa
:020000040043b7
:10b3c00080b584b000af0023bb60124b1b68fb60ec
:10b3d00018e0fb68db7f002b0bd0fb68db7f013bb9
:10b3e000dab2fb68da77fb68bb60fb681b68fb605e
:10b3f00008e0fb687b60fb681b68fb60b9687868e5
:10b40000f6f7a6fafb68002be3d100bf00bf1037a8
:08b41000bd4680bd146c45200f
:020000040000fa
:020000040043b7
:10b4180080b487b000af0346b9607a60fb81bb682f
:10b42800002b01d1fb8919e0bb681b8cfb82fb8ace
:10b43800002b12d02823bb82fa8abb8a9a4204d9ed
:10b44800fa8abb8ad31a9bb200e000237b827a8aed
:10b45800fb89934228bf1346fb81fb8918461c379a
:08b46800bd465df8047b70474e
:020000040000fa
:020000040043b7
:10b4700080b483b000af0346fb80124b9b6a002b65
:10b4800001d1002318e00f4bdb8d072b01d90023de
:10b4900012e00c4b9b6a1b899bb21a46fb881a442c
:10b4a000fb885b4203f00303134440f6cc32934223
:10b4b00001dd002300e0012318460c37bd465df88e
:08b4c000047b7047046745207e
:020000040000fa
:020000040043b7
:10b4c80080b485b000aff860b9607a603b60fb6813
:10b4d800002b03d00f4b1a68fb681a60bb68002b5f
:10b4e80003d00c4b1a79bb681a707b68002b03d009
:10b4f800084b5a797b681a703b68002b03d0054bc0
:10b508009a793b681a7000bf1437bd465df8047b12
:08b51800704700bfdc6a45200a
:020000040000fa
:020000040043b7
:10b5200038b5036d04463bb1426d934204dc002301
:10b53000e3644ff0ff3038bd204605f049fd002898
:10b54000f5db236dd4e90f12a3b1656d5b1b551ab2
:10b55000ab420fdc013b0b44e36422b1636d521a32
:10b5600001321344636511f8013c834218bf01f8ae
:08b57000010ce0e71346efe7d0
:020000040000fa
:020000040043b7
:10b578002de9ff41134ed1f80080b788adf80c7063
:10b5880005463068029002acb0798df80e00002aaa
:10b5980018bf1446d1e901671a461bb9204607f0bf
:10b5a8003df80246002e02dbb24228bf3246cdf8f3
:10b5b80000803b4621462846fcf792f904b0bde8d6
:08b5c800f08100bfc90f44002f
:020000040000fa
:020000040043b7
:10b5d00080b487b000aff860b9607a60fb685b68e0
:10b5e0003b61fb685a687b681a44fb685a60bb6819
:10b5f000002b11d000237b610ae03a697b691a4471
:10b60000b9687b690b4412781a707b6901337b61de
:10b610007a697b689a42f0d3012318461c37bd46ed
:06b620005df8047b704799
:020000040000fa
:020000040043b7
:10b62600f0b50c46d1e9011687b0236805930029c9
:10b63600a4bf23f00203059305abe76802930a2330
:10b64600cde900630546d2e900232046fcf7d5fc88
:10b656002269059b0093013a3346121a3918284687
:10b66600fcf73ff96b68db0503d563689842b8bf02
:06b67600184607b0f0bd0c
:020000040000fa
:020000040043b7
:10b67c0080b58cb000aff8600b467a60fb720f4b54
:10b68c001b88bb82bb8a3b83fa7a0d4913465b004d
:10b69c0013449b00ca1807f11c0307ca83e8070070
:10b6ac007b68bb6207f118031946f868ecf7e3fafc
:10b6bc00034618463037bd4680bd00bfdc2e440023
:04b6cc00c4704520e1
:020000040000fa
:020000040043b7
:10b6d00080b586b000af78600b467b807b881b0a04
:10b6e0009bb2dbb23b747b88dbb27b747b685b68ac
:10b6f000184602f07df87b68186807f10c0207f124
:10b7000010010223f1f7b2ff78617b685b6818468d
:10b7100002f04cf8786805f02cfd7b691846183764
:04b72000bd4680bde5
:020000040000fa
:020000040043b7
:10b7240080b483b000af03463960fb7197f90730ea
:10b73400002b0adb3b68dab20c4997f90730520157
:10b74400d2b20b4483f800230ae03b68dab208491a
:10b75400fb7903f00f03043b5201d2b20b441a7677
:10b7640000bf0c37bd465df8047b704700e100e084
:04b7740000ed00e004
:020000040000fa
:020000040043b7
:10b7780080b400af104b0e225a600f4b4ff4867204
:10b788001a600d4b5a680c490c4b13434b600a4b1b
:10b7980050221a60084b3c221a62094b00221a6296
:10b7a800074b00225a62064b00221a7700bfbd469b
:10b7b8005df8047b704700bf00400240c0000400f1
:04b7c800d0674520e1
:020000040000fa
:020000040043b7
:10b7cc0080b400af104b0e225a600f4b4ff48672b0
:10b7dc001a600d4b5a680c490c4b13434b600a4bc7
:10b7ec0050221a60084b78221a62094b00221a6206
:10b7fc00074b00225a62064b00221a7700bfbd4647
:10b80c005df8047b704700bf00c00240c00005001b
:04b81c00fc67452060
:020000040000fa
:020000040043b7
:10b8200080b400af114b4ff48072c3f8b0200f4bbf
:10b830000f4ac3f884200d4bd3f884300b4a43f4ed
:10b84000a053c2f88430094b42f21072c3f89c2016
:10b85000064b0022c3f89420044b0022c3f8982022
:10b8600000bfbd465df8047b704700bf00c00040cc
:04b8700000c02929c2
:020000040000fa
:020000040043b7
:10b8740080b582b000af114806f010fc0346fb719e
:10b88400fb79032b02d0fb79042b13d10b4b1b6ade
:10b89400012b09d106f0fcfc034609491846f8f7c8
:10b8a40073fc064b00221a6206f0f2fc03461846ab
:10b8b400eef77dfd00bf0837bd4680bd046245201c
:04b8c400fc2e440012
:020000040000fa
:020000040043b7
:10b8c80080b584b000af78607b6893f829309b0816
:10b8d80003f00103002b14bf01230023fb73fb7b40
:10b8e8001946002000f0acfdfb7b002b04d0064974
:10b8f800064804f003fc03e00549044804f0fefb95
:10b9080000bf1037bd4680bdbc554200001a0e402e
:04b91800d0554200c4
:020000040000fa
:020000040043b7
:10b91c0080b400af114b40229a80104b4022da8049
:10b92c000e4b80221a810d4b0022da600b4b002249
:10b93c001a820a4b08225a81084b01229a74074b2f
:10b94c00074a1a60054b00221a83044b00225a61e5
:10b95c00024b1846bd465df8047b704714694520c0
:04b96c00185f42001e
:020000040000fa
:020000040043b7
:10b9700080b485b000af78600b46fb707b68db88d5
:10b9800001339bb27a681289b3fbf2f101fb02f238
:10b990009b1afb817b689b88fa899a420bd07b6853
:10b9a0001b687a68d2881344fa781a707b68fa891f
:10b9b000da80012300e0002318461437bd465df805
:04b9c000047b70474d
:020000040000fa
:020000040043b7
:10b9c40080b588b000aff860b9607a607b68002bfe
:10b9d40002d16ff0150317e007f11003ba68f96894
:10b9e400184603f039f907f110037a680849184634
:10b9f40004f086fe034683f00103dbb2002b02d081
:10ba04006ff0150300e0002318462037bd4680bdc3
:04ba1400307d43003e
:020000040000fa
:020000040043b7
:10ba180080b485b000af78607b681b69fb607b6889
:10ba28005b687a6892689a607b689b687a685268f3
:10ba38005a60fb685b687a689a4203d17b689a68a7
:10ba4800fb685a607b6800221a61fb681b685a1ef3
:10ba5800fb681a60fb681b6818461437bd465df81a
:04ba6800047b7047a4
:020000040000fa
:020000040043b7
:10ba6c0080b582b000af07f087f978600f4b1b7878
:10ba7c00fb700e4b01221a70786806f0abfffb7856
:10ba8c00002b0fd100210a48fff78af80346002b40
:10ba9c0008d007f071f97860044b00221a707868ae
:10baac0006f098ff00bf0837bd4680bdcb66452029
:04babc00312a4400e7
:020000040000fa
:020000040043b7
:10bac00080b485b000aff860b96011461a460b46e5
:10bad000fb801346bb80fb6800221a60fb68ba68d3
:10bae0005a60fb68fa881a81fb68ba885a813b8bd6
:10baf000dab2fb681a73fb683a7f5a73fb6801225b
:10bb00009a73fb680022da7300bf1437bd465df8f4
:04bb1000047b7047fb
:020000040000fa
:020000040043b7
:10bb140080b485b000af78607b68002b19d0002317
:10bb2400fb6012e00e4afb6806339b0013445b681b
:10bb3400002b07d10a4afb6806339b0013447a683a
:10bb44005a6007e0fb680133fb60fb68002be9dd0a
:10bb540000e000bf1437bd465df8047b704700bfaa
:04bb6400046745200d
:020000040000fa
:020000040043b7
:10bb680080b483b000af00237b6017e0104a7b6885
:10bb7800023352f82330002b0dd00d4a7b68023374
:10bb880052f823303b600a4a7b680233002142f8ae
:10bb980023103b6806e07b6801337b607b68002be1
:10bba800e4dd002318460c37bd465df8047b70477a
:04bbb80004674520b9
:020000040000fa
:020000040043b7
:10bbbc0080b500af124b012283f83420104b93f860
:10bbcc003330002b19d10de00d4b002283f83420bb
:10bbdc000b4b012283f83320f0f76cfd084b00224d
:10bbec0083f83320064b93f83430002becd1044b04
:10bbfc005b791846f9f774fd00e000bf80bd00bf0b
:04bc0c000467452064
:020000040000fa
:020000040043b7
:10bc100080b400af114b19229a70104b0a225a704f
:10bc20000e4b01221a700d4b1722da700b4b3b2280
:10bc30001a710a4b00225a71094b00221a60084bf4
:10bc400000221a71064b00225a71054b00229a718c
:10bc500000bfbd465df8047b704700bfc07445203f
:04bc6000dc6a452035
:020000040000fa
:020000040043b7
:10bc640053ec102b10b540f2ff7cc3f30a54644527
:10bc74000dd064b11946204440f2fe73984209dca9
:10bc8400002811dd6ff31e51964641ea005343ec40
:10bc9400102b10bd01f0004141f0ff43002243f49a
:10bca400e00343ec102b10bd002201f0004343ecf1
:04bcb400102b10bd84
:020000040000fa
:020000040043b7
:10bcb8000d0a00003d3d3d3d3d3d3d3d3d3d3d3d89
:10bcc8003d3d3d3d3d3d3d3d3d3d3d3d3d3d3d3d9c
:10bcd8003d3d3d3d3d3d3d3d3d3d3d3d0d0a000069
:10bce8002020202020202020202053414d2d455861
:10bcf8005020426f6f74696e672075702e2e2e2e3d
:03bd08000d0a0021
:020000040000fa
:020000040043b7
:10bd0c0080b584b000af78607b68002b01d1002334
:10bd1c001be00420e0f784f8f860fb68002b01d1ed
:10bd2c00002312e0012004f0fff90246fb681a60c0
:10bd3c00fb681b68002b04d1f868f1f7a9fa002303
:10bd4c0003e07b68fa681a60012318461037bd4679
:02bd5c0080bda8
:020000040000fa
:020000040043b7
:10bd5e0080b58cb000aff860b9607a60fb70bb68dc
:10bd6e001b689b68fb62fb6a1b889bb21a467b684a
:10bd7e00934201d0012310e007f11403b96818466d
:10bd8e0000f0d1fbbb6801221a7307f11402fb7895
:10bd9e001946f868fbf7b1fb034618463037bd4627
:02bdae0080bd56
:020000040000fa
:020000040043b7
:10bdb0002de9b04f88b000af78610b46fa60fb7494
:10bdc000fb6800229a4693464fea5a754feaca0426
:10bdd000fb7c00229846914644ea08033b6045ea12
:10bde00009037b60d7e90034c7e90634d7e90623a5
:10bdf0007869f7f7fbfe034618462037bd46bde8d5
:02be0000b08f01
:020000040000fa
:020000040043b7
:10be020080b584b000af78607b68fb60fb681b681c
:10be12005b6903f00203002b17d0fb68343307f190
:10be22000b0211461846faf773ff0346002b04d0a3
:10be3200fa7afb681b68da6107e0fb681b6802227a
:10be4200da60fb68002283f8742000bf1037bd4619
:02be520080bdb1
:020000040000fa
:020000040043b7
:10be540080b58ab004aff860b9607a60fb70bb68e3
:10be64007b617b68002b08d0bb68002b03d0bb68c8
:10be74001b68002b01d1bb6a7b61fa78bb6a029311
:10be840097f82430019397f82030009313467a688a
:10be94007969f868e3f770fb034618461837bd461e
:02bea40080bd5f
:020000040000fa
:020000040043b7
:10bea60070b500239ab098420393a6bf00f10043f1
:10beb60003f1ff334ff0ff330d461190049000213c
:10bec600044602a81646129306f0c1fbdde91e23be
:10bed6003146cde9002302a80122dcf7c2f835b1cc
:10bee600dde911329b1a179a13441c442c601ab0d0
:02bef60070bd1d
:020000040000fa
:020000040043b7
:10bef80080b584b000af78603960786805f08cf858
:10bf08000346002b01d0062316e07b6820333a68ed
:10bf18000121184605f010fb0346fb73fb7b002b41
:10bf280001d0fb7b08e0786805f076f80346002b23
:10bf380001d0062300e0002318461037bd4680bd17
:020000040000fa
:020000040043b7
:10bf480080b584b000af78600b46fb707b68002b2f
:10bf580002d0fb780f2b02d94ff0ff3314e00023f7
:10bf68007b8107f10a0319467868fcf72efff86011
:10bf7800fb68002b01ddfb6806e07b891a46fb782d
:10bf880022fa03f303f0010318461037bd4680bdbb
:020000040000fa
:020000040043b7
:10bf980080b400af104b00221a63104b4ff47102ab
:10bfa800da6100bf0d4b9b6e03f04003402bf9d1c3
:10bfb8000a4b1b6b094a23f40053136300bf074b5a
:10bfc8009b6e03f00803082bf9d100bf00bfbd46e4
:10bfd8005df8047b704700bf00040e4000060e4069
:020000040000fa
:020000040043b7
:10bfe80080b582b000af78607b681b88282b08d1a9
:10bff8007b685b68dbb219460b48faf7b9fc01238a
:10c008000de07b681b88292b08d17b685b68dbb255
:10c0180019460648faf7acfc012300e0002318464d
:10c028000837bd4680bd00bff06141001062410085
:020000040000fa
:020000040043b7
:10c0380080b5c2b000af07f58473a3f582731860aa
:10c0480007f58473a3f58473196007f58473a3f562
:10c05800847307f108001b68074a4ff4807106f0e3
:10c0680069f807f108031946044804f047f800bfc7
:10c0780007f58477bd4680bdf08f4300001a0e4057
:020000040000fa
:020000040043b7
:10c0880080b5a6b000aff860b9607a600023a7f861
:10c09800923007f1920319460b48fcf796fec7f851
:10c0a8009400b7f8923007f11000084a802106f092
:10c0b80041f807f110031946f868f8f763f800bf6c
:10c0c8009837bd4680bd00bf6c74452014154400e8
:020000040000fa
:020000040043b7
:10c0d80080b582b000af78600b46fb70fb781946dc
:10c0e8000d4800f03dfc0d4b1b8801339ab20b4bf9
:10c0f8001a800a4b1b887e2b0ad9084b00221a800b
:10c1080002f05cfe0346022b02d10a20fdf7bef9bd
:10c1180000bf0837bd4680bd001a0e400a6645209c
:020000040000fa
:020000040043b7
:10c1280080b483b000af786039600d4a7b681360d3
:10c138000c4a3b6813600c4b00221a607b68002b8a
:10c1480005d03b68002b02d07b6800221a70074b91
:10c1580001221a7000bf0c37bd465df8047b70479a
:10c16800386b45203c6b4520406b45203b594520aa
:020000040000fa
:020000040043b7
:10c1780080b485b000af78600023fb737b689a8831
:10c188007b68db889a4214d07b681b687a6892883f
:10c1980013441b78fb737b689b8801339bb27a68d6
:10c1a8001289b3fbf2f101fb02f29b1a9ab27b6887
:10c1b8009a80fb7b18461437bd465df8047b7047b0
:020000040000fa
:020000040043b7
:10c1c80080b584b000af78607b68002b0cd14ff04d
:10c1d800800372b683f31188bff36f8fbff34f8f5d
:10c1e80062b6fb6000bffee7fdf798fb064b1a68d6
:10c1f8007b681a60054b1a687b685a60fff784f8f9
:10c2080000bf1037bd4680bd9c6b4520886b45201c
:020000040000fa
:020000040043b7
:10c2180080b584b000af78600023fb6018e0bb688d
:10c22800002b03d0bb681846f1f784fb7a68fb68db
:10c2380002339b0013445b6807f10801002218468b
:10c2480004f010ff0346012be9d0fb680133fb60c3
:10c25800fb68002beadd002318461037bd4680bd79
:020000040000fa
:020000040043b7
:10c2680080b485b000af786039604ff0ff33fb6071
:10c278000ee07b685a1c7a601b781a46fb685340ac
:10c28800dbb20a4a52f82320fb681b0a5340fb60c2
:10c298003b685a1e3a60002bebd1fb68db4318461b
:10c2a8001437bd465df8047b704700bf90744100a9
:020000040000fa
:020000040043b7
:10c2b80080b582b000af78607b68d3f8023018464a
:10c2c80003f02efc02467b68c3f802207b689b794a
:10c2d800c82b02d96ff001030be0084b1b687a6882
:10c2e800d01d7a68d2f8022011467a689279984768
:10c2f800002318460837bd4680bd00bf0875452095
:020000040000fa
:020000040043b7
:10c3080080b582b000af78607b68d3f802301846f9
:10c3180003f006fc02467b68c3f802207b689b7921
:10c32800c82b02d96ff001030be0084b1b687a6831
:10c33800d2f8022010467a68d11d7a689279984717
:10c34800002318460837bd4680bd00bf0875452044
:020000040000fa
:020000040043b7
:10c3580080b582b000af78607b6893f8293003f02d
:10c368000103dbb2002b14d07b681b68002b10d0b4
:10c378000a4b5a697b681b689a4208d0074b5b696d
:10c3880079681846faf7c2ff0346002b01d001234b
:10c3980000e0002318460837bd4680bd30694520b7
:020000040000fa
:020000040043b7
:10c3a80080b582b000af0023fb8014e0fb880e4a02
:10c3b80052f823301846fdf74ffbfb880a4a52f81b
:10c3c8002320fb88126809492c339b000b445a60d0
:10c3d800fb880133fb80fb880b2be7d900bf00bf2c
:10c3e8000837bd4680bd00bfb40244003c5b452011
:020000040000fa
:020000040043b7
:10c3f80080b584b000aff860b9607a60fb70bb6844
:10c40800002b02d16ff00f0316e07b68002b09d0d8
:10c418007b681b891946b868fdf7a4f87868f6f7b1
:10c4280036fc08e097f90330002b04d1b86802f015
:10c438001ffd034600e0002318461037bd4680bda7
:020000040000fa
:020000040043b7
:10c4480080b582b000af03460a46fb711346bb7144
:10c458000e4b93f83230ba799a4211d00b4abb7915
:10c4680082f83230094b1b79012b0bd1074b012283
:10c4780083f83020fb7900211846e9f7a9fe02e08d
:10c4880000bf00e000bf0837bd4680bd04674520f7
:020000040000fa
:020000040043b7
:10c4980080b586b000aff8607a603b600b46fb72ef
:10c4a80007f11402fb7a1946f868fcf7b9f97b68ba
:10c4b800da437b6913407b613968786804f043fe8e
:10c4c80002467b6913437b617a69fb7a1946f868ef
:0ec4d800fff7d0f8034618461837bd4680bd62
:020000040000fa
:020000040043b7
:10c4e60080b584b000af78600b46fb7013463b8086
:10c4f600fb783b723b88dbb27b723b881b0a9bb2a4
:10c50600dbb2bb727b6818687b68197907f1080291
:10c516000323f2f7cefc0346fb60fb68002b14bf37
:0ec5260001230023dbb218461037bd4680bd4e
:020000040000fa
:020000040043b7
:10c5340080b584b000af786039603b681b689b6845
:10c54400fb603b685b681a46f9687868fdf7adf8ec
:10c554003b685a687b681a613b6803f10c027b688c
:10c564005a61fb689b7803f0c003802b03d13b68be
:0ec574001a1d7b681a6100bf1037bd4680bdde
:020000040000fa
:020000040043b7
:10c5820080b487b000aff860b9607a60fb685b681e
:10c592003b613a697b681a44fb685a6000237b61fd
:10c5a2000ae0ba687b691a4439697b690b441278dc
:10c5b2001a707b6901337b617a697b689a42f0d396
:0ec5c200012318461c37bd465df8047b704708
:020000040000fa
:020000040043b7
:10c5d00080b584b000af78607b68002b01d1042364
:10c5e00019e07b681b68184605f0fefbf860fb68e5
:10c5f000002b01d0fb680ee07b681b681846fcf737
:10c60000dbf8f860fb68002b01d0fb6803e078687a
:0ec61000ddf706fa034618461037bd4680bd1a
:020000040000fa
:020000040043b7
:10c61e0013b5836a8df80710044673b16369a26a75
:10c62e00934212d3e36a01220df107012046984787
:10c63e00012806d19df8070005e006f01cf8002839
:10c64e00ecd04ff0ff3002b010bd9df8070094f90a
:0ec65e0034209042e6d05a1c62611870f3e757
:020000040000fa
:020000040043b7
:10c66c0080b584b000af7860786802f0ddf9f860ce
:10c67c00fb68b3f1ff3f12d0fb681f2b06d80a4aa8
:10c68c000121fb6801fa03f3136109e0fb68203b0d
:10c69c00054a012101fa03f3c2f8003100e000bfa2
:0cc6ac001037bd4680bd00bf00060e40e8
:020000040000fa
:020000040043b7
:10c6b80080b400af104b80221a600f4b28221a60fa
:10c6c8000d4b1b6903f07c520b4948f699531343f1
:10c6d8000b61094b4ff080721a60074b07229a6270
:10c6e800054b4ff440725a62034b04221a6000bf94
:0cc6f800bd465df8047b70470000064062
:020000040000fa
:020000040043b7
:04c704000000000031
:020000040000fa
:020000040043b7
:10c70800b0b582b000afc7e90001d7e900010e4d0e
:10c7180000242a1a64eb01034ff000004ff00001d7
:10c72800590641ead211500605a3d3e90023f7f7c9
:10c738003bfc02460b46134618460837bd46b0bdbb
:0cc7480000f9029500000000807c814a8e
:020000040000fa
:020000040043b7
:10c7540080b483b000af78607b6840f2ea521a84f8
:10c764007b680f2283f829207b68452283f82a20de
:10c774007b68582283f82b207b68064a5a617b68c1
:10c78400054a1a61002318460c37bd465df8047b40
:0cc79400704700bf657943008518440021
:020000040000fa
:020000040043b7
:10c7a00080b586b000aff860b9607a60b86805f00f
:10c7b00039ff03463b61b968f86801f0f2fb0023da
:10c7c0007b6106e00849f86801f0ebfb7b69013307
:10c7d0007b617a683b69d31a7a699a42f2db00bfbf
:0cc7e00000bf1837bd4680bd1c5f420042
:020000040000fa
:020000040043b7
:10c7ec0080b483b000af786039607b68002b07d0d1
:10c7fc003b68002b04d07b6893f82030072b01d9c1
:10c80c0000230de07b6893f820305a1cd1b27a6873
:10c81c0082f8201019467b683a6843f821200123de
:0cc82c0018460c37bd465df8047b7047d1
:020000040000fa
:020000040043b7
:10c8380080b584b000af786039607b685b68fb6066
:10c848007b685b681b889bb21a463b68934208d199
:10c858007b685b689b7803f00f03082b01d00123ea
:10c8680008e07868eff778f87b685b68fa689a42be
:0cc87800e6d1002318461037bd4680bdf5
:020000040000fa
:020000040043b7
:10c8840080b584b000af7860396007f10c030422ee
:10c8940019467868f2f788fd034683f00103dbb29a
:10c8a400002b01d000230de03b7b1a467b7b1b024f
:10c8b4001a43bb7b1b041a43fb7b1b061a433b68ce
:0cc8c4001a60012318461037bd4680bde5
:020000040000fa
:020000040043b7
:10c8d00080b584b000aff860b9607a60bb68d3f807
:10c8e0000b30002b0bd1fb681b69002b02d0fb68bf
:10c8f0001b6900e0084bfa681361002308e0bb687d
:10c90000d3f80b307a681946f868edf7fffe034656
:0cc9100018461037bd4680bd600a430089
:020000040000fa
:020000040043b7
:10c91c0080b582b000af78600b467b807b88b3f526
:10c92c003b6f01d1012315e0786802f027fa03462a
:10c93c001a467b88934207d0786802f001fa0346c6
:10c94c001a467b88934201d1012300e0002303f0b7
:0cc95c000103dbb218460837bd4680bd61
:020000040000fa
:020000040043b7
:10c9680080b584b000af78600b46fb70786800f043
:10c97800e3fbf860fb68002b01d1002312e0fb68a1
:10c988003433fa7811461846f9f7b4fb034683f0b6
:10c998000103dbb2002b01d0002303e0f868fef7a7
:0cc9a8009efa012318461037bd4680bde2
:020000040000fa
:020000040043b7
:10c9b40080b582b000af786039607b681b6c002b57
:10c9c40018d07b68da687b681b6c1a447b68da6071
:10c9d4007b68da687b689b689a4203d37b681a6831
:10c9e4007b68da607b68d9687b681b6c1a46386898
:0cc9f40005f00afe00bf0837bd4680bdfc
:020000040000fa
:020000040043b7
:10ca000080b584b000af786039607b68002b0cd1b2
:10ca10004ff0800372b683f31188bff36f8fbff3bb
:10ca20004f8f62b6fb6000bffee7074b1b681833f1
:10ca300019467868fbf74efe01213868eff7bafc1b
:0cca400000bf1037bd4680bd746b452060
:020000040000fa
:020000040043b7
:10ca4c0080b582b000af09e00e4b1b68db681b6839
:10ca5c003b604ff0ff313868fdf7defb094b1b687c
:10ca6c001b68002bf0d1074b1b687b60064b1b68c7
:10ca7c00044a1360044a7b68136000bf0837bd4644
:0cca8c0080bd00bfb06b4520b46b45209e
:020000040000fa
:020000040043b7
:10ca980080b582b000af786039600e4b9b79002b6f
:10caa80004d07a680c490620f2f740fb3b68b3f1e2
:10cab800ff3f7b681b6839681846e3f7d1fe0346d9
:10cac800012b01d1012300e0002318460837bd4699
:0ccad80080bd00bfb0744520c0274400a2
:020000040000fa
:020000040043b7
:10cae40080b582b000af78607b68002b1bd07b6878
:10caf40093f8293003f00403002b14d17b6893f8d6
:10cb0400293043f00403dab27b6883f82920032137
:10cb14007868fef777f87b689b69002b03d07b6805
:0ccb24009b69786898470837bd4680bdc3
:020000040000fa
:020000040043b7
:10cb300080b582b000af06f025f938600d4b0022b9
:10cb40001a70386805f04cff0b4b1b687b600ae0dd
:10cb50007b685b6f002b03d0786804f0d5f905e0a3
:10cb60007b68db687b607b68002bf1d10837bd46b2
:0ccb700080bd00bfcb6645206c6c4520ea
:020000040000fa
:020000040043b7
:10cb7c0080b582b000af104b1b687b6014e07b6803
:10cb8c00db683b607b685b8b03f00803002b09d0f0
:10cb9c007b685b8b23f008039ab27b685a837868b6
:10cbac00f6f725f93b687b607b68002be7d100bf6b
:0ccbbc0000bf0837bd4680bd6c6c4520f2
:020000040000fa
:020000040043b7
:10cbc80080b485b000af0346fb800b46bb8013469c
:10cbd8007b80ba887b881344fb81ba88fb899a4298
:10cbe80004d8fa89fb885b009a4208dbfb885b0063
:10cbf8009bb25b42bb81fa89bb891344fb81fb89e9
:0ccc080018461437bd465df8047b7047e9
:020000040000fa
:020000040043b7
:10cc140080b485b000af03460a46fb711346bb716e
:10cc2400bb79bb73bb7b03f00f03dbb2fb730a4a14
:10cc3400fb7b7c334ff4002142f82310fb7b002b59
:10cc440003d1054b0422c3f8f02100bf1437bd46bd
:0ccc54005df8047b704700bf00800340c7
:020000040000fa
:020000040043b7
:10cc600080b485b000af03460a46fb711346bb7122
:10cc7000bb79bb73bb7b03f00f03dbb2fb730a4ac8
:10cc8000fb7b88334ff4002142f82310064afb7bdc
:10cc90007c334ff4802142f8231000bf1437bd4687
:0ccca0005df8047b704700bf008003407b
:020000040000fa
:020000040043b7
:10ccac000100160100ffff800000000000000002e0
:10ccbc0000110300fdff0400000000000000030051
:10cccc00110400fcff040000000000000004001729
:10ccdc000800f8ff100000001405440000000000dc
:0bccec0000000000000000000000003d
:020000040000fa
:020000040043b7
:10ccf8000100270200feffc100040098ec43000277
:10cd08000000020000000400000000000000030012
:10cd1800000000000001000000000000000a0016ea
:10cd28000100ffff000100000000000000000000fb
:0bcd38000000000000000000000000f0
:020000040000fa
:020000040043b7
:10cd440080b582b000af786039603b689b68002b87
:10cd54000ed03b689b681a4600213868f2f724fb22
:10cd6400034683f00103dbb2002b01d0002308e06b
:10cd74003b685a687b685a603b68da687b68da60ab
:0acd8400012318460837bd4680bda4
:020000040000fa
:020000040043b7
:10cd8e0080b58ab000aff860b9607a6007f114031d
:10cd9e0000221a605a609a60da601a6107f1140371
:10cdae007a68b9681846f8f7b5ff034683f00103b1
:10cdbe00dbb2002b01d0002303e03a6afb681a6055
:0acdce00012318462837bd4680bd3a
:020000040000fa
:020000040043b7
:10cdd80080b584b000af78607b68fb60fb68002b8f
:10cde8000cd14ff0800372b683f31188bff36f8fb5
:10cdf800bff34f8f62b6bb6000bffee7f868fbf772
:10ce080021fafb6893f84630002b02d1f868f0f756
:0ace180041fa00bf1037bd4680bd8f
:020000040000fa
:020000040043b7
:10ce220080b584b000af786039603968786806f000
:10ce320034f8786805f0f5fbf86007e07a68fb687b
:10ce4200134420221a70fb680133fb60fb680e2b2f
:10ce5200f4d97a68fb68134400221a707a68fb6876
:0ace6200134418461037bd4680bd8a
:020000040000fa
:020000040043b7
:10ce6c0080b582b000af786039607b68002b02d14e
:10ce7c006ff0010315e03b6804211846fdf70bfc2d
:10ce8c0002467b681a617b681b69002b02d14ff04c
:10ce9c00ff3306e07b689b6943f480527b689a61a0
:0aceac00002318460837bd4680bd7c
:020000040000fa
:020000040043b7
:10ceb60010b590f948305a1e134380f84830d0e92f
:10cec60005239a42044603d90022c36a11469847ad
:10ced60060680023c4e90533a362830755bfd4e91c
:10cee600023240f010009b18606056bfc4e90f3351
:0acef6004ff0ff3040f3c00010bd04
:020000040000fa
:020000040043b7
:10cf000080b485b000af78607b6803f00703fb60f6
:10cf10000b4bdb68bb60ba684ff6ff031340bb6086
:10cf2000fb681a02bb681a43064b1343bb60044af2
:10cf3000bb68d36000bf1437bd465df8047b704703
:08cf400000ed00e00000fa051d
:020000040000fa
:020000040043b7
:10cf480080b485b000af78600d4bfb600ce07b6867
:10cf58005a1c7a601b781a46fb685340fb60fb68d2
:10cf6800084a02fb03f3fb607b681b78002beed1b9
:10cf7800fb6818461437bd465df8047b704700bf50
:08cf8800c59d1c81930100010d
:020000040000fa
:020000040043b7
:10cf900080b586b000aff860b9607a6000237b612d
:10cfa00010e07b699b00ba6813441b681946f86857
:10cfb00005f0d8fb0346002b01d17b6908e07b69b3
:10cfc00001337b617a697b689a42eadb4ff0ff3379
:08cfd00018461837bd4680bd6c
:020000040000fa
:020000040043b7
:10cfd80080b588b000af7860396007f108033a6817
:10cfe80079681846fcf75ffb034683f00103dbb260
:10cff800002b0dd107f108031846e9f773fe07f176
:10d0080008031846eef7a8fc0346002bf2d100e00f
:08d0180000bf2037bd4680bdba
:020000040000fa
:020000040043b7
:10d0200080b584b000af786039603b681b689b684e
:10d03000fb60fb689b7803f0c003802b08d13b6842
:10d0400004331a46f9687868fcf73efe034607e0a9
:10d050003b685b681a46f9687868fcf735fe03465a
:08d0600018461037bd4680bde3
:020000040000fa
:020000040043b7
:10d0680080b483b000af0346fb71fb79013b0c2b06
:10d078008cbf01220022d2b2002a0ed141f677726b
:10d0880022fa03f303f00103002b14bf012300234a
:10d09800dbb2002b01d0012300e0002318460c3737
:08d0a800bd465df8047b7047f2
:020000040000fa
:020000040043b7
:10d0b00080b584b004af00230293002301930a4b90
:10d0c00000930a4b002201214ff48050eaf7a8fa9e
:10d0d0000346074a1360012003f02cf80346054a73
:10d0e000136000bfbd4680bd506845204cf744200a
:08d0f000506b45204c6b4520fc
:020000040000fa
:020000040043b7
:10d0f80080b500af0c4b5a680b4b1b7a0b490a489a
:10d10800fbf7befd0a4b5a68094b1b7a07490848ca
:10d11800fbf7b6fd074b5a68064b9b680349054861
:10d12800f7f7d0fe00bf80bd2873452088744520de
:08d138003c73452050734520b3
:020000040000fa
:020000040043b7
:10d1400080b485b000af78600023fb600fe00d4a2b
:10d15000fb68db0113441b687a689a4204d1fb68c0
:10d16000db01084a134406e0fb680133fb60fb68ff
:10d17000002becd0002318461437bd465df8047b25
:08d18000704700bf4470452018
:020000040000fa
:020000040043b7
:10d1880080b582b000af0346fb710c4b4ff0805264
:10d198001a630b4afb791370094b00225a70084b2b
:10d1a80000229a70fb79012b03d10021054803f076
:10d1b8003ffd002318460837bd4680bd00140e40c9
:08d1c800c86c452055f8430036
:020000040000fa
:020000040043b7
:10d1d00080b582b000af4ff0800372b683f3118840
:10d1e000bff36f8fbff34f8f62b67b6000bfe1f775
:10d1f0007ffe0346002b03d0064b4ff080521a608f
:10d2000000233b603b6883f3118800bf00bf0837f1
:08d21000bd4680bd04ed00e005
:020000040000fa
:020000040043b7
:10d2180080b485b000af786039607b685b68fb607c
:10d228003b68fa685a60fb689a683b689a60fb68d2
:10d238009b683a685a60fb683a689a603b687a6803
:10d248001a617b681b685a1c7b681a6000bf143718
:08d25800bd465df8047b704740
:020000040000fa
:020000040043b7
:10d2600080b58ab004aff860b9607a603b60002393
:10d270003b6107f110030393bb6a02937b6a01933e
:10d280003b6a00933b687a68b968f868f2f754ff24
:10d2900078617b69002b02d07869ebf723fe3b694c
:08d2a00018461837bd4680bd99
:020000040000fa
:020000040043b7
:10d2a80080b485b000af78600e4b1b681b68002bfc
:10d2b80001d1012200e000227b681a607b681b68ac
:10d2c800002b05d1074b1b68db681b68fb6001e07e
:10d2d8000023fb60fb6818461437bd465df8047be5
:08d2e800704700bfb06b452048
:020000040000fa
:020000040043b7
:10d2f00080b588b002aff860b9607a603b6007f132
:10d30000100301933b6a00933b687a68b968f86838
:10d3100000f0e1f978617b69012b02d04ff0ff3317
:10d3200006e07b6a002b02d03a697b6a1a60002310
:08d3300018461837bd4680bd08
:020000040000fa
:020000040043b7
:10d3380090b585b000af78607b685b895c1d05f0af
:10d34800b9f803469c4201d9002311e07b685b8948
:10d3580010337a681344fb607b685b8905339ab2a3
:10d368007b685a8105220021f86805f0a3fbfb6859
:08d3780018461437bd4690bdb4
:020000040000fa
:020000040043b7
:10d3800080b582b000af78603960386802f062ff23
:10d3900039687868f7f7cef80346002b0bda084bac
:10d3a0005b78002b04d07a6806490120f1f7c2feb1
:10d3b0006ff0080300e0002318460837bd4680bd23
:08d3c000b0744520080641008d
:020000040000fa
:020000040043b7
:10d3c80080b582b000af786003f0e2fa0a4b1b68c0
:10d3d800002b03d1094b1b68002b05d000220849fc
:10d3e800fa2003f0abfb03e0064b00221a6000bff3
:10d3f80000bf0837bd4680bd6c6c4520706c452069
:08d40800c9d34300946c4520d8
:020000040000fa
:020000040043b7
:10d4100080b485b000af78600023fb6012e00d4a55
:10d42000fb6802339b0013445b68002b07d1094a59
:10d43000fb6802339b0013447a685a6005e0fb687e
:10d440000133fb60fb68002be9dd1437bd465df856
:08d45000047b704704674520ce
:020000040000fa
:020000040043b7
:10d4580080b483b000af0346fb7197f90730002b07
:10d4680012dbfb7903f01f020a4997f907305b09c1
:10d47800012000fa02f2203341f82320bff34f8f36
:10d4880000bfbff36f8f00bf00bf0c37bd465df80c
:08d49800047b704700e100e095
:020000040000fa
:020000040043b7
:10d4a0000278202a034600f10100f9d0a2f1090117
:10d4b0000429f5d92b2a06d02d2a13d101210133b5
:10d4c000013b002006e00021f9e700bf00eb8000ef
:10d4d000c2eb400013f8012f303a092af6d901b9fe
:08d4e000404270470021ebe718
:020000040000fa
:020000040043b7
:10d4e8000278202a034600f10100f9d0a2f10901cf
:10d4f8000429f5d92b2a06d02d2a13d1012101336d
:10d50800013b002006e00021f9e700bf00eb8000a6
:10d51800c2eb400013f8012f303a092af6d901b9b5
:08d52800404270470021ebe7cf
:020000040000fa
:020000040043b7
:10d5300053687574646f776e207265717565737466
:10d5400065642c20627574206e6f7420696d706c38
:10d55000656d656e7465642e2053797374656d20f6
:10d5600077696c6c20636f6e74696e756520727577
:07d570006e6e696e672e006c
:020000040000fa
:020000040043b7
:10d5780080b582b000af78600b46fb70fb78002b5b
:10d5880007d07b681b7c43f00203dab27b681a740d
:10d5980006e07b681b7c23f00203dab27b681a740e
:10d5a800fb78012200217868fef772ff03461846cf
:06d5b8000837bd4680bdee
:020000040000fa
:020000040043b7
:10d5be0080b582b000af78600b46fb70fb78002b15
:10d5ce0007d07b681b7c43f00403dab27b681a74c5
:10d5de0006e07b681b7c23f00403dab27b681a74c6
:10d5ee00fb78022200217868fef74fff03461846ab
:06d5fe000837bd4680bda8
:020000040000fa
:020000040043b7
:10d6040080b584b000af78600b46fb707b68db6844
:10d61400fb60fb681033fa7811461846fef7a6f94a
:10d62400034683f00103dbb2002b08d0fb6893f8b8
:10d63400333043f00103dab2fb6883f8332000bfd0
:06d644001037bd4680bd59
:020000040000fa
:020000040043b7
:10d64a0080b584b000af786039603b681b68fb60c6
:10d65a00fb68dbb23b72fb681b0adbb27b72fb68be
:10d66a001b0cdbb2bb72fb681b0edbb2fb7207f151
:10d67a000803042219467868f8f769fc0346184635
:06d68a001037bd4680bd13
:020000040000fa
:020000040043b7
:10d6900080b584b000aff860b9607a60fb70bb6899
:10d6a000002b03d1bb69ba691a6002e0bb697a68d2
:10d6b0001a60bb69fa68da63bb69ba681a64012147
:10d6c000b869ecf7bbf8bb69fa7883f84c2000bf67
:06d6d0001037bd4680bdcd
:020000040000fa
:020000040043b7
:10d6d60080b588b002aff860b9607a603b607b6a5b
:10d6e60001933b6a00933b687a68b968f868f9f772
:10d6f6000efc38613b69002b05d03869ebf7effb70
:10d7060001237b6102e04ff0ff337b617b691846a2
:06d716001837bd4680bd7e
:020000040000fa
:020000040043b7
:10d71c0080b584b000af78607b680433184600f0a5
:10d72c0009fbf860fb68002b02d16ff001030ee0df
:10d73c007b6898787b68db781a46f96803f0c9fc3b
:10d74c000346002b02d06ff0010300e000231846c3
:06d75c001037bd4680bd40
:020000040000fa
:020000040043b7
:10d76400436f6e6e656374696f6e2062756666657d
:10d77400722071756575652066756c6c21000000fa
:10d784005761726e696e6720736f636b6574206393
:10d794006f6e6e656374696f6e2071756575652053
:05d7a40066756c6c00cd
:020000040000fa
:020000040043b7
:10d7ac0080b485b000af78607b68002b12d07b68aa
:10d7bc001b680b4a52f82330fb607b685b680122c4
:10d7cc0002fa03f3bb60fb68ba681a637b68012238
:10d7dc001a7200e000bf1437bd465df8047b704739
:04d7ec008c21440048
:020000040000fa
:020000040043b7
:10d7f00080b485b000af78607b68002b12d07b6866
:10d800001b680b4a52f82330fb607b685b6801227f
:10d8100002fa03f3bb60fb68ba685a637b680022b4
:10d820001a7200e000bf1437bd465df8047b7047f4
:04d830008c21440003
:020000040000fa
:020000040043b7
:10d8340090b587b000aff860b9607a6004f0c0f8c2
:10d8440078610ce004f0bcf802467b69d41a78686d
:10d85400f7f785fb03469c4201d3032306e0fb68ec
:10d864001a68bb681340002becd0002318461c3701
:04d87400bd4690bd60
:020000040000fa
:020000040043b7
:10d8780090b587b000aff860b9607a6004f09ef8a0
:10d8880078610ce004f09af802467b69d41a78684b
:10d89800f7f763fb03469c4201d3032306e0fb68ca
:10d8a8001a68bb681340002becd1002318461c37bc
:04d8b800bd4690bd1c
:020000040000fa
:020000040043b7
:10d8bc0080b400af0d4b4ff480721a630b4b0c4ac3
:10d8cc005a600a4b5b68094a43f4a0535360074bf8
:10d8dc0042f21072da61054b00225a61034b0022ae
:10d8ec009a6100bfbd465df8047b704700c00040e4
:04d8fc0000c0292916
:020000040000fa
:020000040043b7
:10d9000080b400af0d4b4ff480721a630b4b0c4a7e
:10d910005a600a4b5b68094a43f4a0535360074bb3
:10d9200042f21072da61054b00225a61034b002269
:10d930009a6100bfbd465df8047b7047000001405e
:04d9400000c02920da
:020000040000fa
:020000040043b7
:10d9440080b400af0d4b4ff480721a630b4b0c4a3a
:10d954005a600a4b5b68094a43f4a0535360074b6f
:10d9640042f21072da61054b00225a61034b002225
:10d974009a6100bfbd465df8047b704700400140da
:04d9840000c029298d
:020000040000fa
:020000040043b7
:10d9880080b400af0d4b4ff480721a670b4b0c4af2
:10d998005a640a4b5b6c094a43f4a0535364074b1f
:10d9a80042f21072da65054b00225a65034b0022d9
:10d9b8009a6500bfbd465df8047b70470040014092
:04d9c80000c0292052
:020000040000fa
:020000040043b7
:10d9cc0080b582b000af78600b46fb70084b00222c
:10d9dc001a60002003f070ff06490748f7f79cfb1c
:10d9ec000649074802f088fb00bf0837bd4680bdda
:10d9fc00fc6a45202906440060624520c854420058
:04da0c00001a0e40ae
:020000040000fa
:020000040043b7
:10da100080b584b000aff860b9607a6004f08efc25
:10da20000346002b04d00849f868f6f7affb03e083
:10da30000649f868f6f7aafb0549f868f6f7a6fb69
:10da400000bf1037bd4680bd98de4000a8de400014
:04da5000dcd04000e6
:020000040000fa
:020000040043b7
:10da540080b584b000aff860b9607a6004f078fcf7
:10da64000346002b04d00849f868f6f78dfb03e061
:10da74000649f868f6f788fb0549f868f6f784fb69
:10da840000bf1037bd4680bdecde40000cdf400017
:04da9400dcd04000a2
:020000040000fa
:020000040043b7
:10da980080b584b000aff860b9607a6004f062fcc9
:10daa8000346002b04d00849f868f6f76bfb03e03f
:10dab8000649f868f6f766fb0549f868f6f762fb69
:10dac80000bf1037bd4680bd50df400060df40001a
:04dad800dcd040005e
:020000040000fa
:020000040043b7
:10dadc0080b584b000aff860b9607a6004f04cfc9b
:10daec000346002b04d00849f868f6f749fb03e01d
:10dafc000649f868f6f744fb0549f868f6f740fb69
:10db0c0000bf1037bd4680bd98df4000a8df400045
:04db1c00dcd0400019
:020000040000fa
:020000040043b7
:10db200080b584b000aff860b9607a6004f036fc6c
:10db30000346002b04d00849f868f6f727fb03e0fa
:10db40000649f868f6f722fb0549f868f6f71efb68
:10db500000bf1037bd4680bdecdf400004e0400050
:04db6000dcd04000d5
:020000040000fa
:020000040043b7
:10db640080b584b000aff860b9607a6004f020fc3e
:10db74000346002b04d00849f868f6f705fb03e0d8
:10db84000649f868f6f700fb0549f868f6f7fcfa69
:10db940000bf1037bd4680bd3ce040004ce0400073
:04dba400dcd0400091
:020000040000fa
:020000040043b7
:10dba80080b584b000aff860b9607a6004f00afc10
:10dbb8000346002b04d00849f868f6f7e3fa03e0b7
:10dbc8000649f868f6f7defa0549f868f6f7dafa6a
:10dbd80000bf1037bd4680bd84e0400098e040009b
:04dbe800dcd040004d
:020000040000fa
:020000040043b7
:10dbec0080b582b000af786039600b49786800f07e
:10dbfc00d2f93968786800f0cef90849786800f0f5
:10dc0c00caf9074b1b681946786800f0c4f900bfc5
:10dc1c000837bd4680bd00bf24604200386042001a
:04dc2c00cc7445204f
:020000040000fa
:020000040043b7
:10dc300080b584b000af786039600023fb730ee0dc
:10dc4000fa7b7b6853f82230002b05d0fa7b7b6887
:10dc500053f8223038689847fb7b0133fb737b68ad
:10dc600093f82030fa7b9a42ead300bf00bf103706
:04dc7000bd4680bd70
:020000040000fa
:020000040043b7
:10dc740080b584b000af786039607b681868394635
:10dc840000230022e2f7e8fcf860fb68012b01d1d5
:10dc9400002309e0064bb3f8f43001339ab2044b85
:10dca400a3f8f4204ff0ff3318461037bd4680bd6b
:04dcb4003c5b452070
:020000040000fa
:020000040043b7
:10dcb80080b582b000af78600c4b9b79002b04d004
:10dcc8007a680b490620f1f731fa7b681868002357
:10dcd80000220021e2f7befc0346012b01d10123fb
:10dce80000e0002318460837bd4680bdb0744520c3
:04dcf800cc274400f1
:020000040000fa
:020000040043b7
:10dcfc0080b582b000af786039603b68db89c3f3d4
:10dd0c000413dbb21a46094b1b789a4204d03868cc
:10dd1c00eff70efe002305e0002205493868eff707
:10dd2c0031fb002318460837bd4680bd9c68452052
:04dd3c002c724520e0
:020000040000fa
:020000040043b7
:10dd400080b584b000af78600d4b1b68fb600ce0c1
:10dd5000fb681b680a2279681846f8f77bfc0346c3
:10dd6000002b06d0fb68db6bfb60fb68002befd160
:10dd700000e000bffb6818461037bd4680bd00bffd
:04dd8000f86b4520d7
:020000040000fa
:020000040043b7
:10dd840080b584b000af786039607b68002b01d126
:10dd9400002313e07b681b69002b01d100230de0f5
:10dda4007b681b6907f10c013a68184603f05cf9bb
:10ddb4000346012b01d1fb6800e00023184610370d
:04ddc400bd4680bd1b
:020000040000fa
:020000040043b7
:10ddc80080b485b000af0346fb71fb79002b0fd000
:10ddd8000b4b1b68fb60fb68002b09d0fb6893f8b2
:10dde8002c300133dbb2fa799a4201d1fb6800e0aa
:10ddf800002318461437bd465df8047b704700bf02
:04de0800586c4520ed
:020000040000fa
:020000040043b7
:10de0c0080b584b000af786039603b68fb6011e08e
:10de1c00fb681a687b681b689a4208d1fb68db6850
:10de2c00bb60f86804f08cfbbb68fb6002e0fb682d
:10de3c00db68fb60fb68002bead100bf00bf10372a
:04de4c00bd4680bd92
:020000040000fa
:020000040043b7
:10de500080b582b000af01237b600ee00b4a7b6887
:10de600052f833007b68db00084a13441a4608491d
:10de700002f068fe7b6801337b607b68022bedd982
:10de800000bf00bf0837bd4680bd00bf6425440009
:04de9000f59d4300b9
:020000040000fa
:020000040043b7
:10de940080b485b000af78600023fb6010e00c4aca
:10dea400fb68083352f82330002b06d10849fb687d
:10deb40008337a6841f8232005e0fb680133fb60ee
:10dec400fb68002bebdd1437bd465df8047b70471f
:04ded400046745207a
:020000040000fa
:020000040043b7
:10ded80080b485b000af78600023fb6010e00c4a86
:10dee800fb68023352f82330002b06d10849fb683f
:10def80002337a6841f8232005e0fb680133fb60b0
:10df0800fb68002bebdd1437bd465df8047b7047da
:04df18000467452035
:020000040000fa
:020000040043b7
:10df1c0070b598b004460d4616460021602268463e
:10df2c0004f0c6fd4ff0ff330021684602940f94b5
:10df3c00109304f089fb012231466846d6f7bef9ee
:10df4c0035b1dde90f329b1a159a13441c442c6031
:04df5c0018b070bdcc
:020000040000fa
:020000040043b7
:10df600080b483b000af786039603b6803337a686f
:10df7000d2b21a707b681a0a3b680233d2b21a70a6
:10df80007b681a0c3b680133d2b21a707b681b0e97
:10df9000dab23b681a7000bf0c37bd465df8047bef
:02dfa0007047c8
:020000040000fa
:020000040043b7
:10dfa20080b584b000af78603960386804f039fb1e
:10dfb200b8600023fb600be07b681b683968fa6875
:10dfc2000a441278114678689847fb680133fb606f
:10dfd200fa68bb689a42efd300bf00bf1037bd4654
:02dfe20080bd00
:020000040000fa
:020000040043b7
:10dfe40080b483b000af78607b68da887b689b88f4
:10dff4009a4206d37b68da887b689b88d31a9bb2e3
:10e0040009e07b681a897b689b88d31a9ab27b687b
:10e01400db8813449bb218460c37bd465df8047b7d
:02e02400704743
:020000040000fa
:020000040043b7
:10e02600b0b584b000aff860b9607a607b68002252
:10e036001c46154622462b46f868f5f7d4fd0346de
:10e0460083f00103dbb2002b01d0002305e07a68e0
:10e05600b968f868f7f77dff034618461037bd46de
:02e06600b0bd4b
:020000040000fa
:020000040043b7
:10e0680080b584b000af78607868fff765f8f8602d
:10e07800fb68002b02d14ff0ff330ee0fb6804333e
:10e0880007f10b0211461846f8f73ffe0346002b2e
:10e0980001d0fb7a01e04ff0ff3318461037bd4638
:02e0a80080bd39
:020000040000fa
:020000040043b7
:10e0aa0080b584b000aff860b9607a6008e0fb68b8
:10e0ba009b69ba681344bb60fb681b6af868984797
:10e0ca00fb689a69bb68d118bb687a68f868f8f780
:10e0da0090fc0346002bead100bf00bf1037bd46b3
:02e0ea0080bdf7
:020000040000fa
:020000040043b7
:10e0ec0080b584b000af78607b68fb60fb68002b68
:10e0fc0001d1002311e0fb685b891846f2f76cfa3a
:10e10c00b860bb68002b07d004f0c6f903461a466a
:10e11c00f968b86804f074fabb6818461037bd4645
:02e12c0080bdb4
:020000040000fa
:020000040043b7
:10e12e0080b586b002af78600b467b8013463b808d
:10e13e000a2001f058fcf860fb68002b01d1002387
:10e14e000be079887a88002301933b8800930b4675
:10e15e007968f868fdf7adfcfb6818461037bd46c8
:02e16e0080bd72
:020000040000fa
:020000040043b7
:10e1700080b582b000af78600b467b8013467b7021
:10e18000b7f90230002b08dab7f902305b421946c2
:10e190007868faf7f1f9034607e0b7f902307a78c0
:10e1a00019467868f4f7b8fb034618460837bd46a9
:02e1b00080bd30
:020000040000fa
:020000040043b7
:10e1b40010b5054c237833b9044b13b10448aff3bd
:10e1c40000800123237010bddc684520000000009e
:10e1d4000000000008b5034b1bb103490348aff32b
:10e1e400008008bd00000000e06845200000000039
:020000040000fa
:020000040043b7
:10e1f40080b584b000af78600b46fb701346bb70eb
:10e20400fb783b72bb787b727b6818687b681979f2
:10e2140007f108020223f0f74dfef860fb68022bb9
:10e2240001d1012300e0002318461037bd4680bd0c
:020000040000fa
:020000040043b7
:10e2340080b584b000af78600b46fb707b68002b20
:10e2440002d0fb78012b01d904230de0f8780023d8
:10e2540001220021faf74dfd0346fb81fb89194693
:10e264007868fdf733fa034618461037bd4680bd7b
:020000040000fa
:020000040043b7
:10e2740080b584b000af78600b467b807b68002b50
:10e2840002d14ff0ff330fe07b881a4606217868ed
:10e29400fef727f9f860fb68002b01ddfb6803e05b
:10e2a4007b687a881a81002318461037bd4680bde2
:020000040000fa
:020000040043b7
:10e2b40080b400af0d4b4ff4c0425a600b4b0422a4
:10e2c4005a650a4b01229a65084b4ff4c0421a6002
:10e2d40000bf064b9b6e03f4c043b3f5c04ff8d1a7
:10e2e40000bf00bfbd465df8047b704700060e40ca
:020000040000fa
:020000040043b7
:10e2f40080b400af0b4b00221a600a4b00229a60d4
:10e30400084b094a5a60074b06221a60074b002241
:10e314009a60064b00221a6000bfbd465df8047b7c
:10e32400704700bf10e000e07fa90300086a4520a1
:020000040000fa
:020000040043b7
:10e3340080b582b000af0c4b1b6a03f014037b6002
:10e344000a4b5b683b60094b1b68002b07d07b685a
:10e35400002b04d0054b1b6839687868984700bfc8
:10e364000837bd4680bd00bf00400540bc6a45205b
:020000040000fa
:020000040043b7
:10e3740080b483b000af0c4b1b7ffb710b4b5b690c
:10e3840003f40073002b02d0fb79002b01d001238e
:10e3940000e0002303f00103dbb218460c37bd464e
:10e3a4005df8047b704700bfd06745200040024001
:020000040000fa
:020000040043b7
:10e3b40080b483b000af0c4b1b687b600b4b1b68b5
:10e3c4003b603a687b689a4204d83a687b68d31aff
:10e3d400ff3303e03a687b68d31a013b18460c37d5
:10e3e400bd465df8047b7047106b4520146b4520d7
:020000040000fa
:020000040043b7
:10e3f40080b485b000af786039607a683b68534078
:10e40400fb60fb681b0cfa681343fb60fb681b0a88
:10e41400fa681343fb60fb68dbb2002b0cbf0123db
:10e424000023dbb218461437bd465df8047b704701
:020000040000fa
:020000040043b7
:10e4340080b582b000af786039603b689b68002b80
:10e4440010d07b681b680921786898473b689b68f3
:10e4540019467868fff7a3fd044b1b6819467868d2
:10e46400fff79dfd00bf0837bd4680bdcc74452035
:020000040000fa
:020000040043b7
:10e4740080b483b000af0346fb71fb790d2b0bd046
:10e48400fb790a2b08d0fb79082b05d0fb79092be3
:10e4940002d0fb797f2b01d1012300e0002303f09c
:10e4a4000103dbb218460c37bd465df8047b7047a8
:020000040000fa
:020000040043b7
:10e4b40080b582b000af78600c4b1b68002b02d093
:10e4c4007b68002b01d100230ce0084b1868002363
:10e4d40000227968e2f7c0f80346012b0cbf012340
:10e4e4000023dbb218460837bd4680bd446b452087
:020000040000fa
:020000040043b7
:10e4f400b0b48bb000aff860b9607a600b4b7b614d
:10e50400bb68bb617b68fb6100233b6200237b62c9
:10e51400fb681d4607f114040fcc0fc523682b605c
:10e52400f8682c37bd46b0bc704700bf83c54300b4
:020000040000fa
:020000040043b7
:10e5340080b584b000af78600120f2f751f8f8603c
:10e54400fb68002b10d0fb68ff221a74fb680122c1
:10e554005a810022f9687868f7f70afb0346002b12
:10e5640002d1f868eff7e8f900bf1037bd4680bd67
:020000040000fa
:020000040043b7
:10e5740080b483b000af78607b6803f108027b68e5
:10e584005a607b684ff0ff329a607b6803f108029f
:10e594007b68da607b6803f108027b681a617b6838
:10e5a40000221a6000bf0c37bd465df8047b70473b
:020000040000fa
:020000040043b7
:10e5b40080b584b000af78607b68002b0cd14ff03d
:10e5c400800372b683f31188bff36f8fbff34f8f4d
:10e5d40062b6bb6000bffee7fbf7a2f97b689b6bea
:10e5e400fb60fcf793fefb6818461037bd4680bd00
:020000040000fa
:020000040043b7
:10e5f40080b485b000af78607b689a687b685b689c
:10e604001344fb607b681b68fa68d31afb607b6861
:10e614009b68fa689a4204d37b689b68fa68d31aa9
:10e62400fb60fb6818461437bd465df8047b7047f1
:020000040000fa
:020000040043b7
:10e6340080b584b000af786003f0c2f9f8600b4b8a
:10e644001b68fa689a4205d2fef7fef97b6801223c
:10e654001a6002e07b6800221a60044afb681360b7
:10e66400fb6818461037bd4680bd00bfc06b45200f
:020000040000fa
:020000040043b7
:10e6740080b500af0a4b1b68002b04d0084b1b6805
:10e68400984703460ae0074b5b78002b04d0064a00
:10e6940006490120f0f74cfd6ff00403184680bdd5
:10e6a400c46b4520b0744520002d4400e00e4400a6
:020000040000fa
:020000040043b7
:10e6b40080b500af0a4b1b68002b04d0084b1b68c5
:10e6c400984703460ae0074b5b78002b04d0064ac0
:10e6d40006490120f0f72cfd6ff00403184680bdb5
:10e6e400c86b4520b07445206c2b4400e00e4400f8
:020000040000fa
:020000040043b7
:10e6f40090b585b000af786039600c4b1b68fb6047
:10e7040002e0fb68db68fb60fb68002b0ad0fb6857
:10e71400197afb685a7afb687c683868a047034614
:10e72400002beed100bf1437bd4690bddc6b4520f5
:020000040000fa
:020000040043b7
:10e7340080b584b000aff860b9601346fb80fb88f5
:10e744001946f868f0f700ff0346002b01d00023b8
:10e7540008e0fb681b6d07f10801044a184602f043
:10e7640042ff034618461037bd4680bd0475452058
:020000040000fa
:020000040043b7
:10e7740080b588b004aff860b9607a60fb6803f1d3
:10e784002201fb6803f12200fb6801220392ba68ac
:10e794000292064a0192009303467a68f868f0f7f9
:10e7a40083f8034618461037bd4680bd702f4400d9
:020000040000fa
:020000040043b7
:10e7b40080b584b000af786039603b68fb6004f0da
:10e7c400dffab8607b681b689a88013a92b29a8033
:10e7d4007b68db681a68fb681a607b68db68fa6828
:10e7e4001a60b86804f0faf800bf1037bd4680bd5f
:020000040000fa
:020000040043b7
:10e7f40080b584b000af03463a60fb710b46bb8022
:10e804003b681989ba88fb791846e7f700faf8607b
:10e81400fb68002b01d1002306e03968f868ecf7a7
:10e8240035fa0346fb72fb6818461037bd4680bdb7
:020000040000fa
:020000040043b7
:10e8340080b500af0a4b1b68002b0fd1094b1b6836
:10e84400002b03d1084b1b68002b07d0044b01227b
:10e854001a6000220549fa2002f072f900bf80bd57
:10e86400946c45206c6c4520706c4520c9d34300e2
:020000040000fa
:020000040043b7
:10e8740080b485b000af78600b467b807b689b8852
:10e884007a889a4205d37b689b887a88d31afb815d
:10e8940004e07b689a887b881344fb817b68fa894f
:10e8a4005a81fb8918461437bd465df8047b7047ce
:020000040000fa
:020000040043b7
:10e8b40080b582b000af03463960fb710b4b3a68f8
:10e8c4001068516803c3094b00229a60074b002269
:10e8d400da81064b00229a81fb793968184600f0e8
:10e8e400e7fa034618460837bd4680bdd46945207b
:020000040000fa
:020000040043b7
:10e8f40080b586b002af03460a46fb711346bb716e
:10e904000023fb730123bb73bb7b012b01d180224a
:10e9140000e00022fb7b1343d9b2f8790023009373
:10e9240000230022e3f74cfb00bf1037bd4680bd37
:020000040000fa
:020000040043b7
:10e9340080b584b000af78607b680b4a93420ed9ef
:10e944007a680a4b134407f1080211461846ecf79b
:10e95400ebfd07f10803184602f05ef800e000bf83
:10e964001037bd4680bd00bf7f436d3880bc92c761
:020000040000fa
:020000040043b7
:10e9740088420fd98b1883420cd900eb020ca2b148
:10e984006246844613f8010d02f8010d9942f9d14b
:10e994006046704752b1431e84460a4411f8010b85
:10e9a40003f8010f8a42f9d160467047704700bfef
:020000040000fa
:020000040043b7
:10e9b40030b40446481e07e010f8011f03f8011b99
:10e9c400551e39b12a461c462346002af4d1204656
:10e9d40030bc7047a0183db103f8011b8342fbd142
:10e9e400002cf4d130bc70471846002cefd1f9e765
:020000040000fa
:020000040043b7
:10e9f40043689b0670b504460d46164607d5d0e914
:10ea040005239a420ad80023c4e90533a362324697
:10ea140029462046bde8704003f0f2b80022c36adc
:10ea2400114698476369002bedd14ff0ff3070bd5c
:020000040000fa
:020000040043b7
:10ea340080b483b000af78607b68022b0dd07b6814
:10ea4400022b0cd87b68002b03d07b68012b02d0ef
:10ea540005e0132305e0142303e0292301e04ff02c
:0eea6400ff3318460c37bd465df8047b704743
:020000040000fa
:020000040043b7
:10ea720080b584b000af78600b467b807b68002b4a
:10ea820001d101230fe07b881a4602217868fdf745
:10ea920029fdf860fb68002b01ddfb6803e07b6861
:0eeaa2007a88da80002318461037bd4680bd02
:020000040000fa
:020000040043b7
:10eab00080b584b000af786039600020edf76efa61
:10eac000f860fb68002b0dd07a68fb685a603a68e2
:10ead000fb689a6004f064f90246fb685a61f868c2
:0eeae000fdf79afbfb6818461037bd4680bd57
:020000040000fa
:020000040043b7
:10eaee0080b485b000aff860b9607a60bb681a6810
:10eafe00fb6804331b689a420ad0bb68002b02d015
:10eb0e00bb681b6800e00023fa685360012300e035
:0eeb1e00002318461437bd465df8047b70478f
:020000040000fa
:020000040043b7
:10eb2c0080b485b000aff860b9607a60bb681a68d1
:10eb3c00fb6808331b689a420ad0bb68002b02d0d2
:10eb4c00bb681b6800e00023fa689360012300e0b7
:0eeb5c00002318461437bd465df8047b704751
:020000040000fa
:020000040043b7
:10eb6a0010b44c68a40602460b4603d45df8044b65
:10eb7a0000f0dfba91f93410c0b2814203d059696a
:10eb8a009c6aa14205d35df8044b11461846fdf76d
:0eeb9a0041bd4c1c5c610a705df8044b704775
:020000040000fa
:020000040043b7
:10eba80080b485b000af78600023fb600ce07b6820
:10ebb80003f00103002b01d0fb6809e07b685b08c8
:10ebc8007b60fb680133fb607b68002befd120235f
:0cebd80018461437bd465df8047b7047fa
:020000040000fa
:020000040043b7
:10ebe40080b485b000af0346b9607a60fb73bb683c
:10ebf400002b0bd0fb7b0849ba6841f83320fb7b20
:10ec0400054adb0013447a685a6000e000bf1437f9
:0cec1400bd465df8047b7047e8694520b0
:020000040000fa
:020000040043b7
:10ec200080b483b000af0346fb7197f90730002b27
:10ec30000bdbfb7903f01f02074997f907305b09eb
:10ec4000012000fa02f241f8232000bf0c37bd4634
:0cec50005df8047b704700bf00e100e0ad
:020000040000fa
:020000040043b7
:10ec5c0090b48ab000aff860b9607a600a4bbb61bf
:10ec6c00bb687b617b69fb617b683b6200237b62d9
:10ec7c00fb681c4607f118030fcb84e80f00f868fb
:0cec8c002837bd4690bc7047d1b543004e
:020000040000fa
:020000040043b7
:10ec98000100160100ffff20000000000000000234
:10eca8000006000000002000000000000000030033
:10ecb80006000000008000000000000000000000c6
:0cecc80000000000000000000000000040
:020000040000fa
:020000040043b7
:10ecd4000100010000000004000000000000000a20
:10ece40000370400fcff10040000f8cc43001400bb
:10ecf40037fffffcff18000000f81c440000000070
:0ced040000000000000000000000000003
:020000040000fa
:020000040043b7
:10ed100080b588b004aff8607a603b600b467b81b9
:10ed2000fb689878fb68db7819467a893b6a03931d
:10ed3000fb690293bb6901933b6800937b68e4f72e
:0ced4000c1fc034618461037bd4680bddc
:020000040000fa
:020000040043b7
:10ed4c0080b582b000af78607b68002b11d07b68f7
:10ed5c009b68002b0dd07b68db68002b09d07b688f
:10ed6c00db8c002b02d17868f2f774fc7b68db8caf
:0ced7c0000e0002318460837bd4680bdab
:020000040000fa
:020000040043b7
:10ed880080b582b000af78607b68002b11d07b68bb
:10ed98009b68002b0dd07b68db68002b09d07b6853
:10eda8001b8d002b02d17868f2f756fc7b681b8d0f
:0cedb80000e0002318460837bd4680bd6f
:020000040000fa
:020000040043b7
:10edc40080b483b000af0b4b1b68002b02d101232e
:10edd4007b6008e0084b1b68002b02d102237b6098
:10ede40001e000237b607b6818460c37bd465df864
:0cedf400047b7047906b4520ac6b452001
:020000040000fa
:020000040043b7
:10ee000080b582b000af786039600b4b1b687a68c0
:10ee10009a4204d17b681b68074a136003e07b6851
:10ee20001a683b681a607968052000f065fb00bf2e
:0cee30000837bd4680bd00bf146c4520b3
:020000040000fa
:020000040043b7
:10ee3c0080b584b000af78600123fb600be00a4a18
:10ee4c00fb6852f823301b687968184600f053f9b8
:10ee5c00fb680133fb60fb68032bf0d900bf00bfdc
:0cee6c001037bd4680bd00bfa02c440044
:020000040000fa
:020000040043b7
:10ee780080b582b000af78607b68002b02d16ff05c
:10ee88000f030fe07b681b7d012b06d07b685b8b33
:10ee980043f010039ab27b685a8301217868e5f73a
:0ceea800adfd034618460837bd4680bd8e
:020000040000fa
:020000040043b7
:10eeb40080b586b002af03463960fb713b681b78ae
:10eec40023f07f03dbb2002b01d0002300e080237a
:10eed400fb73f97bf8790023009300230022eef7fb
:0ceee400cffa034618461037bd4680bd2b
:020000040000fa
:020000040043b7
:10eef00080b483b000af0346fb7197f90730002b55
:10ef00000bdbfb7903f01f02074997f907305b0918
:10ef1000012000fa02f241f8232000bf0c37bd4661
:0cef20005df8047b704700bf00e100e0da
:020000040000fa
:020000040043b7
:10ef2c0080b582b000af03460a46fb711346bb8026
:10ef3c00fb79022b07d1bb881846fbf7edfa034689
:10ef4c001c33dbb203e0fb79013b034ad35c18466c
:0cef5c000837bd4680bd00bf902e440069
:020000040000fa
:020000040043b7
:10ef680038b5436813f4807f0446154611d0036909
:10ef78009a4228bf1d465db12a46406903f042fb0c
:10ef8800636922692b44521b2261002263611a7053
:0cef980038bddb06fcd403f065fbf9e794
:020000040000fa
:020000040043b7
:10efa400f0b5002503462e46954207d313f003021d
:10efb40018bf0122181a02eb9000f0bd1c7834b17e
:10efc40001f8014b01330135eee70e5501345f784a
:0cefd400a742fadc214425440233e5e7a3
:020000040000fa
:020000040043b7
:10efe00080b483b000af78607b6803331b781a4627
:10eff0007b6802331b781b0213431a467b6801337c
:10f000001b781b041a437b681b781b0613431846a6
:0af010000c37bd465df8047b704725
:020000040000fa
:020000040043b7
:10f01a0080b582b000af78600b46fb701346bb70b8
:10f02a007b68002b02d0fb78012b01d9042308e06e
:10f03a00fb787a681344ba781a737868fbf72df864
:0af04a00034618460837bd4680bd96
:020000040000fa
:020000040043b7
:10f0540080b485b000af786039607b68bb60002302
:10f06400fb6007e0ba68fb68134400221a70fb686f
:10f074000133fb60fa683b689a42f3d300bf00bfd8
:0af084001437bd465df8047b7047a9
:020000040000fa
:020000040043b7
:10f08e0080b584b000af786007f10c03194678683c
:10f09e0002f0d0fd034683f00103dbb2002b01d05a
:10f0ae00002306e0fb681a4600217868f0f777f92e
:0af0be00034618461037bd4680bd1a
:020000040000fa
:020000040043b7
:10f0c80080b584b000af78607b685b68fb607b6864
:10f0d8005b689b7803f00f03082b01d1012308e03c
:10f0e8007868ecf739fc7b685b68fa689a42eed17d
:0af0f800002318461037bd4680bd06
:020000040000fa
:020000040043b7
:10f1020080b485b000af786039607b68fb600ae04c
:10f11200fb68db6f3a689a4202d1fb680022da6729
:10f12200fb68db68fb60fb68002bf1d100bf00bf0e
:0af132001437bd465df8047b7047fa
:020000040000fa
:020000040043b7
:10f13c0007b54a680346dbb2d20508468df807309e
:10f14c0007d54a69511c41611370184603b05df82c
:10f15c0004fb01220df1070103f082fa10b19df8b6
:0af16c000700f3e74ff0ff30f0e773
:020000040000fa
:020000040043b7
:10f1780080b584b000af78600a4b1b88bb8107f16b
:10f188000c0319460020f8f781f800214ff0ff30f2
:10f19800d7f778ff00bffbf783ff012003f086fa5b
:08f1a800f3e700bf3c2d440019
:020000040000fa
:020000040043b7
:10f1b00080b584b000aff860b9607a60074b4ff457
:10f1c00080521a630649f868f4f7e0ff0549f868c9
:10f1d000f4f7dcff00bf1037bd4680bd00100e40c5
:08f1e000d0e04000dcd040004b
:020000040000fa
:020000040043b7
:10f1e80080b584b000aff860b9607a60074b4ff41f
:10f1f80080525a630649f868f4f7c4ff0549f8686d
:10f20800f4f7c0ff00bf1037bd4680bd00100e40a8
:08f21800d8e04000dcd040000a
:020000040000fa
:020000040043b7
:10f2200080b584b000aff860b9607a6003f024fb69
:10f23000322002f0f7fc0649f868f4f7a7ff054909
:10f24000f868f4f7a3ff00bf1037bd4680bd00bfcc
:08f250009ce24000dcd040000c
:020000040000fa
:020000040043b7
:10f2580080b582b000af78600b467b807b88002b3e
:10f2680004d07b681b897a889a4201d9002307e079
:10f278007b681b687a881146184600f0a9f903468e
:08f2880018460837bd4680bda1
:020000040000fa
:020000040043b7
:10f2900080b584b000af786007f10f0301221946f2
:10f2a0007868f0f783f8034683f00103dbb2002ba4
:10f2b00001d0002304e0fb7b5bb2002becdb0123dd
:08f2c00018461037bd4680bd61
:020000040000fa
:020000040043b7
:10f2c80080b584b000af87ed000bd7e90023c7e90c
:10f2d8000223d7e9022310461946e6f751fd0246f4
:10f2e8000b46c7e90223d7e9022343ec172bb0eefc
:08f2f800470b1037bd4680bd35
:020000040000fa
:020000040043b7
:10f3000080b584b000af0346fb71fb79184600f06e
:10f3100087fa0346fb73074b1b6801211846eff77a
:10f3200075f9fb7b19460348e9f774fb00bf1037fa
:08f33000bd4680bd2873452095
:020000040000fa
:020000040043b7
:10f3380080b584b000af0346fb71fb79184600f036
:10f348006bfa0346fb73074b1b6801211846eff75e
:10f3580059f9fb7b19460348ebf77efb00bf1037d2
:08f36800bd4680bd287345205d
:020000040000fa
:020000040043b7
:10f3700080b400af084b00221a60084b00221a60cc
:10f38000074b084a1a60044b07221a6000bfbd46ab
:10f390005df8047b704700bf10e000e018e000e07b
:08f3a00014e000e07fa9030066
:020000040000fa
:020000040043b7
:10f3a80080b485b000af786039607b68002b02dae2
:10f3b8000023fb6009e03b687a689a4203db3b68fc
:10f3c800013bfb6001e07b68fb60fb681846143773
:08f3d800bd465df8047b70479f
:020000040000fa
:020000040043b7
:10f3e00080b400af0a4b1b681b68002b04d1094b8b
:10f3f0004ff0ff321a6005e0054b1b68db681b68a5
:10f40000044a136000bfbd465df8047b704700bf2f
:08f41000786b4520a46b452038
:020000040000fa
:020000040043b7
:10f4180080b582b000af7860032200210120f4f7a4
:10f42800f7f802467b681a607b681b68002b06d0d9
:10f438007b681868002300220021e1f70bf90123fb
:08f4480018460837bd4680bddf
:020000040000fa
:020000040043b7
:10f4500080b483b000af0346fb800b46bb801346ed
:10f460007b807a88bb88d31a9ab2f988bb88cb1a7a
:10f470009bb29a422cbf01230023dbb218460c3703
:08f48000bd465df8047b7047f6
:020000040000fa
:020000040043b7
:10f4880080b582b000af78607b68d88b7b681a8cb7
:10f498007b68db6a9bb213449bb2013b9bb2194663
:10f4a80001f0f3fd0346002b01d0002300e0012307
:08f4b80018460837bd4680bd6f
:020000040000fa
:020000040043b7
:10f4c00080b500af0a4b1b68002b07d0084b1b68a8
:10f4d000184600f010fb064b00221a60054b1b6813
:10f4e000184603f0f2f8034b00221a6000bf80bdfb
:08f4f000e06b4520e46b4520b0
:020000040000fa
:020000040043b7
:10f4f80080b582b000af03463960fb71fb790b2bf6
:10f508000cd83b68002b08d0fb79064a52f8233008
:10f5180039681846fff74af900e000bf0837bd46ca
:08f5280080bd00bfb4024400e5
:020000040000fa
:020000040043b7
:10f5300080b584b000af7860042000f05bfaf8601a
:10f54000fb68002b01d100230ae010227968f868db
:10f5500003f05cf8fb685b68184600f096fffb68f8
:08f5600018461037bd4680bdbe
:020000040000fa
:020000040043b7
:10f5680080b584b000aff860b9607a60fb68002ba2
:10f578000ad0fb681b7a002b06d0fb681b7a18465a
:10f58800fef71efc034603e07868f9f799fa03468c
:08f5980018461037bd4680bd86
:020000040000fa
:020000040043b7
:10f5a00030b50c4a0146002012f810301bb902ebae
:10f5b0004002507830bd0c6825789d4209bf02ebaf
:10f5c0004003431c5878013414bfd8b20c600a2899
:08f5d000ead9efe7902744009f
:020000040000fa
:020000040043b7
:10f5d80080b584b000af78600b467b807b88194685
:10f5e8007868f7f74fff0346fb81fb894ff6ff72f8
:10f5f800934203d0fb897a68134400e0002318463d
:06f608001037bd4680bd75
:020000040000fa
:020000040043b7
:10f60e0080b584b000af78600b467b807b8819464e
:10f61e007868f7f734ff0346fb81fb894ff6ff72dc
:10f62e00934203d0fb897a68134400e00023184606
:06f63e001037bd4680bd3f
:020000040000fa
:020000040043b7
:10f6440080b588b002af03463960fb7101237b614a
:10f6540000233b61fb7900933b6800223969786998
:10f66400f0f704fdf860f86800f026f9fb68184626
:06f674001837bd4680bd01
:020000040000fa
:020000040043b7
:10f67a0080b485b000af78600023fb6005e07b684a
:10f68a0001337b60fb680133fb607b681b78a52b29
:10f69a00f5d0fb689b08fb60fb6818461437bd462b
:06f6aa005df8047b7047cf
:020000040000fa
:020000040043b7
:10f6b00080b584b000af786039607b683a6802fb3f
:10f6c00003f3fb60f868eaf751fdb860bb68002bf4
:10f6d00004d0fa680021b86803f0f0f9bb68184656
:06f6e0001037bd4680bd9d
:020000040000fa
:020000040043b7
:10f6e60080b584b000aff8600b467a60fb72fb7a97
:10f6f600002b06d103237a680721f868fbf7a4fce0
:10f7060005e006237a680421f868fbf79dfc1037ac
:04f71600bd4680bdaf
:020000040000fa
:020000040043b7
:10f71c0080b400af094b4ff440425a60074b42f69d
:10f72c00e062da61054b10225a62054b00221a6026
:10f73c0000bfbd465df8047b704700bf004005402c
:04f74c00bc6a45202e
:020000040000fa
:020000040043b7
:10f7500080b588b000aff860b9607a6007f1140333
:10f76000074a0a21184602f0e9fc07f1140319467a
:10f77000f868f4f70bfd00bf2037bd4680bd00bf21
:04f780001ccf40005a
:020000040000fa
:020000040043b7
:10f7840080b485b000aff8600b467a60fb72fb680a
:10f79400db68002b02d0fb68db6800e0044bfa68ee
:10f7a400d360002318461437bd465df8047b7047c8
:04f7b400b4724200e9
:020000040000fa
:020000040043b7
:10f7b80080b582b000af78607b68002b02d16ff013
:10f7c80015030be04ff0ff317868f9f7d1f80346dd
:10f7d800012b01d1002301e06ff06d0318460837b3
:04f7e800bd4680bddd
:020000040000fa
:020000040043b7
:10f7ec0080b582b000af78607b68002b02d16ff0df
:10f7fc00150308e07868f9f7dbfd0346012b01d10e
:10f80c00002300e0024b18460837bd4680bd00bf00
:04f81c002bf8ffffc7
:020000040000fa
:020000040043b7
:10f8200080b483b000af78607b68002b02dd7b681a
:10f83000182b02dd4ff0ff3304e0054a7b681344c8
:10f840001b785bb218460c37bd465df8047b7047e9
:04f8500070214400df
:020000040000fa
:020000040043b7
:10f8540080b582b000af7860084b01225a70074b24
:10f8640000229a70064b1b68002b03d0044b1b68c4
:10f874000020984700bf0837bd4680bdc86c4520ae
:04f88400546b45205c
:020000040000fa
:020000040043b7
:10f8880080b485b000af786039607b68fb60fb6846
:10f89800064a1a60fb680433054a1a6008231846aa
:10f8a8001437bd465df8047b704700bf01234567e8
:04f8b80089abcdef5c
:020000040000fa
:020000040043b7
:10f8bc0080b582b000af78607b68002b0ed07b687f
:10f8cc0000229a607b6800221a607b680022da6052
:10f8dc000023002200217868e0f7bafe00bf083749
:04f8ec00bd4680bdd8
:020000040000fa
:020000040043b7
:10f8f00080b485b000aff860b9607a60fb68074af1
:10f900001a60bb68064a1a607b6880221a6000bfd2
:10f910001437bd465df8047b704700bf7463452013
:04f92000e44f45204b
:020000040000fa
:020000040043b7
:10f9240080b485b000aff860b9607a60fb68074abc
:10f934001a60bb68064a1a607b684ff480721a60ca
:10f9440000bf1437bd465df8047b7047d063452083
:04f95400e445452021
:020000040000fa
:020000040043b7
:10f9580080b483b000af03463960fb71074b1b6866
:10f968000133064a1360064b012283f8582000bf72
:10f978000c37bd465df8047b704700bfd06b45204f
:04f988002c64452086
:020000040000fa
:020000040043b7
:10f98c0080b483b000af03463960fb71074b1b6832
:10f99c000133064a1360064b012283f8582000bf3e
:10f9ac000c37bd465df8047b704700bfd06b45201b
:04f9bc002c64452052
:020000040000fa
:020000040043b7
:10f9c00080b500af094bdb7c023308211846fff7f6
:10f9d0006ffe0346064a1360054b1b68002b02d1dd
:10f9e0004ff0ff3300e00023184680bd9c6845209f
:04f9f000fc6b452047
:020000040000fa
:020000040043b7
:10f9f40080b584b000af0346fb71fb790b2b01d9b2
:10fa0400002308e0fb79064a52f823301846f8f739
:10fa140077fdf860fb6818461037bd4680bd00bf0f
:04fa2400b4024400e4
:020000040000fa
:020000040043b7
:10fa280080b483b000af7860094b7a681068516879
:10fa380003c3074b00229a60054b0022da81044b6e
:10fa480000229a8100bf0c37bd465df8047b7047e1
:04fa5800d469452008
:020000040000fa
:020000040043b7
:10fa5c0080b400af0a4bd3f8043803f44053b3f529
:10fa6c00805f04d0b3f5005f03d0002302e00223d3
:10fa7c0000e001231846bd465df8047b704700bfcb
:04fa8c0000800340b3
:020000040000fa
:020000040043b7
:10fa900038b50a480a4d016821b9436813b9e3f73c
:10faa00038fd38bd0389426855f8233000f10c0455
:10fab0002046984704eb8000ede700bf50e540008a
:04fac000a82a44002c
:020000040000fa
:020000040043b7
:10fac40080b483b000af78607b681a0e7b681b0635
:10fad4001a437b681b0203f47f031a437b681b0ae7
:10fae40003f47f43134318460c37bd465df8047b8b
:02faf400704759
:020000040000fa
:020000040043b7
:10faf60080b584b000af78607b68002b0dd0786845
:10fb0600fdf767f97b68fb60fb681b6d1846f8f725
:10fb1600a0fff868f8f79dff00e000bf1037bd466c
:02fb260080bda0
:020000040000fa
:020000040043b7
:10fb280080b483b000af78607b681a0e7b681b06d0
:10fb38001a437b681b0203f47f031a437b681b0a82
:10fb480003f47f43134318460c37bd465df8047b26
:02fb58007047f4
:020000040000fa
:020000040043b7
:10fb5a0080b483b000af78607b681a067b681b02aa
:10fb6a0003f47f031a437b681b0a03f47f431a4397
:10fb7a007b681b0e134318460c37bd465df8047ba1
:02fb8a007047c2
:020000040000fa
:020000040043b7
:10fb8c0080b582b000af00237b6003f018f903f05e
:10fb9c00e5f8f6f731f8fcf701fc03f009f903f08e
:10fbac001cf903f013f9fef74df900bf0837bd46f9
:02fbbc0080bd0a
:020000040000fa
:020000040043b7
:10fbbe0080b489b000aff860b96011461a460b46a2
:10fbce00fb711346bb710023fb83bb685b68bb6193
:10fbde00bb6914337b6100bf2437bd465df8047bdf
:02fbee0070475e
:020000040000fa
:020000040043b7
:10fbf0004c45445f416c697665000000416c697654
:10fc00006520636f756e7465723a20256c7500000f
:10fc100048656c6c6f20576f726c642025640d0a08
:01fc200000e3
:020000040000fa
:020000040043b7
:10fc220080b584b000af78604ff0ff33fb60fb68b3
:10fc32009b06fb60fb685b0dfb60fa6800230121f9
:10fc42007868fcf728fc034618461037bd4680bd8d
:020000040000fa
:020000040043b7
:10fc540080b400af084b82221a60074b074a5a60ef
:10fc6400054b49f20a62da63034b01221a6000bfb2
:10fc7400bd465df8047b704700800040110007001a
:020000040000fa
:020000040043b7
:10fc8400bff34f8fbff36f8f084bd3f8902222f04e
:10fc94000102c3f89022d3f8942222f00102c3f89f
:10fca4009422bff34f8fbff36f8f704700ed00e0d6
:020000040000fa
:020000040043b7
:10fcb40080b582b000af78607b681b88502b08d178
:10fcc4007b685b68dbb219460448f6f753fe0123f0
:10fcd40000e0002318460837bd4680bdc8624100d5
:020000040000fa
:020000040043b7
:10fce40080b5c0b000af3b46074a4ff48071184658
:10fcf40002f022fa3b461946044800f001fa00bf1c
:10fd040007f58077bd4680bd0c904300001a0e4075
:020000040000fa
:020000040043b7
:10fd140080b584b000aff860b9607a6002f0c8fdc5
:10fd24000549f868f4f730fa0449f868f4f72cfa4e
:10fd340000bf1037bd4680bd74de4000dcd04000fb
:020000040000fa
:020000040043b7
:10fd440080b584b000aff860b9607a6002f0bafda3
:10fd54000549f868f4f718fa0449f868f4f714fa4e
:10fd640000bf1037bd4680bd84de4000dcd04000bb
:020000040000fa
:020000040043b7
:10fd740080b584b000aff860b9607a6002f0acfd81
:10fd84000549f868f4f700fa0449f868f4f7fcf94f
:10fd940000bf1037bd4680bdbcde4000dcd0400053
:020000040000fa
:020000040043b7
:10fda40080b584b000aff860b9607a6002f09efd5f
:10fdb4000549f868f4f7e8f90449f868f4f7e4f950
:10fdc40000bf1037bd4680bdd4de4000dcd040000b
:020000040000fa
:020000040043b7
:10fdd40080b584b000aff860b9607a6002f090fd3d
:10fde4000549f868f4f7d0f90449f868f4f7ccf950
:10fdf40000bf1037bd4680bd2cdf4000dcd0400082
:020000040000fa
:020000040043b7
:10fe040080b584b000aff860b9607a6002f082fd1a
:10fe14000549f868f4f7b8f90449f868f4f7b4f94f
:10fe240000bf1037bd4680bd3cdf4000dcd0400041
:020000040000fa
:020000040043b7
:10fe340080b584b000aff860b9607a6002f074fdf8
:10fe44000549f868f4f7a0f90449f868f4f79cf94f
:10fe540000bf1037bd4680bd74df4000dcd04000d9
:020000040000fa
:020000040043b7
:10fe640080b584b000aff860b9607a6002f066fdd6
:10fe74000549f868f4f788f90449f868f4f784f94f
:10fe840000bf1037bd4680bd84df4000dcd0400099
:020000040000fa
:020000040043b7
:10fe940080b584b000aff860b9607a6002f058fdb4
:10fea4000549f868f4f770f90449f868f4f76cf94f
:10feb40000bf1037bd4680bdbcdf4000dcd0400031
:020000040000fa
:020000040043b7
:10fec40080b584b000aff860b9607a6002f04afd92
:10fed4000549f868f4f758f90449f868f4f754f94f
:10fee40000bf1037bd4680bdd4df4000dcd04000e9
:020000040000fa
:020000040043b7
:10fef40080b584b000aff860b9607a6002f03cfd70
:10ff04000549f868f4f740f90449f868f4f73cf94e
:10ff140000bf1037bd4680bd1ce04000dcd040006f
:020000040000fa
:020000040043b7
:10ff240080b584b000aff860b9607a6002f02efd4d
:10ff34000549f868f4f728f90449f868f4f724f94e
:10ff440000bf1037bd4680bd2ce04000dcd040002f
:020000040000fa
:020000040043b7
:10ff540080b584b000aff860b9607a6002f020fd2b
:10ff64000549f868f4f710f90449f868f4f70cf94e
:10ff740000bf1037bd4680bd5ce04000dcd04000cf
:020000040000fa
:020000040043b7
:10ff840080b584b000aff860b9607a6002f012fd09
:10ff94000549f868f4f7f8f80449f868f4f7f4f850
:10ffa40000bf1037bd4680bd70e04000dcd040008b
:020000040000fa
:020000040043b7
:10ffb40080b584b000aff860b9607a6001f056f99a
:10ffc4000549f868f4f7e0f80449f868f4f7dcf850
:10ffd40000bf1037bd4680bdace04000dcd040001f
:020000040000fa
:020000040043b7
:10ffe40080b584b000aff860b9607a6001f050f970
:10fff4000549f868f4f7c8f80449f868f4f7c4f850
:020000040044b6
:1000040000bf1037bd4680bdbce04000dcd04000de
:020000040000fa
:020000040044b6
:1000140080b584b000aff860b9607a6002f034fc57
:100024000549f868f4f7b0f80449f868f4f7acf84f
:1000340000bf1037bd4680bdace24000dcd04000bc
:020000040000fa
:020000040044b6
:1000440080b586b002aff860b9607a603b60074b58
:100054000193bb6900933b687a68b968f868ecf768
:100064001ff8034618461037bd4680bd0d264400d0
:020000040000fa
:020000040044b6
:1000740080b586b002aff860b9607a603b60074b28
:100084000193bb6900933b687a68b968f868ecf738
:1000940007f8034618461037bd4680bd0d264400b8
:020000040000fa
:020000040044b6
:1000a40080b483b000af78600b46fb707b6893f834
:1000b4002030fa789a4201d3002303e0fa787b686f
:1000c40053f8223018460c37bd465df8047b704760
:020000040000fa
:020000040044b6
:1000d40080b582b000af0346fb71084b1b6800215a
:1000e4001846eef791fafb791a4600210348fef709
:1000f40092ff00bf0837bd4680bd00bf5073452046
:020000040000fa
:020000040044b6
:1001040080b584b000af786039603b68002b01d1c2
:10011400002309e0386802f083faf860fa68396865
:100124007868f2f704fd034618461037bd4680bdd3
:020000040000fa
:020000040044b6
:1001340080b586b000af0346fb7101237b610023c9
:100144003b61fb791a4639697869f3f763faf86019
:10015400f868fff7b1fbfb6818461837bd4680bd49
:020000040000fa
:020000040044b6
:1001640080b485b000af78607b685b6a002b06d0f2
:100174007b681b6b1b68c3f10503fb6001e0002374
:10018400fb60fb6818461437bd465df8047b704776
:020000040000fa
:020000040044b6
:1001940080b584b000af7860f9f7c2fb7b689a6bd6
:1001a4007b68db6b9a4202d10123fb6001e00023f0
:1001b400fb60fbf7abf8fb6818461037bd4680bd03
:020000040000fa
:020000040044b6
:1001c40080b582b000af7860faf792fc064b1b68ea
:1001d400012bf9d9054b4ff080521a60bff34f8fb2
:1001e400bff36f8ff0e700bfa061452004ed00e08e
:020000040000fa
:020000040044b6
:1001f40080b483b000af094b1b687b607b68002b25
:1002040004d07b681b6d5a1c7b681a657b68184692
:100214000c37bd465df8047b704700bf746b452006
:020000040000fa
:020000040044b6
:1002240080b582b000af01f085fe7860074b1b6893
:10023400002b02d1054a7b681360044b1b687a6863
:10024400d31a18460837bd4680bd00bfcc6b452085
:020000040000fa
:020000040044b6
:1002540080b485b000af78607b685b89053b103360
:100264007a681344fb607b685b89053b9ab27b68c0
:100274005a81fb6818461437bd465df8047b704705
:020000040000fa
:020000040044b6
:1002840080b582b000af7860084b1b68642279683f
:10029400184600f0e9fe0346012b02d06ff002037a
:1002a40000e0002318460837bd4680bd006c452099
:020000040000fa
:020000040044b6
:1002b400e02b4400f02b4400002c4400102c44009c
:1002c400202c4400302c4400402c4400502c44008a
:1002d400602c4400702c4400802c4400902c44007a
:020000040000fa
:020000040044b6
:1002e40080b582b000af78607b68002b0cd07b684f
:1002f4005b68002b04d07b685b681846f2f7c9fc86
:1003040079680420fff7f6f800bf0837bd4680bdc2
:020000040000fa
:020000040044b6
:1003140080b483b000af7860074b1a68074b1b6842
:100324001344054a1360044b1b6818460c37bd463a
:100334005df8047b704700bf0c754520606c452058
:020000040000fa
:020000040044b6
:1003440080b582b000af78607b6893f84230ff2bb1
:1003540007d07b6893f842300133dab27b6883f8c4
:1003640042207868d8f7dcff00bf0837bd4680bd5f
:020000040000fa
:020000040044b6
:1003740053b94ab9002908bf00281cbf4ff0ff3108
:100384004ff0ff3002f00abeadf1080c6de904ce67
:10039400dbf7acfaddf804e0dde9022304b07047d2
:020000040000fa
:020000040044b6
:1003a40080b582b000af78607b681b7c23f00f03bc
:1003b400dab27b681a7401234ff480420021786812
:0e03c400fcf768f8034618460837bd4680bdb2
:020000040000fa
:020000040044b6
:1003d20080b582b000af7860396007e07b689a6dc3
:1003e2003b68591c39601b78184690473b681b785c
:0e03f200002bf3d100bf00bf0837bd4680bd11
:020000040000fa
:020000040044b6
:1004000080b483b000af0346fb71fb791f2b04d986
:10041000fb797e2b01d8012300e0002303f00103c8
:0e042000dbb218460c37bd465df8047b704712
:020000040000fa
:020000040044b6
:10042e0080b485b000af78607b685b8910337a68e2
:10043e001344fb607b685b8908339ab27b685a81f0
:0e044e00fb6818461437bd465df8047b704706
:020000040000fa
:020000040044b6
:10045c0080b485b000af78600023fb8105e0fb8998
:10046c000133fb817b681b687b607b68002bf6d1ba
:0e047c00fb8918461437bd465df8047b7047b7
:020000040000fa
:020000040044b6
:10048a0080b584b000af78607b68002b0bd002f097
:10049a0074fcf8607b689b7b0133dab27b689a73e1
:0e04aa00f86802f098fa00bf1037bd4680bd1a
:020000040000fa
:020000040044b6
:1004b80080b485b000af786039607b68002b08d0c5
:1004c8007b681b7d012b04d17b68fb60fb683a6865
:0e04d8009a6100bf1437bd465df8047b704783
:020000040000fa
:020000040044b6
:1004e60080b584b000af0346b9607a60fb73bb6821
:1004f6005b69184601f063fbbb685b69f87b7a6849
:0e05060001219847034618461037bd4680bdb8
:020000040000fa
:020000040044b6
:1005140001000000000000080000000000000002cc
:1005240000000000000004000000000000000000c3
:0d05340000000000000000000000000000ba
:020000040000fa
:020000040044b6
:10054400010006000000008000000000000000021e
:1005540000170800f8ff1000000014054400000014
:0d056400000000000000000000000000008a
:020000040000fa
:020000040044b6
:100574000100110400fcff04000000000000000260
:1005840000110400fcff0400000000000000000053
:0d059400000000000000000000000000005a
:020000040000fa
:020000040044b6
:1005a40080b400af074b084a9a6200bf054b9b6eac
:1005b40003f00203022bf9d100bf00bfbd465df872
:0c05c400047b704700060e40013f13202e
:020000040000fa
:020000040044b6
:1005d00080b483b000af786039607b68002b05d0b1
:1005e000054a7b681360044a3b68536000bf0c37c0
:0c05f000bd465df8047b7047b46a4520ee
:020000040000fa
:020000040044b6
:1005fc0080b582b000af786006490748f4f78cfdef
:10060c00f8f784fcfbf730f9faf748fd0a20f8f705
:0c061c003bfff5e7291244000462452072
:020000040000fa
:020000040044b6
:1006280080b582b000af0346fb71074b1b68002bf7
:1006380006d0054b1868f91d01230122d4f78afe5c
:0c06480000bf0837bd4680bdfc6a45209d
:020000040000fa
:020000040044b6
:1006540080b584b000af78607868fcf773fcf8600c
:10066400054bbb60b968f868fdf7c2fe034618463f
:0c0674001037bd4680bd00bfa37b47c50a
:020000040000fa
:020000040044b6
:1006800080b400afbff34f8f00bf064bdb6803f4ad
:10069000e0620449044b1343cb60bff34f8f00bfac
:0c06a00000bffde700ed00e00400fa05db
:020000040000fa
:020000040044b6
:1006ac0080b582b000af78600b46fb70064b1b68c0
:1006bc00002b04d0044b1b68fa781046984700bff7
:0c06cc000837bd4680bd00bf346b4520e0
:020000040000fa
:020000040044b6
:1006d80080b483b000af78603960064a7b681360e5
:1006e800054a3b68136000bf0c37bd465df8047bc4
:0c06f800704700bf446b4520486b452054
:020000040000fa
:020000040044b6
:1007040080b586b000aff860b9607a607968b8687f
:10071400fcf760fc7a68b968f868ddf771ff034696
:0c072400fb75fb7d18461837bd4680bdf4
:020000040000fa
:020000040044b6
:1007300080b483b000af0346fb80fb881b0a9bb2ea
:100740001ab2b7f906301b021bb213431bb29bb29d
:0c07500018460c37bd465df8047b70476e
:020000040000fa
:020000040044b6
:10075c0080b483b000af0346fb80fb881b0a9bb2be
:10076c001ab2b7f906301b021bb213431bb29bb271
:0c077c0018460c37bd465df8047b704742
:020000040000fa
:020000040044b6
:1007880080b584b000af0346fb710023fb60fb79a2
:1007980019460548fbf7d4fb0346fb60fb6818467f
:0c07a8001037bd4680bd00bf6c744520ba
:020000040000fa
:020000040044b6
:1007b40080b400afbff34f8f00bf064bdb6803f478
:1007c400e0620449044b1343cb60bff34f8f00bf77
:0c07d40000bffde700ed00e00400fa05a6
:020000040000fa
:020000040044b6
:1007e00008480068006880f308884ff0000080f334
:1007f000148862b661b6bff34f8fbff36f8f00df0f
:0c08000000bf000008ed00e000bf00bfda
:020000040000fa
:020000040044b6
:10080c0080b584b000af7860f9f786f87b689b6b95
:10081c00002b02d10123fb6001e00023fb60faf7ff
:0c082c0071fdfb6818461037bd4680bd0a
:020000040000fa
:020000040044b6
:1008380080b483b000af7860064b1a687b681a6092
:10084800054b1a687b685a6000bf0c37bd465df8d7
:0c085800047b70479c6b4520886b45209a
:020000040000fa
:020000040044b6
:1008640080b582b000af7860064b5b78002b03d074
:1008740005490120eef75cfc6ff0040318460837c5
:0c088400bd4680bdb07445201c1544002a
:020000040000fa
:020000040044b6
:1008900080b584b000af0346fb71fb7900220521cf
:1008a0001846f2f70dfff860fb68002b01d0fb68db
:0c08b00000e0002318461037bd4680bd54
:020000040000fa
:020000040044b6
:1008bc0080b483b000af03460a46fb801346bb806e
:1008cc00fa88bb88d31a9bb21bb29bb2db0bdbb290
:0c08dc0018460c37bd465df8047b7047e1
:020000040000fa
:020000040044b6
:1008e80080b483b000af0346fb80fb881b0a9bb231
:1008f8001ab2b7f906301b021bb213431bb29bb2e4
:0c09080018460c37bd465df8047b7047b4
:020000040000fa
:020000040044b6
:1009140080b584b000af78607b68fb60fb685b697e
:10092400002b04d0fb685b691846f2f7b2f9f8684b
:0c09340001f0e6fd00bf1037bd4680bd9d
:020000040000fa
:020000040044b6
:1009400080b483b000af0346fb80b7f906301b02ca
:100950001ab2fb881b0a9bb21bb213431bb29bb299
:0c09600018460c37bd465df8047b70475c
:020000040000fa
:020000040044b6
:10096c0080b586b002aff8607b600b46fb72134615
:10097c003b813a89f97abb6900937b68f868f8f790
:0c098c00d5f8034618461037bd4680bd64
:020000040000fa
:020000040044b6
:1009980080b500afeff794fc074b1b780133dab250
:1009a800054b1a70044b1b7803f00103002b01d090
:0c09b800d4f724fa00bf80bddb684520a6
:020000040000fa
:020000040044b6
:1009c40080b485b000aff860b9601346fb71fb6872
:1009d400002b06d0fb68ba68c3f88c20fb68fa7950
:0c09e4005a771437bd465df8047b70475d
:020000040000fa
:020000040044b6
:1009f00080b483b000af78607b68002b06d07b6842
:100a0000054a1068186092889a8000e000bf0c3791
:0c0a1000bd465df8047b7047c0744520b3
:020000040000fa
:020000040044b6
:100a1c0080b483b000af78607b68002b06d0064ba7
:100a2c007a681068186092889a8000e000bf0c37d2
:0c0a3c00bd465df8047b7047c074452087
:020000040000fa
:020000040044b6
:100a480080b586b000aff860b9601346fb80bb681c
:100a58007b617b691a890023f9687869f1f716fbcd
:0a0a6800034618461837bd4680bd4e
:020000040000fa
:020000040044b6
:100a720080b584b000af87ed010a7b68fb60fb683c
:100a82001846fff71ef80346fb60fb6807ee903a34
:0a0a9200b0ee670a1037bd4680bdc4
:020000040000fa
:020000040044b6
:100a9c0080b483b000af78607b685b881bb21b02ac
:100aac001ab27b681b881bb213431bb29bb218464d
:0a0abc000c37bd465df8047b70475f
:020000040000fa
:020000040044b6
:100ac60080b582b000af78607b68002b08d07b6869
:100ad6001b68002b04d07b681b681846fcf779f965
:0a0ae600012318460837bd4680bd05
:020000040000fa
:020000040044b6
:100af00080b582b000af7860396039687868f6f701
:100b0000fbfd39687868f9f7adfc39687868f9f762
:0a0b1000e9fb00bf0837bd4680bdb9
:020000040000fa
:020000040044b6
:100b1a0080b584b000af786007e07b681b68fb6033
:100b2a007868fff7dafbfb687b607b68002bf4d1ff
:0a0b3a0000bf00bf1037bd4680bdac
:020000040000fa
:020000040044b6
:100b440080b586b000aff860b9607a6002f011f940
:100b54000246fb6813447b617a68b9687869f0f7e8
:0a0b640053ff00bf1837bd4680bde7
:020000040000fa
:020000040044b6
:100b6e00812903dc7f2903dc002070478329fbd118
:100b7e001368073323f0070303f108011160d3e96b
:0a0b8e000023c0e900230120704796
:020000040000fa
:020000040044b6
:100b980080b483b000af78603960064a7b68136020
:100ba800044a3b68536000bf0c37bd465df8047bc0
:080bb800704700bf086a4520e8
:020000040000fa
:020000040044b6
:100bc00080b483b000af78603960064a7b681360f8
:100bd000044a3b68536000bf0c37bd465df8047b98
:080be000704700bfbc6a45200c
:020000040000fa
:020000040044b6
:100be80080b483b000af78603960064a7b68d36010
:100bf800044a3b68136100bf0c37bd465df8047baf
:080c0800704700bf7067452032
:020000040000fa
:020000040044b6
:100c100080b483b000af78603960064a7b68536265
:100c2000044a3b68936200bf0c37bd465df8047b05
:080c3000704700bf706745200a
:020000040000fa
:020000040044b6
:100c380080b483b000af78603960064a7b6813627d
:100c4800044a3b68536200bf0c37bd465df8047b1d
:080c5800704700bfd067452082
:020000040000fa
:020000040044b6
:100c6000eff3108172b6074ad2f8883043f470036c
:100c7000c2f88830bff34f8fbff36f8f01b962b6f0
:080c8000704700bf00ed00e029
:020000040000fa
:020000040044b6
:100c880080b582b000af7860064b1b68002b02d09d
:100c9800044b1b6898470020e6f762fd00bf083741
:080ca800bd4680bd0c6b452028
:020000040000fa
:020000040044b6
:100cb00080b400af064b1b68064a934214bf012361
:100cc0000023dbb21846bd465df8047b704700bfc9
:080cd000c8744520efbeadde43
:020000040000fa
:020000040044b6
:100cd80080b582b000af78600649786801f03efdc3
:100ce8000346002b01d1012300e0002318460837f2
:080cf800bd4680bd20c3410090
:020000040000fa
:020000040044b6
:100d000085814200e9b0420079ab4200611c440099
:100d10007f1c44000ddc420089f842009525430009
:080d200000000000ad2e4300ad
:020000040000fa
:020000040044b6
:100d2800fd0b4300a5154300bd0c4300bb1c44004c
:100d38009d1c440085754300c9904300d1c84300f9
:080d480000000000510d440001
:020000040000fa
:020000040044b6
:100d500080b584b000aff860b9607a60bb68b3f862
:100d600007309bb21a467968f868fdf75cf90346cc
:080d700018461037bd4680bd96
:020000040000fa
:020000040044b6
:100d780080b586b002aff860b9607a603b60002346
:100d880000933b687a68b968f868daf78df9034622
:080d980018461037bd4680bd6e
:020000040000fa
:020000040044b6
:100da00080b582b000af78607b68db6a002b06d02c
:100db0007b68db6a1846fef7fffc034600e0002371
:080dc00018460837bd4680bd4e
:020000040000fa
:020000040044b6
:100dc80080b582b000af78607b68db6a002b06d004
:100dd8007b68db6a1846fef705fd034600e0002342
:080de80018460837bd4680bd26
:020000040000fa
:020000040044b6
:100df00080b584b000af0346fb71fb790122194630
:100e00000448f8f7f3fc0346fb60fb68184610370c
:080e1000bd4680bd6c74452055
:020000040000fa
:020000040044b6
:100e180080b584b000af0346fb71fb790022194608
:100e28000448f8f7dffc0346fb60fb6818461037f8
:080e3800bd4680bd6c7445202d
:020000040000fa
:020000040044b6
:100e400080b500af054800f0fdfd054800f00afe42
:100e5000044800f027fe00bf80bd00bf052f4400fe
:080e6000b9124400c93443003b
:020000040000fa
:020000040044b6
:100e680080b483b000af0346fb71fb79002b01d13e
:100e7800044b00e0002318460c37bd465df8047ba0
:080e8800704700bf44a64300bf
:020000040000fa
:020000040044b6
:100e9000074b19680868b0e8f04f80f30988bff382
:100ea0006f8f4ff0000080f311887047aff3008020
:080eb000746b452000bf00bf78
:020000040000fa
:020000040044b6
:100eb80080b584b000aff860b9607a607b68b3f140
:100ec800ff3f00237a68b968f868dff7c3fb034679
:080ed80018461037bd4680bd2d
:020000040000fa
:020000040044b6
:100ee0002573206e6f7420737570706f72746564f3
:100ef000202d206e6f20757365722066756e637489
:080f0000696f6e207365740037
:020000040000fa
:020000040044b6
:100f080080b582b000af78607b685b6f002b07d03c
:100f18007b685b6f1846fff7fcfd7b6800225a6709
:080f280000bf0837bd4680bd83
:020000040000fa
:020000040044b6
:100f300080b483b000af00237b60064b1b6a7b60ec
:100f4000044b00221a627b6818460c37bd465df8d8
:080f5000047b70470467452093
:020000040000fa
:020000040044b6
:100f580080b483b000af00237b60064bdb687b6006
:100f6800044b0022da607b6818460c37bd465df8f2
:080f7800047b7047046745206b
:020000040000fa
:020000040044b6
:100f800010b5084c2368196800f0a6fb002807dba1
:100f900023680a20196801f0b9ffc00f404210bd54
:080fa0000120fbe70c73452062
:020000040000fa
:020000040044b6
:100fa800696e66696e697479006e616e00286e6993
:100fb8006c29002500494e4600696e66004e414e78
:080fc80000286e756c6c290015
:020000040000fa
:020000040044b6
:100fd00013b50446fbf76fff18b14ff0ff3002b0b6
:100fe00010bd636c01220df10701204698470128ce
:080ff000f3d19df80700f2e7c0
:020000040000fa
:020000040044b6
:100ff80090f948305a1e1343426880f8483012f07e
:10100800040317bf42f01002c0e90f3342604ff0eb
:08101800ff3008bf18467047c5
:020000040000fa
:020000040044b6
:1010200080b483b000af78607b681b6a03f4807380
:10103000002b14bf01230023dbb218460c37bd463a
:061040005df8047b70471f
:020000040000fa
:020000040044b6
:1010460080b584b000af786039604ff0ff33fb6045
:10105600fa683b6804217868fbf71bfa03461846d2
:061066001037bd4680bdfd
:020000040000fa
:020000040044b6
:10106c0080b584b000aff860b9607a607b68b3f18a
:10107c00ff3f7a68b968f868e1f76cfa03461846de
:06108c001037bd4680bdd7
:020000040000fa
:020000040044b6
:1010920080b582b000af03460a46fb801346bb8090
:1010a200fa88bb8811461846fff707fc0346184624
:0610b2000837bd4680bdb9
:020000040000fa
:020000040044b6
:1010b80080b582b000af03463960fb711346bb713f
:1010c800bb79f8793a680521f3f7e2f9034618463f
:0610d8000837bd4680bd93
:020000040000fa
:020000040044b6
:1010de0080b582b000af03463960fb711346bb7119
:1010ee00bb79f8793a680521f3f7cff9034618462c
:0610fe000837bd4680bd6d
:020000040000fa
:020000040044b6
:1011040070b502fb01f6144600290d46324601462d
:10111400184608bf002401f0a7fa864218bfb0fba6
:06112400f5f4204670bd49
:020000040000fa
:020000040044b6
:10112a0080b483b000af78607b6801331b781a46bd
:10113a007b681b781b02134318460c37bd465df8c3
:04114a00047b70476b
:020000040000fa
:020000040044b6
:10114e0080b582b000af786039607868fdf725fd14
:10115e0002463b6803fa02f27b68134018460837d2
:04116e00bd4680bd3d
:020000040000fa
:020000040044b6
:1011720080b582b000af78607b689b681846fcf748
:1011820036fb7b689b681846fcf70ffb00bf0837ed
:04119200bd4680bd19
:020000040000fa
:020000040044b6
:1011980080b400af064b00229a60054b1b68044ad6
:1011a80043f00103136000bfbd465df8047b704740
:0411b80010e000e063
:020000040000fa
:020000040044b6
:1011bc0080b400af064b5b6903f40073002b0cbfcb
:1011cc0001230023dbb21846bd465df8047b704753
:0411dc0000c002400d
:020000040000fa
:020000040044b6
:1011e00080b483b000af0346fb80054afb88c2f899
:1011f000943000bf0c37bd465df8047b704700bfdc
:0412000000c00040ea
:020000040000fa
:020000040044b6
:1012040080b483b000af0346fb80054afb88c2f874
:10121400983000bf0c37bd465df8047b704700bfb3
:0412240000c00040c6
:020000040000fa
:020000040044b6
:1012280080b584b000af0346fb71fb79fb73fb7993
:1012380019460348fbf794fb00bf1037bd4680bd35
:04124800001a0e403a
:020000040000fa
:020000040044b6
:10124c0080b483b000af78607b6893f82830042baf
:10125c0002d17b6800225a6500bf0c37bd465df891
:04126c00047b704748
:020000040000fa
:020000040044b6
:1012700080b500af01f01efb01f030fb01f042fb36
:1012800001f054fb01f066fb01f078fb01f08afbf2
:0412900000bf80bd5e
:020000040000fa
:020000040044b6
:1012940080b500af01f016fb01f028fb01f03afb2a
:1012a40001f04cfb01f05efb01f070fb01f082fbee
:0412b40000bf80bd3a
:020000040000fa
:020000040044b6
:1012b80080b500af054b1b78002b03d004490020f4
:1012c800edf734ff0023184680bd00bfb0744520f9
:0412d80030d54300ca
:020000040000fa
:020000040044b6
:1012dc0080b582b000aff5f7a7f800237b60044b14
:1012ec001b683b603b6818460837bd4680bd00bf95
:0412fc00886b452096
:020000040000fa
:020000040044b6
:1013000080b584b000af786007f108031846fbf79a
:10131000cbfff860bb681946f868f3f76ff8e1f7a0
:04132000ebfaf1e70c
:020000040000fa
:020000040044b6
:1013240080b485b000af78607b685b89053b10337f
:101334007a681344fb60fb6818461437bd465df8b1
:04134400047b70476f
:020000040000fa
:020000040044b6
:1013480080b582b000af78603960054a396878683e
:10135800fdf70cfa034618460837bd4680bd00bfa6
:04136800682f4400a6
:020000040000fa
:020000040044b6
:10136c0080b582b000af78600b467b807b881946d5
:10137c007868f0f75efc0346db439bb218460837ef
:04138c00bd4680bd1d
:020000040000fa
:020000040044b6
:1013900080b483b000af0346fb80054b1a68fb881e
:1013a000134418460c37bd465df8047b704700bff8
:0413b000186c452050
:020000040000fa
:020000040044b6
:1013b40080b483b000af7860054b1b687a68d31a99
:1013c4009bb218460c37bd465df8047b704700bfde
:0413d400186c45202c
:020000040000fa
:020000040044b6
:1013d80080b582b000af78600b467b80b7f90230e9
:1013e800012219467868fcf7bffe034618460837fd
:0413f800bd4680bdb1
:020000040000fa
:020000040044b6
:1013fc0080b483b000af786039607b68002b03d079
:10140c007b683a68c3f8842000bf0c37bd465df892
:04141c00047b704796
:020000040000fa
:020000040044b6
:1014200080b483b000af786039607b68002b03d054
:101430007b683a68c3f8902000bf0c37bd465df862
:04144000047b704772
:020000040000fa
:020000040044b6
:1014440080b483b000af78607b685b689b7b012bc2
:1014540001d0012300e0002318460c37bd465df897
:04146400047b70474e
:020000040000fa
:020000040044b6
:10146800000000000d6c4300c12c440023274400f9
:101478006d104200c9cb4200bd22430000000000ad
:041488000000000060
:020000040000fa
:020000040044b6
:10148c0080b400af064b9b78dbb2002b14bf01235a
:10149c000023dbb21846bd465df8047b704700bfe5
:0414ac008c664520e5
:020000040000fa
:020000040044b6
:1014b000c9b262b10346024401e0934205d0184626
:1014c00013f801cb8c45f8d17047002070471046c7
:0414d000fae700bf78
:020000040000fa
:020000040044b6
:1014d4000fb407b5064b04aa1b6852f8041b18681e
:1014e400019200f0b3fd03b05df804eb04b0704763
:0414f4000c73452010
:020000040000fa
:020000040044b6
:1014f80055736167653a20657870616e6465725fdf
:101508007772697465203c76616c3e0030782530ce
:0315180032580046
:020000040000fa
:020000040044b6
:10151c006373705f636c6f636b5f7365745f746927
:10152c006d652829206e6f7420737570706f7274de
:03153c00656400e3
:020000040000fa
:020000040044b6
:1015400080b584b000aff860b9607a607a68b96835
:10155000f868fcf76ff90346dbb218461037bd4652
:0215600080bd4c
:020000040000fa
:020000040044b6
:1015620080b582b000af78607b6804331846faf722
:10157200ccfb034683f00103dbb218460837bd46b5
:0215820080bd2a
:020000040000fa
:020000040044b6
:1015840080b483b000af78607b6800225a807b68a7
:101594005a887b681a8000bf0c37bd465df8047b0f
:0215a40070478e
:020000040000fa
:020000040044b6
:1015a60080b584b000afb9607a603b600346fb73d8
:1015b6003a687968b86801f026f800bf1037bd466a
:0215c60080bde6
:020000040000fa
:020000040044b6
:1015c80080b584b000aff860c7e90023d7e90023ed
:1015d8000021f868eaf7e6fd034618461037bd46cd
:0215e80080bdc4
:020000040000fa
:020000040044b6
:1015ea0080b584b000aff860b9607a6000237a6889
:1015fa00b968f868e4f74cfa034618461037bd464e
:02160a0080bda1
:020000040000fa
:020000040044b6
:10160c0080b582b000af78600b46fb70fb7801228e
:10161c0019467868e6f74efe034618460837bd466d
:02162c0080bd7f
:020000040000fa
:020000040044b6
:10162e0080b483b000af786039607b68002b02d045
:10163e007b683a689a6100bf0c37bd465df8047b43
:02164e007047e3
:020000040000fa
:020000040044b6
:1016500080b582b000af78600b46fb70fb7800224b
:1016600019467868e8f712fa034618460837bd4667
:0216700080bd3b
:020000040000fa
:020000040044b6
:1016720080b483b000af786039607b68002b02d001
:101682007b683a681a6100bf0c37bd465df8047b7f
:0216920070479f
:020000040000fa
:020000040044b6
:1016940080b582b000af78607868eff72dfc034620
:1016a400002b02d17868fef74bfe00bf0837bd4619
:0216b40080bdf7
:020000040000fa
:020000040044b6
:1016b600f0b500244f1ea24209d0651c035d7e5d75
:1016c600b34202d00a5d981af0bd2c46f3e700201b
:0216d600fae731
:020000040000fa
:020000040044b6
:1016d80070b50e46054600f0a1ff334604460246a3
:1016e80001212846fff70afd001b18bf4ff0ff3005
:0216f80070bdc3
:020000040000fa
:020000040044b6
:1016fc004445425547404d43553a7e202420000036
:10170c00555342404d43553a7e20242000000000a2
:01171c0000cc
:020000040000fa
:020000040044b6
:10172000050f2100011c100500df60ddd88945c7c9
:101730004c9cd2659d9e648a9f00000306b2000106
:0117400000a8
:020000040000fa
:020000040044b6
:1017440080b400af054b40f601129a63034b20228c
:101754001a6000bfbd465df8047b704700060e406a
:020000040000fa
:020000040044b6
:1017640080b400af054bd3f8c430dbb203f03f03c1
:10177400dbb21846bd465df8047b70470040034069
:020000040000fa
:020000040044b6
:1017840080b582b000af78603960002300223968e8
:101794007868e7f70dfb034618460837bd4680bd59
:020000040000fa
:020000040044b6
:1017a40080b582b000af786039603b687a68002108
:1017b4000020e7f7fdfa034618460837bd4680bd0a
:020000040000fa
:020000040044b6
:1017c40080b483b000af0346fb80044afb885361b6
:1017d40000bf0c37bd465df8047b704700c0004075
:020000040000fa
:020000040044b6
:1017e40080b483b000af0346fb80044afb88936156
:1017f40000bf0c37bd465df8047b704700c0004055
:020000040000fa
:020000040044b6
:1018040080b483b000af0346fb80044afb88536175
:1018140000bf0c37bd465df8047b704700000140f3
:020000040000fa
:020000040044b6
:1018240080b483b000af0346fb80044afb88536155
:1018340000bf0c37bd465df8047b70470040014093
:020000040000fa
:020000040044b6
:1018440080b483b000af0346fb80044afb889361f5
:1018540000bf0c37bd465df8047b70470040014073
:020000040000fa
:020000040044b6
:1018640080b483b000af0346fb80044afb88536511
:1018740000bf0c37bd465df8047b70470040014053
:020000040000fa
:020000040044b6
:1018840080b584b000aff860b9607a607a68b968ee
:10189400f868e2f729ff034618461037bd4680bdb5
:020000040000fa
:020000040044b6
:1018a40080b483b000af7860044a7b68136000bfe3
:1018b4000c37bd465df8047b704700bf0c6b4520b8
:020000040000fa
:020000040044b6
:1018c40080b483b000af7860044a7b68136000bfc3
:1018d4000c37bd465df8047b704700bf346b452070
:020000040000fa
:020000040044b6
:1018e40080b582b000af78607b68002b04d02422de
:1018f4000021786801f0e0f800bf0837bd4680bddc
:020000040000fa
:020000040044b6
:1019040080b582b000afc7e90001d7e90001e4f770
:1019140039fa02460b46104619460837bd4680bdc3
:020000040000fa
:020000040044b6
:1019240080b582b000af87ed010a97ed010afff799
:101934009ef8f0ee407ab0ee670a0837bd4680bde7
:020000040000fa
:020000040044b6
:1019440080b582b000af87ed000b97ed000bfdf77b
:10195400b9fcb0ee407bb0ee470b0837bd4680bd06
:020000040000fa
:020000040044b6
:1019640080b582b000afc7e90001d7e90001e4f710
:1019740009fa02460b46104619460837bd4680bd93
:020000040000fa
:020000040044b6
:1019840080b582b000afc7e90001d7e90001fff7d5
:10199400b7ff02460b46104619460837bd4680bdc0
:020000040000fa
:020000040044b6
:1019a40080b584b000af78607b681b684ff0ff316e
:1019b4001846f6f7dffff86000bf1037bd4680bd5c
:020000040000fa
:020000040044b6
:1019c40080b483b000af054b1b687b607b6818460e
:1019d4000c37bd465df8047b704700bf886b45201b
:020000040000fa
:020000040044b6
:1019e40080b483b000af054b1b687b607b681846ee
:1019f4000c37bd465df8047b704700bf746b45200f
:020000040000fa
:020000040044b6
:101a040080b483b000af78607b6800221a607b6882
:101a140000225a6000bf0c37bd465df8047b704756
:020000040000fa
:020000040044b6
:101a240080b584b000aff860b9607a607a68b9684c
:101a3400f868e6f705fb034618461037bd4680bd37
:020000040000fa
:020000040044b6
:101a440080b483b000af7860044a7b68136000bf41
:101a54000c37bd465df8047b704700bfc46b45205e
:020000040000fa
:020000040044b6
:101a640080b483b000af7860044a7b68136000bf21
:101a74000c37bd465df8047b704700bfc86b45203a
:020000040000fa
:020000040044b6
:101a840080b483b000af786039607a683b68d31a59
:101a9400db0fdbb218460c37bd465df8047b70479c
:020000040000fa
:020000040044b6
:101aa40080b483b000af7860044a7b68136000bfe1
:101ab4000c37bd465df8047b704700bff46b4520ce
:020000040000fa
:020000040044b6
:101ac40080b582b000af78600b46fb70fb781a4695
:101ad40003217868edf716f900bf0837bd4680bdcd
:020000040000fa
:020000040044b6
:101ae40080b582b000af78600b46fb70fb781a4675
:101af4000b217868edf706f900bf0837bd4680bdb5
:020000040000fa
:020000040044b6
:101b040080b483b000af7860044a7b68136000bf80
:101b14000c37bd465df8047b704700bf586c452008
:020000040000fa
:020000040044b6
:101b240080b584b000aff860b9601346fb71b86843
:101b340000f00afd6ff00c0318461037bd4680bd57
:020000040000fa
:020000040044b6
:101b440080b400af054b1b7843f01003dab2034bab
:101b54001a7000bfbd465df8047b70477e6a45205d
:020000040000fa
:020000040044b6
:101b640080b582b000af0346fb71044afb79537120
:101b7400faf722f800bf0837bd4680bd0467452048
:020000040000fa
:020000040044b6
:101b840080b400af054b1b79002b14bf0123002345
:101b9400dbb21846bd465df8047b70478c66452071
:020000040000fa
:020000040044b6
:101ba40080b400af054b1b78ff2b14bf0123002327
:101bb400dbb21846bd465df8047b7047cb6c45200c
:020000040000fa
:020000040044b6
:101bc40080b483b000af7860044a7b68136100bfbf
:101bd4000c37bd465df8047b704700bfd4694520cf
:020000040000fa
:020000040044b6
:101be4000a00000064000000e80300001027000061
:101bf400a086010040420f008096980000e1f505a0
:020000040000fa
:020000040044b6
:101c040010b50446006801f0c6f90028a1bf636856
:101c140023f0080363600020b8bf4ff0ff3010bd0d
:020000040000fa
:020000040044b6
:101c240080b582b000af78607868f3f798f903461e
:0e1c34001846f7f72dfc00bf0837bd4680bdef
:020000040000fa
:020000040044b6
:101c420080b582b000af7860396000223968786868
:0e1c5200e9f7bff9034618460837bd4680bdc6
:020000040000fa
:020000040044b6
:101c600080b584b000aff860b9607a607968f868d0
:0e1c7000faf708fe034618461037bd4680bd41
:020000040000fa
:020000040044b6
:101c7e0080b584b000aff860b9607a607968f868b2
:0e1c8e00e3f747fb034618461037bd4680bdfe
:020000040000fa
:020000040044b6
:101c9c0080b584b000aff860b9607a607968f86894
:0e1cac00eef7b3f8034618461037bd4680bd6c
:020000040000fa
:020000040044b6
:101cba0080b584b000aff860b9607a607968f86876
:0e1cca00fbf7befc034618461037bd4680bd32
:020000040000fa
:020000040044b6
:101cd8000100170800f8ff10000000140544000078
:0e1ce8000000000000000000000000000000ee
:020000040000fa
:020000040044b6
:101cf8000100170800f8ff10000000140544000058
:0e1d08000000000000000000000000000000cd
:020000040000fa
:020000040044b6
:101d160080b483b000af78607b685b68c3f38533bb
:0e1d2600dbb218460c37bd465df8047b7047f3
:020000040000fa
:020000040044b6
:101d340080b483b000af78607b685b79c3f305033c
:0e1d4400dbb218460c37bd465df8047b7047d5
:020000040000fa
:020000040044b6
:101d520080b483b000af78607b68db79c3f344035f
:0e1d6200dbb218460c37bd465df8047b7047b7
:020000040000fa
:020000040044b6
:101d700080b582b000af7860396000223968786839
:0e1d8000f0f7cafd034618460837bd4680bd81
:020000040000fa
:020000040044b6
:101d8e0080b582b000af0346fb71fb791846edf7c4
:0e1d9e0020f800f004fc00bf0837bd4680bdf1
:020000040000fa
:020000040044b6
:101dac0080b582b000af03463960fb71fb791846f1
:0e1dbc00f5f72afa012318460837bd4680bd08
:020000040000fa
:020000040044b6
:101dca0010b50023934206d113f0030018bf012077
:0e1dda0000eb930010bdc45ccc540133f2e763
:020000040000fa
:020000040044b6
:101de80080b582b000af78607b6804331846f9f795
:0c1df80089ff002318460837bd4680bd57
:020000040000fa
:020000040044b6
:101e040080b400af034b044a1a6000bfbd465df8be
:0c1e1400047b7047000c0e400005000429
:020000040000fa
:020000040044b6
:101e200080b485b000aff860b9607a604ff0ff33de
:0c1e300018461437bd465df8047b70476f
:020000040000fa
:020000040044b6
:101e3c0080b400af044b0522c3f8802000bfbd4620
:0c1e4c005df8047b704700bf00c0004040
:020000040000fa
:020000040044b6
:101e580080b400af044bd3f89c309bb21846bd4603
:0c1e68005df8047b704700bf00c0004024
:020000040000fa
:020000040044b6
:101e740080b582b000af0346fb80fb881846fef7ae
:0c1e840055fc034618460837bd4680bddb
:020000040000fa
:020000040044b6
:101e900080b582b000af0346fb80fb881846fef792
:0c1ea00047fc034618460837bd4680bdcd
:020000040000fa
:020000040044b6
:101eac0080b582b000af0346fb80fb881846fff775
:0c1ebc00dbff034618460837bd4680bd1a
:020000040000fa
:020000040044b6
:101ec80080b582b000af7860396039687868f1f71a
:0c1ed80049f9034618460837bd4680bd96
:020000040000fa
:020000040044b6
:101ee40080b584b000af78607b681b681846f7f74c
:0c1ef40063faf86000bf1037bd4680bde7
:020000040000fa
:020000040044b6
:101f000080b400af044b1b680133034a136000bf69
:0c1f1000bd465df8047b7047ac6b4520bb
:020000040000fa
:020000040044b6
:101f1c0080b582b000af78604ff6ff717868e2f759
:0c1f2c00b3ff002318460837bd4680bdf7
:020000040000fa
:020000040044b6
:101f380080b500affff742fd0346034aa2fb032327
:0c1f48009b09184680bd00bfd34d6210fd
:020000040000fa
:020000040044b6
:101f540080b582b000af7860396079683868fff77f
:0c1f64008ffd034618460837bd4680bdbf
:020000040000fa
:020000040044b6
:101f700080b582b000af0346fb80fb881846fef7b1
:0c1f8000b3fc034618460837bd4680bd80
:020000040000fa
:020000040044b6
:101f8c0080b485b000aff860b9607a606ff00b0375
:0c1f9c0018461437bd465df8047b704702
:020000040000fa
:020000040044b6
:101fa8001c000100cc0b0000010000000400000030
:0c1fb800cc0b000001000000040006003b
:020000040000fa
:020000040044b6
:101fc40080b483b000af03463960fb711346bb7124
:0c1fd40000bf0c37bd465df8047b704771
:020000040000fa
:020000040044b6
:101fe00080b483b000af78607b6800221a70002351
:0c1ff00018460c37bd465df8047b7047b6
:020000040000fa
:020000040044b6
:101ffc0080b483b000af03460a46fb711346bb7135
:0c200c0000bf0c37bd465df8047b704738
:020000040000fa
:020000040044b6
:1020180080b500af0348f0f7a9f90246024b134414
:0c202800184680bdc074452080436d3810
:020000040000fa
:020000040044b6
:1020340080b400af044b1b680133034a136000bf34
:0c204400bd465df8047b7047ac6c452085
:020000040000fa
:020000040044b6
:1020500013b50446019201aad8f776fb636813f022
:0c206000100f18bf4ff0ff3002b010bd91
:020000040000fa
:020000040044b6
:10206c0080b582b000af78607b685b681846fbf780
:0a207c00b9fb00bf0837bd4680bd68
:020000040000fa
:020000040044b6
:1020860080b582b000af78607b685b681846fbf766
:0a2096008afb00bf0837bd4680bd7d
:020000040000fa
:020000040044b6
:1020a00080b483b000af78607b6893f8283018461e
:0a20b0000c37bd465df8047b704755
:020000040000fa
:020000040044b6
:1020ba0080b485b000af78607b68fb60fb68184627
:0a20ca001437bd465df8047b704733
:020000040000fa
:020000040044b6
:1020d40080b582b000af786001217868fbf74afad6
:0a20e400034618460837bd4680bdcc
:020000040000fa
:020000040044b6
:1020ee0080b582b000af786001217868fbf760faa6
:0a20fe00034618460837bd4680bdb2
:020000040000fa
:020000040044b6
:1021080080b483b000af78607b6800221a6100bf9a
:0a2118000c37bd465df8047b7047ec
:020000040000fa
:020000040044b6
:1021220080b582b000af786001217868ebf77dfc62
:0a213200034618460837bd4680bd7d
:020000040000fa
:020000040044b6
:10213c000cb407b504ab53f8042b0193f8f74cfa25
:0a214c0003b05df804eb02b0704729
:020000040000fa
:020000040044b6
:102156000eb403b503aa52f8041b019200f0adfebb
:0a21660002b05df804eb03b070470f
:020000040000fa
:020000040044b6
:10217000000102030408070605090a0b0c100f0ee4
:092180000d1112131418171615a5
:020000040000fa
:020000040044b6
:10218c0000000000000e0e4000100e4000120e4029
:08219c0000140e4000160e4075
:020000040000fa
:020000040044b6
:1021a40080b400af034b05221a6000bfbd465df842
:0821b400047b70470040054068
:020000040000fa
:020000040044b6
:1021bc0080b400af034b05221a6000bfbd465df82a
:0821cc00047b704700c00040d5
:020000040000fa
:020000040044b6
:1021d40080b400af034bdb699bb21846bd465df883
:0821e400047b704700c00040bd
:020000040000fa
:020000040044b6
:1021ec0080b400af034b05221a6000bfbd465df8fa
:0821fc00047b70470000014064
:020000040000fa
:020000040044b6
:1022040080b400af034bdb699bb21846bd465df852
:08221400047b7047000001404b
:020000040000fa
:020000040044b6
:10221c0080b400af034b05221a6000bfbd465df8c9
:08222c00047b704700400140f3
:020000040000fa
:020000040044b6
:1022340080b400af034bdb699bb21846bd465df822
:08224400047b704700400140db
:020000040000fa
:020000040044b6
:10224c0080b400af034b05221a6400bfbd465df895
:08225c00047b704700400140c3
:020000040000fa
:020000040044b6
:1022640080b400af034bdb6d9bb21846bd465df8ee
:08227400047b704700400140ab
:020000040000fa
:020000040044b6
:10227c0080b500af0348fff70ffbf8f7abfb00bfcf
:08228c0080bd00bfddf242003d
:020000040000fa
:020000040044b6
:1022940080b400af034b1b681846bd465df8047b51
:0822a400704700bf286b4520c4
:020000040000fa
:020000040044b6
:1022ac0080b400af034b1b681846bd465df8047b39
:0822bc00704700bf2c6b4520a8
:020000040000fa
:020000040044b6
:1022c40080b400af034b1b681846bd465df8047b21
:0822d400704700bf306b45208c
:020000040000fa
:020000040044b6
:1022dc0080b582b000af78607868fdf7edfb0346ff
:0822ec0018460837bd4680bd0d
:020000040000fa
:020000040044b6
:1022f40080b582b000af78607868fdf7e1fb0346f3
:0823040018460837bd4680bdf4
:020000040000fa
:020000040044b6
:10230c0080b582b000af78607868fff7e1ff0346d4
:08231c0018460837bd4680bddc
:020000040000fa
:020000040044b6
:1023240080b400af034b1b7a1846bd465df8047bae
:08233400704700bf0074452052
:020000040000fa
:020000040044b6
:10233c0080b400af034b1b7a1846bd465df8047b96
:08234c00704700bfa07345209b
:020000040000fa
:020000040044b6
:1023540080b400af034b1b7a1846bd465df8047b7e
:08236400704700bfac73452077
:020000040000fa
:020000040044b6
:10236c0080b400af034b1b7a1846bd465df8047b66
:08237c00704700bfb873452053
:020000040000fa
:020000040044b6
:1023840080b400af034b1b7a1846bd465df8047b4e
:08239400704700bfc47345202f
:020000040000fa
:020000040044b6
:10239c0080b400af034b1b7a1846bd465df8047b36
:0823ac00704700bfd07345200b
:020000040000fa
:020000040044b6
:1023b40080b400af034b1b7a1846bd465df8047b1e
:0823c400704700bfdc734520e7
:020000040000fa
:020000040044b6
:1023cc0080b400af034b1b7a1846bd465df8047b06
:0823dc00704700bfe8734520c3
:020000040000fa
:020000040044b6
:1023e40080b582b000af78607868e1f713fb0346ec
:0823f40018460837bd4680bd04
:020000040000fa
:020000040044b6
:1023fc00dff80c00016841f47001016070470000c7
:08240c0088ed00e000bf00bff5
:020000040000fa
:020000040044b6
:1024140080b400af034b1b681846bd465df8047bcf
:08242400704700bf646b452006
:020000040000fa
:020000040044b6
:10242c0080b400af034b1b681846bd465df8047bb7
:08243c00704700bf846b4520ce
:020000040000fa
:020000040044b6
:1024440080b400af034b01221a6000bfbd465df8a3
:08245400047b7047986b4520e2
:020000040000fa
:020000040044b6
:10245c0080b582b000af78607868e7f781fe0346fc
:08246c0018460837bd4680bd8b
:020000040000fa
:020000040044b6
:1024740080b582b000af78607868fcf799f80346bd
:0824840018460837bd4680bd73
:020000040000fa
:020000040044b6
:10248c0080b500af034b1b681846fff7edff034602
:08249c00184680bde06b4520ed
:020000040000fa
:020000040044b6
:1024a40080b400af034b1b8b10331846bd465df858
:0824b400047b70479c68452081
:020000040000fa
:020000040044b6
:1024bc0080b400af034b1b8b1846bd465df8047b04
:0824cc00704700bf9c68452029
:020000040000fa
:020000040044b6
:1024d40080b582b000af78607868fdf723fb0346cf
:0824e40018460837bd4680bd13
:020000040000fa
:020000040044b6
:1024ec006373705f7366705f73656e645f6f776e36
:0824fc005f6d656d63707900ee
:020000040000fa
:020000040044b6
:1025040080b582b000af786079680620fcf7f2ffee
:0825140000bf0837bd4680bd81
:020000040000fa
:020000040044b6
:10251c0080b582b000af786079680220fcf7e6ffe6
:08252c0000bf0837bd4680bd69
:020000040000fa
:020000040044b6
:1025340080b582b000af786079680320fcf7daffd9
:0825440000bf0837bd4680bd51
:020000040000fa
:020000040044b6
:10254c0080b582b000af786001217868e5f7aaf910
:08255c0000bf0837bd4680bd39
:020000040000fa
:020000040044b6
:10256400fa00000099094400e8030000c1b34300e5
:08257400e8030000956b420032
:020000040000fa
:020000040044b6
:10257c0080b483b000af0346fb71002318460c37c0
:08258c00bd465df8047b7047b9
:020000040000fa
:020000040044b6
:1025940080b400af034b5b791846bd465df8047bfd
:0825a400704700bf8c66452062
:020000040000fa
:020000040044b6
:1025ac0080b500af14220021024800f081fa00bf70
:0825bc0080bd00bfd469452079
:020000040000fa
:020000040044b6
:1025c40080b582b000af0346fb712220fcf78efc7d
:0825d40000bf0837bd4680bdc1
:020000040000fa
:020000040044b6
:1025dc0080b582b000af0346fb712220faf736ffbc
:0825ec0000bf0837bd4680bda9
:020000040000fa
:020000040044b6
:1025f40080b400af034b1b681846bd465df8047bee
:08260400704700bfac6c4520db
:020000040000fa
:020000040044b6
:10260c004ab1431e84460a4411f8010b03f8010f2a
:08261c009142f9d160467047bc
:020000040000fa
:020000040044b6
:1026240003783bb1034600bf13f8012f002afbd106
:08263400181a704718467047a0
:020000040000fa
:020000040044b6
:10263c00034b044a1868504301301860400c704733
:08264c00b86c45202d7f954c70
:020000040000fa
:020000040044b6
:10265400d0e90f2310b59c1a0165446511b18c4271
:08266400c8bf5318c36410bd88
:020000040000fa
:020000040044b6
:10266c0010b4c46a1cb123465df8044b18470068cb
:08267c005df8044bfff7cebb33
:020000040000fa
:020000040044b6
:1026840010b50446fef7b6fc28b9a368e268c4e9ad
:0826940005331344a36210bddd
:020000040000fa
:020000040044b6
:10269c0049444c45000000000925630925750925ae
:0726ac00750925750d0a00f8
:020000040000fa
:020000040044b6
:1026b40080b582b000af78607868f6f7e9fe00bfb5
:0626c4000837bd4680bd91
:020000040000fa
:020000040044b6
:1026ca0080b582b000af78607868f6f7c0f900bfcd
:0626da000837bd4680bd7b
:020000040000fa
:020000040044b6
:1026e00080b500affff7a2fe024613469b001344dd
:0626f000db00184680bd6e
:020000040000fa
:020000040044b6
:1026f60080b483b000af7860396000bf0c37bd4648
:062706005df8047b704742
:020000040000fa
:020000040044b6
:10270c0080b483b000af7860002318460c37bd4608
:06271c005df8047b70472c
:020000040000fa
:020000040044b6
:1027220080b582b000af0346fb71f4f76efa00bfca
:062732000837bd4680bd22
:020000040000fa
:020000040044b6
:1027380080b483b000af0346fb7100bf0c37bd46c1
:062748005df8047b704700
:020000040000fa
:020000040044b6
:10274e0080b483b000af0346fb7100bf0c37bd46ab
:06275e005df8047b7047ea
:020000040000fa
:020000040044b6
:1027640010b50023c25ccc5ca24202d10133002a22
:06277400f8d1101b10bd9e
:020000040000fa
:020000040044b6
:10277a0038b50a460c4600210546fef794fe00b11c
:06278a00441b204638bd8f
:020000040000fa
:020000040044b6
:1027900068076c094c836a9074a07ac000806888ce
:0627a00000846c82008140
:020000040000fa
:020000040044b6
:1027a80055415254325f525800000000554152546e
:0527b800325f545800df
:020000040000fa
:020000040044b6
:1027c000576169743a20257000000000506f7374df
:0527d0003a2025700015
:020000040000fa
:020000040044b6
:1027d800002f440000050000020000000000000077
:0427e80000000000ed
:020000040000fa
:020000040044b6
:1027ec003c754200000400000200000000000000e4
:0427fc0000000000d9
:020000040000fa
:020000040044b6
:10280000e45542000020000002000000000000002b
:0428100000000000c4
:020000040000fa
:020000040044b6
:10281400302d440000100000020000000000000001
:0428240000000000b0
:020000040000fa
:020000040044b6
:10282800f0fb430000010000010000000000000070
:04283800000000009c
:020000040000fa
:020000040044b6
:10283c00ec624100000200000100000000000000fa
:04284c000000000088
:020000040000fa
:020000040044b6
:10285000e42e440000010000010000000000000020
:042860000000000074
:020000040000fa
:020000040044b6
:1028640080b400af024b1846bd465df8047b704748
:04287400fc304100f3
:020000040000fa
:020000040044b6
:1028780080b500af0248faf795ff00bf80bd00bfe2
:042888000074452073
:020000040000fa
:020000040044b6
:10288c0080b500af0248faf7adff00bf80bd00bfb6
:04289c00007445205f
:020000040000fa
:020000040044b6
:1028a00080b500af0248f7f7cdfb00bf80bd00bf89
:0428b000f473452058
:020000040000fa
:020000040044b6
:1028b40080b500af0248faf777ff00bf80bd00bfc4
:0428c400a073452098
:020000040000fa
:020000040044b6
:1028c80080b500af0248faf78fff00bf80bd00bf98
:0428d800a073452084
:020000040000fa
:020000040044b6
:1028dc0080b500af0248faf763ff00bf80bd00bfb0
:0428ec00ac73452064
:020000040000fa
:020000040044b6
:1028f00080b500af0248faf77bff00bf80bd00bf84
:04290000ac7345204f
:020000040000fa
:020000040044b6
:1029040080b500af0248faf74fff00bf80bd00bf9b
:04291400b87345202f
:020000040000fa
:020000040044b6
:1029180080b500af0248faf767ff00bf80bd00bf6f
:04292800b87345201b
:020000040000fa
:020000040044b6
:10292c0080b500af0248faf73bff00bf80bd00bf87
:04293c00c4734520fb
:020000040000fa
:020000040044b6
:1029400080b500af0248faf753ff00bf80bd00bf5b
:04295000c4734520e7
:020000040000fa
:020000040044b6
:1029540080b500af0248faf727ff00bf80bd00bf73
:04296400d0734520c7
:020000040000fa
:020000040044b6
:1029680080b500af0248faf73fff00bf80bd00bf47
:04297800d0734520b3
:020000040000fa
:020000040044b6
:10297c0080b500af0248faf713ff00bf80bd00bf5f
:04298c00dc73452093
:020000040000fa
:020000040044b6
:1029900080b500af0248faf72bff00bf80bd00bf33
:0429a000dc7345207f
:020000040000fa
:020000040044b6
:1029a40080b500af0248faf7fffe00bf80bd00bf4c
:0429b400e87345205f
:020000040000fa
:020000040044b6
:1029b80080b500af0248faf717ff00bf80bd00bf1f
:0429c800e87345204b
:020000040000fa
:020000040044b6
:1029cc0080b400af024b1846bd465df8047b7047df
:0429dc00c86c45205e
:020000040000fa
:020000040044b6
:1029e00080b582b000af7860f8f792fc00bf08377e
:0429f000bd4680bda3
:020000040000fa
:020000040044b6
:1029f40080b400af024b1846bd465df8047b7047b7
:042a0400482b440017
:020000040000fa
:020000040044b6
:102a080080b400af024b1846bd465df8047b7047a2
:042a1800201744003f
:020000040000fa
:020000040044b6
:102a1c0080b500af00210248fbf766fe00bf80bd09
:042a2c00217e4300c4
:020000040000fa
:020000040044b6
:102a300080b582b000af7860faf77af800bf083747
:042a4000bd4680bd52
:020000040000fa
:020000040044b6
:102a440080b483b000af786000bf0c37bd465df83a
:042a5400047b704748
:020000040000fa
:020000040044b6
:102a580080b483b000af786000bf0c37bd465df826
:042a6800047b704734
:020000040000fa
:020000040044b6
:102a6c0080b500af00210248fef790f800bf80bd92
:042a7c00592a44008f
:020000040000fa
:020000040044b6
:102a800080b500af00210248fef79af800bf80bd74
:042a9000319b430033
:020000040000fa
:020000040044b6
:102a940080b500af0020f5f795f8f7f731fbf7f7ad
:042aa4006ffffee7db
:020000040000fa
:020000040044b6
:102aa8005b2b4400cb1d4400972f4400972f440014
:042ab800a5ef430043
:020000040000fa
:020000040044b6
:102abc0032b1c9b20244034603f8011b9a42fbd15e
:042acc00704700bf90
:020000040000fa
:020000040044b6
:102ad00010b50c46f7f756fd0378e4b2a34218bfd1
:042ae000002010bd05
:020000040000fa
:020000040044b6
:102ae400034600bf11f8012b184603f8012b002af6
:042af400f8d170475e
:020000040000fa
:020000040044b6
:102af800034b1b680a4601461868fff7a5ba00bfd2
:042b08000c734520e5
:020000040000fa
:020000040044b6
:102b0c0037b54ff0ff340025cde90045f9f7c5f98d
:042b1c0003b030bd15
:020000040000fa
:020000040044b6
:102b200008b500f0f7f9024b1860586008bd00bf07
:042b3000e46a4520ee
:020000040000fa
:020000040044b6
:102b340011ee903ab0eec00b002bb8bfb1ee400bd3
:042b4400704700bf17
:020000040000fa
:020000040044b6
:102b480012010102ef020140feca20400101010208
:022b5800030177
:020000040000fa
:020000040044b6
:102b5a000a440023914201d10020704701f8013b49
:022b6a00f8e78a
:020000040000fa
:020000040044b6
:102b6c006373705f7379735f73687574646f776e7a
:012b7c000058
:020000040000fa
:020000040044b6
:102b7e0080b584b000aff860b9607a60fdf779fd7a
:020000040000fa
:020000040044b6
:102b8e0080b400af43231846bd465df8047b704702
:020000040000fa
:020000040044b6
:102b9e0080b400af00231846bd465df8047b704735
:020000040000fa
:020000040044b6
:102bae0080b582b000af78606420d7f78efafbe76d
:020000040000fa
:020000040044b6
:102bc0006373705f7366705f726563765f667000d3
:020000040000fa
:020000040044b6
:102bd00080b500af0620fcf70dff0346184680bd08
:020000040000fa
:020000040044b6
:102be000146a45201c0004002c614520286c4520f7
:020000040000fa
:020000040044b6
:102bf000206a452020000400285f45202c6c4520d9
:020000040000fa
:020000040044b6
:102c00002c6a45209c000200f4544520306c45207d
:020000040000fa
:020000040044b6
:102c1000386a45201c000100bc684520346c452002
:020000040000fa
:020000040044b6
:102c2000446a45201000100034574520386c452078
:020000040000fa
:020000040044b6
:102c3000506a452020000500e45d45203c6c45209d
:020000040000fa
:020000040044b6
:102c40005c6a452018000f0088534520406c4520e1
:020000040000fa
:020000040044b6
:102c5000686a452010000800ac5f4520446c4520a0
:020000040000fa
:020000040044b6
:102c6000746a45201000080030604520486c4520fb
:020000040000fa
:020000040044b6
:102c7000806a4520100003003c6745204c6c4520cd
:020000040000fa
:020000040044b6
:102c80008c6a45201000100038584520506c4520b3
:020000040000fa
:020000040044b6
:102c9000986a4520fc05200020204420546c4520e3
:020000040000fa
:020000040044b6
:102ca000686c4520646c45206c6c4520706c452038
:020000040000fa
:020000040044b6
:102cb00080b500af4020e3f713fe0346184680bd01
:020000040000fa
:020000040044b6
:102cc00080b400af01231846bd465df8047b704711
:020000040000fa
:020000040044b6
:102cd00080b400af00231846bd465df8047b704702
:020000040000fa
:020000040044b6
:102ce00008b5fff71dffe2f7dcfbe2f7dafb08bdf2
:020000040000fa
:020000040044b6
:0f2cf000000000000000000000000000000000d5
:020000040000fa
:020000040044b6
:0f2d00006373705f7379735f7265626f6f7400d6
:020000040000fa
:020000040044b6
:0f2d10006373705f727461626c655f73657400ea
:020000040000fa
:020000040044b6
:0f2d2000756e61636b656400756e73656e74002c
:020000040000fa
:020000040044b6
:0e2d30005553425f5461736b000000000102b6
:020000040000fa
:020000040044b6
:0e2d3e0080b400af00bfbd465df8047b704757
:020000040000fa
:020000040044b6
:0e2d4c0080b400af00bfbd465df8047b704749
:020000040000fa
:020000040044b6
:0e2d5a0080b500af0020e4f702fd00bf80bd91
:020000040000fa
:020000040044b6
:0e2d680080b400af00bfbd465df8047b70472d
:020000040000fa
:020000040044b6
:0e2d760080b500affef723fe0346184680bd71
:020000040000fa
:020000040044b6
:0e2d840080b500aff6f7ccfd0123184680bde8
:020000040000fa
:020000040044b6
:0e2d920080b500affff73dfb0346184680bd3d
:020000040000fa
:020000040044b6
:0e2da00080b500affef70efe0346184680bd5c
:020000040000fa
:020000040044b6
:0e2dae0080b500affef793fa0346184680bdcd
:020000040000fa
:020000040044b6
:0e2dbc0080b400af00bfbd465df8047b7047d9
:020000040000fa
:020000040044b6
:0e2dca0080b400af00bfbd465df8047b7047cb
:020000040000fa
:020000040044b6
:0e2dd80080b400af00bfbd465df8047b7047bd
:020000040000fa
:020000040044b6
:0e2de60080b400af00bfbd465df8047b7047af
:020000040000fa
:020000040044b6
:0e2df40080b400af00bfbd465df8047b7047a1
:020000040000fa
:020000040044b6
:0e2e020080b400af00bfbd465df8047b704792
:020000040000fa
:020000040044b6
:0e2e100080b400af00bfbd465df8047b704784
:020000040000fa
:020000040044b6
:0e2e1e0080b500af0020dbf78cf800bf80bd50
:020000040000fa
:020000040044b6
:0e2e2c00a0f14103192b98bf40f02000704721
:020000040000fa
:020000040044b6
:0e2e3a00a0f16103192b98bf00f05f007047f4
:020000040000fa
:020000040044b6
:0d2e4800000000002000000025732573002d
:020000040000fa
:020000040044b6
:0d2e5800546d722053766300546d7251006a
:020000040000fa
:020000040044b6
:0d2e68000102030405060707070707070717
:020000040000fa
:020000040044b6
:0c2e78000080014000c001400000064046
:020000040000fa
:020000040044b6
:0c2e8400000000000080004000800540bd
:020000040000fa
:020000040044b6
:0c2e90001f1c1f1e1f1e1f1f1e1f1e1fc9
:020000040000fa
:020000040044b6
:0c2e9c0010b50446fff720fe204610bdd4
:020000040000fa
:020000040044b6
:0c2ea80010b50446fbf782fd204610bd6b
:020000040000fa
:020000040044b6
:0c2eb400014b013818607047b86c4520d5
:020000040000fa
:020000040044b6
:0c2ec00013460a466ff00041f7f78cbb88
:020000040000fa
:020000040044b6
:0b2ecc005f757362645f7164656600ef
:020000040000fa
:020000040044b6
:0a2ed800f4080000f2080000f00406
:020000040000fa
:020000040044b6
:092ee4004c6f675f5461736b00d1
:020000040000fa
:020000040044b6
:092ef0001b5b25753b25756d0087
:020000040000fa
:020000040044b6
:082efc0000000000434c4900f6
:020000040000fa
:020000040044b6
:082f040080b500affdf754fc9d
:020000040000fa
:020000040044b6
:082f0c0008b5fbf72cfe08bd1f
:020000040000fa
:020000040044b6
:082f14000048704724714520bc
:020000040000fa
:020000040044b6
:082f1c0008b5f8f7a1fe08bd9d
:020000040000fa
:020000040044b6
:082f2400b0eec00b704700bfc6
:020000040000fa
:020000040044b6
:082f2c0008b5def787fb08bdc4
:020000040000fa
:020000040044b6
:072f340003060c1830607861
:020000040000fa
:020000040044b6
:072f3c00000000004000004e
:020000040000fa
:020000040044b6
:062f440080b400affee7bf
:020000040000fa
:020000040044b6
:062f4a0080b400affee7b9
:020000040000fa
:020000040044b6
:062f500080b400affee7b3
:020000040000fa
:020000040044b6
:062f560080b400affee7ad
:020000040000fa
:020000040044b6
:062f5c0080b400affee7a7
:020000040000fa
:020000040044b6
:062f620080b400affee7a1
:020000040000fa
:020000040044b6
:062f6800ffffffffffff69
:020000040000fa
:020000040044b6
:062f70000000000000005b
:020000040000fa
:020000040044b6
:062f7600002100f000b88c
:020000040000fa
:020000040044b6
:062f7c000122faf7cdbfaf
:020000040000fa
:020000040044b6
:062f82000068fef74cbfe1
:020000040000fa
:020000040044b6
:062f88004ff0ff3070471e
:020000040000fa
:020000040044b6
:052f90004c4f4f500002
:020000040000fa
:020000040044b6
:042f96000020704760
:020000040000fa
:020000040044b6
:042f9a00002070475c
:020000040000fa
:020000040044b6
:042fa000704700bfb7
:020000040000fa
:020000040044b6
:022fa4000d001e
:020000040000fa
:020000040044b6
:022fa80009041a
:020000040000fa
:02000004d0002a
:0400000002000000fa
:00000001FF
